popularidad_real,popularidad_predicha,residuo
50,46.3,3.700000000000003
11,16.52,-5.52
0,26.30333333333333,-26.30333333333333
0,0.03536837838416847,-0.03536837838416847
57,32.85123809523809,24.148761904761912
38,37.96,0.03999999999999915
21,24.67,-3.6700000000000017
54,31.193,22.807
29,30.625,-1.625
48,45.05,2.950000000000003
0,0.0,0.0
0,10.01,-10.01
28,36.2675,-8.267499999999998
50,45.4,4.600000000000001
60,47.87333333333333,12.126666666666672
41,38.25,2.75
39,37.23,1.7700000000000031
22,25.728,-3.7280000000000015
77,49.2025,27.7975
0,6.25,-6.25
61,58.4875,2.512500000000003
3,1.1285357142857142,1.8714642857142858
17,31.245,-14.245000000000001
13,26.0,-13.0
7,10.58,-3.58
19,34.512375,-15.512374999999999
33,34.150000000000006,-1.1500000000000057
3,45.278166666666664,-42.278166666666664
22,33.84,-11.840000000000003
0,0.8468581274246907,-0.8468581274246907
46,37.27,8.729999999999997
74,71.475,2.5250000000000057
45,44.75333333333333,0.2466666666666697
50,45.14,4.859999999999999
48,46.7,1.2999999999999972
39,44.45,-5.450000000000003
55,31.55,23.45
4,3.6109079943300086,0.38909200566999136
13,50.51333333333333,-37.51333333333333
30,33.20904761904762,-3.2090476190476167
33,36.185,-3.1850000000000023
25,36.815083333333334,-11.815083333333334
71,56.79,14.21
18,24.7075,-6.7075
46,31.48957142857143,14.51042857142857
67,55.44666666666666,11.553333333333342
85,71.44,13.560000000000002
24,29.13,-5.129999999999999
19,27.888333333333335,-8.888333333333335
44,43.14833333333334,0.8516666666666595
27,40.66087254901961,-13.660872549019608
0,0.0,0.0
36,36.85,-0.8500000000000014
29,44.977738095238095,-15.977738095238095
41,33.266666666666666,7.733333333333334
43,48.71166666666667,-5.711666666666673
66,40.80666666666667,25.193333333333328
41,37.438508771929826,3.5614912280701745
67,37.426656565656565,29.573343434343435
54,35.4275,18.572499999999998
53,42.265,10.735
47,27.43,19.57
2,1.6321304528804523,0.36786954711954767
57,51.35033333333333,5.649666666666668
0,0.0,0.0
56,43.64848484848485,12.351515151515152
57,41.10060455486542,15.89939544513458
58,41.17290909090909,16.827090909090913
5,4.240317313194788,0.7596826868052116
58,39.3625,18.637500000000003
1,1.0228270895770892,-0.022827089577089232
45,43.3,1.7000000000000028
56,32.9075,23.0925
45,41.98,3.020000000000003
23,38.945,-15.945
17,21.144000000000002,-4.144000000000002
22,25.738333333333333,-3.7383333333333333
68,37.9348,30.065199999999997
27,56.06033333333334,-29.06033333333334
10,24.6,-14.600000000000001
3,0.2808135258704144,2.7191864741295855
51,35.70461538461539,15.295384615384613
26,36.96233333333333,-10.962333333333333
21,39.46,-18.46
24,29.555,-5.555
38,34.0625,3.9375
77,63.32,13.68
19,25.345,-6.344999999999999
48,46.672,1.328000000000003
58,34.98035353535354,23.019646464646463
63,49.59198412698414,13.408015873015863
58,29.78,28.22
36,34.73,1.2700000000000031
36,37.094,-1.0940000000000012
35,5.038166666666668,29.96183333333333
38,43.22,-5.219999999999999
39,34.06695652173913,4.9330434782608705
26,21.48,4.52
51,43.14285714285714,7.857142857142861
25,25.8,-0.8000000000000007
21,33.472779220779216,-12.472779220779216
1,7.09,-6.09
55,35.99,19.009999999999998
34,39.126083333333334,-5.126083333333334
45,44.73,0.2700000000000031
0,17.615,-17.615
51,20.47,30.53
47,36.07,10.93
8,25.95,-17.95
28,44.93166666666667,-16.931666666666672
0,0.8468581274246907,-0.8468581274246907
35,34.429545454545455,0.5704545454545453
17,18.4,-1.3999999999999986
1,7.96,-6.96
12,24.05333333333333,-12.053333333333331
51,47.36,3.6400000000000006
62,38.41666666666667,23.58333333333333
0,1.37,-1.37
49,46.76,2.240000000000002
51,39.766666666666666,11.233333333333334
45,38.85345238095238,6.146547619047617
76,37.14,38.86
16,19.983,-3.9830000000000005
0,0.0,0.0
38,37.123333333333335,0.8766666666666652
59,40.983888888888885,18.016111111111115
0,27.129,-27.129
66,61.05,4.950000000000003
22,26.54666666666667,-4.54666666666667
37,37.8475,-0.8474999999999966
12,16.52,-4.52
0,34.575,-34.575
16,23.67,-7.670000000000002
2,2.0,0.0
51,41.48466666666667,9.51533333333333
64,42.24461538461539,21.755384615384607
0,16.19,-16.19
21,28.16,-7.16
0,4.965,-4.965
1,30.782878785430263,-29.782878785430263
31,35.66992857142857,-4.669928571428571
41,40.0325,0.9675000000000011
30,27.240952380952375,2.7590476190476245
50,24.92,25.08
26,30.746862745098042,-4.746862745098042
9,15.02,-6.02
0,2.59,-2.59
29,30.936,-1.936
63,40.51,22.490000000000002
0,4.93,-4.93
48,46.388888888888886,1.6111111111111143
0,1.875,-1.875
31,25.584615384615386,5.415384615384614
64,62.15,1.8500000000000014
56,52.48,3.520000000000003
41,45.675,-4.674999999999997
71,39.140904761904764,31.859095238095236
12,25.5,-13.5
39,38.275,0.7250000000000014
21,41.76656565656565,-20.766565656565653
35,37.80761904761905,-2.807619047619049
81,65.07892857142856,15.921071428571437
46,45.66333333333334,0.3366666666666589
37,37.3725,-0.3725000000000023
58,49.32,8.68
49,27.28,21.72
31,30.04632593489374,0.9536740651062594
80,0.0,80.0
41,42.94676190476191,-1.9467619047619067
0,13.538001780898844,-13.538001780898844
82,76.458,5.542000000000002
58,55.104285714285716,2.895714285714284
73,71.355,1.644999999999996
38,40.66857142857143,-2.6685714285714326
16,38.469242424242424,-22.469242424242424
19,28.65,-9.649999999999999
70,62.16,7.840000000000003
18,23.77,-5.77
51,26.366999999999997,24.633000000000003
70,60.655249999999995,9.344750000000005
27,35.07,-8.07
45,40.847142857142856,4.152857142857144
3,2.7612267023654704,0.2387732976345296
48,34.419916666666666,13.580083333333334
12,22.37,-10.370000000000001
65,63.63,1.3699999999999974
38,31.373470588235296,6.626529411764704
22,33.134166666666665,-11.134166666666665
25,26.805,-1.8049999999999997
57,39.38092857142857,17.61907142857143
37,37.28,-0.28000000000000114
69,56.14,12.86
68,43.015,24.985
20,37.86153846153846,-17.86153846153846
49,36.79,12.21
0,0.020917194059227734,-0.020917194059227734
51,33.31,17.689999999999998
38,43.79,-5.789999999999999
1,12.06,-11.06
11,19.84133333333333,-8.841333333333331
16,20.26,-4.260000000000002
12,17.724,-5.724
37,38.81,-1.8100000000000023
18,18.44,-0.4400000000000013
31,32.58455882352941,-1.584558823529413
0,8.635,-8.635
0,1.86,-1.86
13,36.92,-23.92
57,39.39857142857143,17.60142857142857
30,29.36,0.6400000000000006
40,38.06,1.9399999999999977
77,32.355,44.645
0,22.606245202548422,-22.606245202548422
29,32.79,-3.789999999999999
72,60.30957828282829,11.69042171717171
27,43.24152380952381,-16.241523809523812
70,66.62,3.3799999999999955
42,44.7,-2.700000000000003
11,40.0775,-29.0775
0,10.45,-10.45
0,34.195151515151515,-34.195151515151515
44,35.31666666666667,8.68333333333333
26,34.42666666666667,-8.42666666666667
38,38.34166666666667,-0.34166666666666856
25,29.076,-4.0760000000000005
20,40.1975,-20.197499999999998
70,58.83,11.170000000000002
29,37.524166666666666,-8.524166666666666
0,13.823333333333334,-13.823333333333334
0,0.29,-0.29
15,25.2425,-10.2425
0,0.46,-0.46
26,36.57,-10.57
39,59.43,-20.43
17,12.950714285714284,4.049285714285716
76,75.37,0.6299999999999955
19,39.31244871794872,-20.31244871794872
66,62.47,3.530000000000001
0,0.28347220837010667,-0.28347220837010667
0,2.59,-2.59
45,21.2,23.8
52,48.16666666666667,3.8333333333333286
18,24.160427350427355,-6.160427350427355
14,29.22333333333333,-15.22333333333333
66,61.91,4.090000000000003
24,37.65166666666667,-13.65166666666667
20,32.66636904761905,-12.66636904761905
39,39.63111111111111,-0.6311111111111103
12,34.652,-22.652
40,35.97,4.030000000000001
43,41.37022222222222,1.6297777777777824
13,12.73,0.2699999999999996
59,40.260625,18.739375000000003
42,32.84,9.159999999999997
62,55.32,6.68
24,44.28,-20.28
46,36.2,9.799999999999997
1,0.8477032558514758,0.15229674414852423
17,34.03363095238096,-17.03363095238096
55,31.8475,23.1525
23,26.16,-3.16
19,41.1575,-22.1575
52,43.495,8.505000000000003
1,0.29,0.71
41,28.75,12.25
0,15.889805795511672,-15.889805795511672
51,48.660555555555554,2.339444444444446
23,28.566388888888888,-5.566388888888888
1,35.230193473193474,-34.230193473193474
66,65.3,0.7000000000000028
43,36.40571428571428,6.594285714285718
13,31.16208333333333,-18.16208333333333
34,31.216555555555555,2.783444444444445
19,31.01,-12.010000000000002
26,25.34358210588584,0.6564178941141599
77,67.72,9.280000000000001
62,45.201166666666666,16.798833333333334
0,3.58,-3.58
0,1.6411662895927603,-1.6411662895927603
36,33.43666666666667,2.5633333333333326
63,0.9775168442668444,62.022483155733156
18,21.83333333333333,-3.8333333333333286
22,23.98,-1.9800000000000004
37,38.416666666666664,-1.4166666666666643
49,26.524,22.476
46,36.832070175438595,9.167929824561405
42,42.06428571428572,-0.06428571428571672
17,45.79644444444444,-28.79644444444444
1,8.39819918231064,-7.398199182310639
20,32.601493506493505,-12.601493506493505
64,32.16031645021645,31.83968354978355
49,47.5,1.5
26,40.06666666666667,-14.06666666666667
37,38.213904761904764,-1.2139047619047645
0,23.63596481622953,-23.63596481622953
8,13.46,-5.460000000000001
0,0.0,0.0
0,1.497519403173443,-1.497519403173443
60,50.79147098515519,9.208529014844807
73,2.6923492063492063,70.3076507936508
33,42.131,-9.131
47,40.46,6.539999999999999
62,52.63,9.369999999999997
22,18.798,3.2020000000000017
43,41.916000000000004,1.083999999999996
20,20.76214285714286,-0.7621428571428588
27,38.73314285714286,-11.733142857142859
0,6.72,-6.72
42,45.605,-3.604999999999997
53,43.055,9.945
57,32.64,24.36
0,0.14257532200751954,-0.14257532200751954
24,32.89,-8.89
18,23.74,-5.739999999999998
65,35.440541125541124,29.559458874458876
17,22.02333333333333,-5.02333333333333
27,32.01576923076923,-5.01576923076923
72,69.58,2.4200000000000017
27,43.733714285714285,-16.733714285714285
52,41.07142857142857,10.92857142857143
0,0.42,-0.42
1,44.73,-43.73
48,46.388888888888886,1.6111111111111143
37,35.5,1.5
34,33.64607142857143,0.35392857142856826
15,40.14219696969697,-25.14219696969697
20,41.62416666666667,-21.624166666666667
67,52.17,14.829999999999998
24,37.36037068965518,-13.360370689655177
44,35.78333333333333,8.216666666666669
49,35.99333333333333,13.006666666666668
40,44.93166666666667,-4.931666666666672
73,64.75,8.25
76,53.37569239475883,22.62430760524117
22,22.19,-0.19000000000000128
0,12.55,-12.55
29,28.24333333333333,0.7566666666666713
55,33.25496507936508,21.74503492063492
38,32.28780303030303,5.7121969696969686
29,23.419166666666666,5.580833333333334
11,18.97,-7.969999999999999
0,30.24818181818182,-30.24818181818182
46,46.30333333333333,-0.30333333333332746
28,34.2945,-6.294499999999999
54,49.43,4.57
12,25.24125,-13.24125
30,46.245,-16.244999999999997
35,43.0975,-8.097499999999997
45,35.49,9.509999999999998
0,11.46,-11.46
85,5.181106229503537,79.81889377049646
32,20.753333333333334,11.246666666666666
37,33.875,3.125
0,44.99666666666666,-44.99666666666666
23,24.413333333333334,-1.413333333333334
84,83.35,0.6500000000000057
23,36.07833333333333,-13.078333333333333
50,48.407777777777774,1.592222222222226
63,34.79414785627169,28.205852143728308
56,32.376666666666665,23.623333333333335
45,40.81,4.189999999999998
15,36.97821212121212,-21.978212121212117
23,28.385,-5.385000000000002
24,25.575777777777777,-1.5757777777777768
57,46.03458333333334,10.965416666666663
16,20.18,-4.18
0,16.57,-16.57
48,30.166666666666664,17.833333333333336
24,32.66,-8.659999999999997
53,32.1625,20.8375
1,0.5926981906981905,0.4073018093018095
24,43.38,-19.380000000000003
50,18.37,31.63
64,45.769813008130086,18.230186991869914
67,38.72533333333334,28.27466666666666
9,40.17616666666667,-31.176166666666667
55,45.74416666666666,9.255833333333342
58,50.55,7.450000000000003
1,1.87,-0.8700000000000001
26,48.625,-22.625
0,0.22139725844653843,-0.22139725844653843
46,42.58,3.4200000000000017
50,46.6125,3.387500000000003
20,33.81,-13.810000000000002
36,28.07,7.93
62,35.105,26.895000000000003
0,0.5652675102675103,-0.5652675102675103
35,35.29642857142857,-0.2964285714285708
42,37.888666666666666,4.111333333333334
72,61.85,10.149999999999999
20,37.3,-17.299999999999997
24,34.4375,-10.4375
60,31.16,28.84
37,39.325,-2.325000000000003
46,43.28333333333333,2.7166666666666686
28,25.94,2.0599999999999987
0,23.09223819915745,-23.09223819915745
0,14.05,-14.05
29,33.12,-4.119999999999997
19,36.445,-17.445
65,35.28972311827957,29.710276881720432
0,11.16,-11.16
62,35.939166666666665,26.060833333333335
66,66.05,-0.04999999999999716
33,36.74258730158731,-3.7425873015873066
7,19.095,-12.094999999999999
40,44.57819413919414,-4.578194139194139
0,1.54,-1.54
0,0.0,0.0
71,63.0,8.0
39,37.25,1.75
72,64.66166666666666,7.338333333333338
2,42.667,-40.667
45,43.596666666666664,1.403333333333336
47,37.26166666666666,9.738333333333337
57,38.82,18.18
26,25.62,0.379999999999999
70,42.8725,27.127499999999998
33,38.05833333333334,-5.058333333333337
87,67.934,19.066000000000003
45,32.36,12.64
36,34.8,1.2000000000000028
68,66.59,1.4099999999999966
59,49.113,9.887
46,39.63,6.369999999999997
29,39.782222222222224,-10.782222222222224
43,39.656666666666666,3.3433333333333337
47,43.43,3.5700000000000003
28,45.02,-17.020000000000003
52,45.353476190476194,6.646523809523806
33,39.585,-6.585000000000001
34,28.925,5.074999999999999
0,0.44,-0.44
0,13.305,-13.305
79,70.77,8.230000000000004
32,30.8,1.1999999999999993
20,21.38,-1.379999999999999
39,36.755,2.2449999999999974
0,0.8477032558514758,-0.8477032558514758
54,36.94,17.060000000000002
64,38.31916666666667,25.680833333333332
0,0.0,0.0
28,31.53,-3.530000000000001
27,31.80896153846154,-4.8089615384615385
8,27.255952380952387,-19.255952380952387
28,29.985,-1.9849999999999994
1,0.6490950297552466,0.3509049702447534
27,32.33333333333333,-5.333333333333329
16,25.78,-9.780000000000001
29,37.298,-8.298000000000002
0,0.0,0.0
42,39.58,2.4200000000000017
44,39.7,4.299999999999997
47,44.6850382950383,2.3149617049617035
12,20.051666666666666,-8.051666666666666
50,37.59,12.409999999999997
0,28.464285714285715,-28.464285714285715
49,44.07,4.93
17,20.023333333333333,-3.0233333333333334
57,35.23,21.770000000000003
1,0.07239832455621265,0.9276016754437874
41,42.780119047619046,-1.7801190476190456
41,43.23,-2.229999999999997
1,10.48,-9.48
0,1.44,-1.44
25,44.11933333333334,-19.119333333333337
45,31.54375,13.45625
10,32.73166666666667,-22.73166666666667
46,31.359666666666666,14.640333333333334
15,29.57,-14.57
49,47.51166666666667,1.4883333333333297
49,34.0215,14.978499999999997
67,46.76083333333334,20.239166666666662
63,61.02704581529582,1.9729541847041787
32,37.410625,-5.410625000000003
54,39.27233333333333,14.727666666666671
46,35.9,10.100000000000001
30,37.985,-7.984999999999999
41,34.99133333333333,6.00866666666667
44,34.25828571428572,9.74171428571428
0,6.62,-6.62
60,44.09866666666667,15.901333333333334
59,40.048833333333334,18.951166666666666
66,57.45333333333333,8.546666666666667
47,46.18,0.8200000000000003
11,20.66,-9.66
0,1.855,-1.855
8,12.18,-4.18
0,0.11888023040770715,-0.11888023040770715
38,35.666666666666664,2.3333333333333357
54,36.718,17.281999999999996
75,42.87,32.13
49,35.66,13.340000000000003
17,41.69,-24.689999999999998
44,44.454190476190476,-0.45419047619047603
47,43.95799999999999,3.0420000000000087
34,37.07093939393939,-3.0709393939393905
0,30.481526315789473,-30.481526315789473
66,67.40866666666666,-1.4086666666666616
51,34.05272727272727,16.947272727272733
68,57.05,10.950000000000003
28,25.45,2.5500000000000007
0,0.03382892731669073,-0.03382892731669073
66,54.01666666666667,11.983333333333327
24,30.56,-6.559999999999999
32,35.63,-3.6300000000000026
39,41.07,-2.0700000000000003
30,43.67535714285714,-13.675357142857138
52,37.52181818181818,14.478181818181817
66,40.460337662337665,25.539662337662335
57,55.489285714285714,1.5107142857142861
34,28.801714285714276,5.198285714285724
0,0.0,0.0
52,49.365,2.634999999999998
35,36.29,-1.2899999999999991
24,45.45193571428572,-21.451935714285717
23,24.59,-1.5899999999999999
16,21.775,-5.774999999999999
45,44.96,0.03999999999999915
43,37.770892307692314,5.229107692307686
12,26.726666666666667,-14.726666666666667
25,31.962226190476194,-6.962226190476194
0,0.0,0.0
44,43.69,0.3100000000000023
56,40.839166666666664,15.160833333333336
0,32.3825,-32.3825
41,39.770833333333336,1.2291666666666643
1,9.727830576490692,-8.727830576490692
13,33.94006933200481,-20.94006933200481
41,39.16833333333333,1.8316666666666706
59,47.87,11.130000000000003
44,41.89,2.1099999999999994
24,40.00333333333334,-16.003333333333337
41,29.924285714285716,11.075714285714284
0,0.73,-0.73
34,33.21,0.7899999999999991
34,29.76,4.239999999999998
52,51.8,0.20000000000000284
0,0.8798468061796365,-0.8798468061796365
13,45.74,-32.74
1,13.61,-12.61
51,47.01,3.990000000000002
1,16.69,-15.690000000000001
0,0.22139725844653843,-0.22139725844653843
41,38.03666666666666,2.9633333333333383
15,23.65,-8.649999999999999
45,44.99,0.00999999999999801
30,32.314880952380946,-2.314880952380946
0,1.23,-1.23
56,39.7305487012987,16.2694512987013
22,36.944,-14.944000000000003
74,46.14,27.86
54,33.705,20.295
25,25.9625,-0.9624999999999986
10,15.596727272727271,-5.596727272727271
30,34.76571428571428,-4.765714285714282
21,23.32333333333333,-2.3233333333333306
20,29.646666666666665,-9.646666666666665
46,44.89,1.1099999999999994
32,32.035,-0.03499999999999659
31,32.45196428571428,-1.4519642857142827
31,32.72877777777778,-1.728777777777779
62,46.593333333333334,15.406666666666666
28,34.085,-6.085000000000001
48,47.36,0.6400000000000006
19,22.475,-3.4750000000000014
59,53.34,5.659999999999997
20,21.49,-1.4899999999999984
40,44.97,-4.969999999999999
28,44.49225396825397,-16.49225396825397
25,32.58833333333334,-7.588333333333338
0,0.020917194059227734,-0.020917194059227734
39,41.65125,-2.6512499999999974
54,40.0,14.0
7,33.37866666666666,-26.37866666666666
14,24.25375,-10.25375
0,22.62167467996924,-22.62167467996924
24,36.12083333333334,-12.120833333333337
43,31.67,11.329999999999998
78,58.832,19.168
22,26.64,-4.640000000000001
22,35.720749999999995,-13.720749999999995
40,38.328758198064286,1.6712418019357145
25,44.66458333333333,-19.664583333333333
30,46.668121212121214,-16.668121212121214
53,46.65430555555556,6.34569444444444
0,3.97,-3.97
0,10.691304112554114,-10.691304112554114
45,42.190714285714286,2.809285714285714
36,39.12027777777777,-3.1202777777777726
31,30.8125,0.1875
38,40.52,-2.520000000000003
12,21.62,-9.620000000000001
0,0.22139725844653843,-0.22139725844653843
0,2.79,-2.79
46,45.89,0.10999999999999943
57,37.41130952380953,19.58869047619047
39,44.17333333333334,-5.173333333333339
32,38.27,-6.270000000000003
51,45.62799999999999,5.372000000000007
0,0.24043741934879687,-0.24043741934879687
0,2.75,-2.75
31,39.01566666666667,-8.015666666666668
0,0.33,-0.33
44,44.46,-0.46000000000000085
43,37.81333333333333,5.186666666666667
64,38.43357142857143,25.566428571428567
40,39.605,0.3950000000000031
71,17.64333333333333,53.35666666666667
40,37.68,2.3200000000000003
31,33.9,-2.8999999999999986
2,37.45039682539682,-35.45039682539682
1,2.7612267023654704,-1.7612267023654704
66,54.490448412698406,11.509551587301594
19,37.312333333333335,-18.312333333333335
49,28.756999999999998,20.243000000000002
0,0.0,0.0
22,28.95,-6.949999999999999
51,49.67,1.3299999999999983
0,33.763888888888886,-33.763888888888886
46,35.90085714285714,10.099142857142859
25,23.545,1.4549999999999983
47,47.84,-0.8400000000000034
35,40.83,-5.829999999999998
34,42.66492424242424,-8.664924242424242
38,36.88,1.1199999999999974
72,49.005,22.994999999999997
46,40.58888888888889,5.411111111111111
44,24.57166666666667,19.42833333333333
63,54.66,8.340000000000003
42,23.664857142857144,18.335142857142856
28,30.141303030303025,-2.1413030303030247
42,37.647,4.3530000000000015
73,68.79,4.209999999999994
9,41.42833333333334,-32.42833333333334
60,62.385666666666665,-2.3856666666666655
47,47.36,-0.35999999999999943
16,35.92666666666666,-19.926666666666662
43,44.473333333333336,-1.4733333333333363
41,45.19333333333334,-4.193333333333342
0,11.0,-11.0
0,39.42,-39.42
39,39.693333333333335,-0.6933333333333351
23,25.385,-2.3850000000000016
0,0.0,0.0
7,13.265,-6.265000000000001
0,0.33,-0.33
0,1.01,-1.01
62,36.37916666666667,25.62083333333333
54,47.051833333333335,6.9481666666666655
21,38.66464285714286,-17.66464285714286
62,38.995,23.005000000000003
0,14.569999999999999,-14.569999999999999
26,32.87,-6.869999999999997
62,32.95,29.049999999999997
48,37.8,10.200000000000003
53,33.32333333333334,19.676666666666662
24,39.85,-15.850000000000001
35,34.132,0.8680000000000021
0,0.77,-0.77
4,4.67,-0.6699999999999999
19,31.027857142857147,-12.027857142857147
28,37.15,-9.149999999999999
39,41.00666666666667,-2.0066666666666677
56,50.64,5.359999999999999
50,43.73333333333334,6.266666666666659
15,25.9,-10.899999999999999
30,28.46,1.5399999999999991
36,37.26666666666667,-1.2666666666666728
5,38.9925,-33.9925
0,2.77,-2.77
45,42.005714285714284,2.9942857142857164
0,0.0,0.0
63,53.83,9.170000000000002
0,0.28347220837010667,-0.28347220837010667
20,37.254705882352944,-17.254705882352944
48,46.135,1.865000000000002
34,34.395,-0.3950000000000031
31,33.78,-2.780000000000001
40,27.632001594896334,12.367998405103666
47,42.945,4.055
12,19.1,-7.100000000000001
35,34.8,0.20000000000000284
36,29.459263736263736,6.540736263736264
0,34.83,-34.83
0,33.746428571428574,-33.746428571428574
0,0.43796910768969577,-0.43796910768969577
55,43.68154761904761,11.318452380952387
52,43.66333333333334,8.336666666666659
29,33.89059523809524,-4.890595238095237
41,21.11333333333333,19.88666666666667
53,35.8816875,17.118312500000002
70,43.77,26.229999999999997
32,32.46,-0.46000000000000085
48,37.43825,10.561750000000004
39,24.2,14.8
41,35.35,5.649999999999999
63,38.7975,24.2025
1,5.181106229503537,-4.181106229503537
74,44.532,29.468000000000004
0,17.921714285714287,-17.921714285714287
24,36.99333333333333,-12.993333333333332
64,38.71409523809524,25.28590476190476
28,28.68,-0.6799999999999997
77,70.7625,6.237499999999997
62,46.765,15.235
0,0.0,0.0
0,18.348,-18.348
61,39.572324929971984,21.427675070028016
0,7.408190074693107,-7.408190074693107
19,37.586,-18.586
5,40.5275,-35.5275
44,42.0,2.0
0,32.59,-32.59
0,27.51,-27.51
26,38.59507932263814,-12.595079322638142
1,1.16,-0.15999999999999992
1,20.498229187479183,-19.498229187479183
52,39.199333333333335,12.800666666666665
0,26.925,-26.925
12,28.06,-16.06
45,34.441833333333335,10.558166666666665
18,32.833416666666665,-14.833416666666665
2,0.9341683592209,1.0658316407791
2,0.8482725607725606,1.1517274392274395
37,45.86527777777778,-8.865277777777777
44,40.41285714285715,3.587142857142851
55,48.0125,6.987499999999997
58,42.82,15.18
0,2.47,-2.47
59,57.67666666666666,1.3233333333333377
32,31.4,0.6000000000000014
43,41.71056818181818,1.2894318181818178
51,50.41,0.5900000000000034
30,30.60385714285714,-0.6038571428571409
52,31.929250000000003,20.070749999999997
0,0.0,0.0
68,68.0,0.0
56,55.09,0.9099999999999966
0,0.20999968853203757,-0.20999968853203757
2,4.932047619047619,-2.9320476190476192
20,29.2115,-9.211500000000001
58,48.8,9.200000000000003
71,59.82,11.18
11,29.305,-18.305
0,56.206,-56.206
63,52.51,10.490000000000002
48,42.004961675020894,5.995038324979106
0,1.449013148938827,-1.449013148938827
63,50.49,12.509999999999998
48,47.06,0.9399999999999977
62,39.19375,22.80625
0,31.537777777777773,-31.537777777777773
37,33.957857142857144,3.0421428571428564
0,0.0,0.0
63,40.25533333333333,22.744666666666667
70,58.85666666666666,11.143333333333338
39,40.01045454545454,-1.010454545454543
10,32.312045454545455,-22.312045454545455
51,39.12290476190476,11.877095238095237
0,41.44121212121212,-41.44121212121212
8,24.616,-16.616
71,31.678333333333335,39.321666666666665
64,53.50888888888889,10.49111111111111
38,40.06416666666667,-2.0641666666666723
72,60.55730158730159,11.442698412698412
29,43.03166666666666,-14.03166666666666
34,41.42,-7.420000000000002
0,27.948095238095238,-27.948095238095238
6,18.57,-12.57
25,41.51060606060606,-16.510606060606058
45,38.93194624819625,6.0680537518037525
20,32.74642857142857,-12.746428571428567
12,18.025,-6.024999999999999
10,24.68166666666667,-14.681666666666668
67,40.34328571428571,26.656714285714287
46,30.3,15.7
0,32.51133333333333,-32.51133333333333
63,54.99,8.009999999999998
21,22.67,-1.6700000000000017
0,0.34897937683231794,-0.34897937683231794
26,32.657333333333334,-6.657333333333334
47,42.647999999999996,4.352000000000004
34,42.84033333333333,-8.840333333333326
46,34.531,11.469000000000001
23,18.86,4.140000000000001
46,39.82595238095238,6.17404761904762
80,79.51,0.4899999999999949
53,42.743607142857144,10.256392857142856
43,34.854615384615386,8.145384615384614
22,26.8975,-4.897500000000001
27,37.28,-10.280000000000001
75,58.68,16.32
74,68.52,5.480000000000004
44,45.04,-1.0399999999999991
0,0.0,0.0
45,33.99,11.009999999999998
1,2.79,-1.79
56,49.07317307692308,6.9268269230769235
1,16.19421052631579,-15.19421052631579
30,34.36909523809524,-4.369095238095241
60,34.727630347464185,25.272369652535815
14,35.60966666666666,-21.609666666666662
58,32.445,25.555
18,36.321666666666665,-18.321666666666665
39,36.97,2.030000000000001
12,23.14,-11.14
38,34.31333333333333,3.6866666666666674
20,18.01,1.9899999999999984
27,35.535,-8.534999999999997
19,39.843333333333334,-20.843333333333334
0,16.02,-16.02
25,22.12416666666667,2.875833333333329
41,27.97733333333333,13.02266666666667
0,15.9465,-15.9465
73,46.02605263157895,26.97394736842105
16,16.95,-0.9499999999999993
12,23.59,-11.59
0,7.660939862644312,-7.660939862644312
63,34.056111111111115,28.943888888888885
41,36.395,4.604999999999997
17,31.373333333333335,-14.373333333333335
33,33.67,-0.6700000000000017
5,14.35,-9.35
5,17.435,-12.434999999999999
20,31.795,-11.795000000000002
17,19.165,-2.164999999999999
0,44.34848863636363,-44.34848863636363
11,26.82595238095238,-15.82595238095238
0,28.421999999999997,-28.421999999999997
16,45.655,-29.655
55,37.00905876068376,17.990941239316243
38,38.83833333333333,-0.8383333333333312
58,50.70563279857398,7.29436720142602
2,1.1123137125461975,0.8876862874538025
40,40.1,-0.10000000000000142
25,29.61333333333333,-4.61333333333333
40,41.03,-1.0300000000000011
25,39.76583333333333,-14.765833333333333
22,31.650714285714283,-9.650714285714283
22,36.85666666666667,-14.85666666666667
50,38.4675,11.532499999999999
0,11.1,-11.1
55,51.4775,3.522500000000001
68,38.653333333333336,29.346666666666664
46,24.526,21.474
33,34.365,-1.365000000000002
43,42.635,0.365000000000002
50,47.31,2.6899999999999977
59,38.114333333333335,20.885666666666665
39,42.89183333333333,-3.891833333333331
35,43.98333333333334,-8.983333333333341
58,56.12,1.8800000000000026
62,40.01166666666667,21.98833333333333
30,27.99,2.0100000000000016
45,41.85,3.1499999999999986
45,44.4,0.6000000000000014
30,41.06575,-11.065750000000001
62,33.1932373015873,28.806762698412697
66,64.16,1.8400000000000034
21,42.945,-21.945
0,46.83833333333333,-46.83833333333333
39,39.809411764705885,-0.8094117647058852
0,4.470714285714285,-4.470714285714285
17,13.65,3.3499999999999996
23,40.89338095238095,-17.89338095238095
0,0.26525815850815837,-0.26525815850815837
48,36.57166666666667,11.428333333333327
63,54.37,8.630000000000003
11,16.642333333333333,-5.642333333333333
0,21.086156385281384,-21.086156385281384
51,50.91,0.09000000000000341
0,0.0,0.0
38,32.6,5.399999999999999
44,44.33,-0.3299999999999983
70,27.807940476190478,42.19205952380952
0,9.17726807057705,-9.17726807057705
32,35.89233333333333,-3.892333333333333
19,43.68,-24.68
53,38.255,14.744999999999997
37,38.28871428571429,-1.288714285714292
57,9.018571428571429,47.98142857142857
56,39.60794318181818,16.39205681818182
10,29.9,-19.9
27,37.82266666666667,-10.82266666666667
46,34.035,11.965000000000003
44,44.26,-0.259999999999998
71,60.42,10.579999999999998
0,0.5259254032860844,-0.5259254032860844
36,37.07,-1.0700000000000003
17,33.778,-16.778
36,37.51,-1.509999999999998
1,1.48,-0.48
40,45.45723809523809,-5.45723809523809
22,40.1025,-18.1025
37,41.88511111111111,-4.885111111111108
0,0.33226663927747524,-0.33226663927747524
39,25.42,13.579999999999998
52,42.74166666666667,9.258333333333333
59,41.9908658008658,17.009134199134202
69,65.10038095238093,3.899619047619069
49,22.96,26.04
29,33.28387559808613,-4.2838755980861265
0,0.22139725844653843,-0.22139725844653843
60,44.51181818181818,15.488181818181822
51,41.49,9.509999999999998
36,41.87454545454546,-5.874545454545462
21,33.943333333333335,-12.943333333333335
52,34.83,17.17
52,37.17,14.829999999999998
72,36.25,35.75
59,43.829499999999996,15.170500000000004
29,29.77297142857143,-0.7729714285714309
18,11.9,6.1
44,41.38,2.6199999999999974
62,33.17,28.83
18,18.335897435897436,-0.3358974358974365
48,40.25745238095238,7.74254761904762
21,25.83,-4.829999999999998
38,42.44166666666666,-4.441666666666663
37,47.05266666666667,-10.052666666666667
48,46.10416666666667,1.8958333333333286
45,39.93,5.07
39,39.51,-0.509999999999998
58,51.57,6.43
0,0.19643678869209175,-0.19643678869209175
47,43.193000000000005,3.806999999999995
36,31.82,4.18
23,35.97,-12.969999999999999
0,18.43,-18.43
0,11.99,-11.99
11,9.04,1.9600000000000009
0,0.0,0.0
54,45.46,8.54
35,28.97,6.030000000000001
43,34.31,8.689999999999998
0,4.8839999999999995,-4.8839999999999995
75,66.51,8.489999999999995
38,38.14,-0.14000000000000057
54,45.83,8.170000000000002
34,46.2,-12.200000000000003
0,0.956803929546159,-0.956803929546159
33,32.745,0.25500000000000256
59,37.679,21.320999999999998
19,36.47,-17.47
26,44.73333333333333,-18.733333333333327
40,27.61,12.39
0,0.0,0.0
23,35.95333333333333,-12.953333333333333
11,26.228,-15.228000000000002
0,5.24,-5.24
20,18.005,1.995000000000001
0,3.197457935985858,-3.197457935985858
3,35.09056818181818,-32.09056818181818
1,0.5926981906981905,0.4073018093018095
40,38.652,1.347999999999999
0,49.59,-49.59
61,39.76,21.240000000000002
0,6.730356789452377,-6.730356789452377
46,33.31428571428572,12.685714285714283
0,4.982619047619049,-4.982619047619049
70,68.6,1.4000000000000057
0,0.0,0.0
59,41.26866666666667,17.731333333333332
0,1.23,-1.23
0,15.71,-15.71
24,34.338571428571434,-10.338571428571434
23,39.05916666666666,-16.059166666666663
49,29.295454545454547,19.704545454545453
58,53.305,4.695
0,0.0,0.0
0,0.0,0.0
0,0.45197043253929786,-0.45197043253929786
39,46.713238095238104,-7.713238095238104
53,30.175,22.825
12,38.677499999999995,-26.677499999999995
37,37.564404095904095,-0.564404095904095
9,34.48,-25.479999999999997
7,9.53,-2.5299999999999994
12,13.18,-1.1799999999999997
0,17.67,-17.67
0,4.718999999999999,-4.718999999999999
20,23.6,-3.6000000000000014
38,34.22,3.780000000000001
40,67.845,-27.845
16,34.57,-18.57
0,18.935,-18.935
39,40.44000465838509,-1.4400046583850923
42,41.369,0.6310000000000002
27,41.85,-14.850000000000001
35,39.05500000000001,-4.055000000000007
35,36.876666666666665,-1.8766666666666652
63,44.19333333333334,18.806666666666658
28,36.935,-8.935000000000002
56,51.42214285714286,4.577857142857141
64,42.249571428571414,21.750428571428586
58,35.7975,22.2025
47,46.21,0.7899999999999991
23,34.83,-11.829999999999998
60,39.87335137085137,20.126648629148633
0,0.0,0.0
0,7.98,-7.98
7,20.74,-13.739999999999998
5,14.541333333333332,-9.541333333333332
77,65.832,11.168000000000006
47,41.313809523809525,5.686190476190475
50,43.94666666666666,6.053333333333342
26,33.16666666666667,-7.166666666666671
40,38.13,1.8699999999999974
26,35.18380952380952,-9.183809523809522
18,39.588666666666676,-21.588666666666676
29,32.50666666666667,-3.5066666666666677
55,45.3,9.700000000000003
58,44.365,13.634999999999998
25,33.0075,-8.0075
41,41.8275,-0.8275000000000006
67,57.83666666666666,9.163333333333341
0,53.21333333333334,-53.21333333333334
56,55.67,0.3299999999999983
65,63.26,1.740000000000002
54,35.652,18.348
25,33.25214285714286,-8.252142857142857
78,25.149142857142856,52.850857142857144
23,26.29,-3.289999999999999
0,0.1559397546897547,-0.1559397546897547
37,40.0,-3.0
3,16.509166666666665,-13.509166666666665
51,52.63365384615385,-1.6336538461538481
55,47.85057142857143,7.149428571428572
34,35.46000000000001,-1.460000000000008
60,55.94416666666667,4.055833333333332
37,39.295,-2.2950000000000017
45,43.57,1.4299999999999997
65,56.409333333333336,8.590666666666664
70,59.135,10.865000000000002
19,25.93,-6.93
74,34.92891025641026,39.07108974358974
28,37.7525,-9.752499999999998
30,36.60666666666666,-6.606666666666662
60,59.38285714285714,0.6171428571428592
27,44.83,-17.83
52,14.86,37.14
33,38.7055,-5.705500000000001
42,34.52,7.479999999999997
21,22.05,-1.0500000000000007
31,32.193000000000005,-1.193000000000005
0,8.4365,-8.4365
21,28.71,-7.710000000000001
50,45.4049358974359,4.595064102564102
0,17.989166666666666,-17.989166666666666
67,64.13,2.8700000000000045
36,36.03,-0.030000000000001137
21,17.95,3.0500000000000007
66,65.88,0.12000000000000455
35,34.443000000000005,0.556999999999995
5,17.17,-12.170000000000002
35,39.13357613614008,-4.1335761361400785
37,34.36333333333333,2.6366666666666703
64,29.42,34.58
0,5.93,-5.93
58,43.58833333333333,14.411666666666669
43,41.1825,1.8175000000000026
64,35.10333333333333,28.89666666666667
34,28.133388888888888,5.866611111111112
19,24.823,-5.823
20,37.01666666666667,-17.016666666666673
23,25.03,-2.030000000000001
38,46.4375,-8.4375
0,0.6082433987581047,-0.6082433987581047
18,32.896,-14.896
0,24.189999999999994,-24.189999999999994
0,25.872,-25.872
19,27.61,-8.61
40,35.78,4.219999999999999
68,59.57,8.43
44,45.691510989010986,-1.691510989010986
0,12.987324584600128,-12.987324584600128
45,39.16,5.840000000000003
16,24.52,-8.52
36,34.816,1.1839999999999975
33,31.205,1.7950000000000017
0,0.0,0.0
30,39.35598484848485,-9.355984848484852
40,39.51,0.490000000000002
0,1.04,-1.04
0,0.26525815850815837,-0.26525815850815837
22,28.49833333333333,-6.498333333333331
25,32.028333333333336,-7.028333333333336
0,20.612,-20.612
69,64.895,4.105000000000004
30,32.16,-2.1599999999999966
46,45.37,0.6300000000000026
0,0.2083797313797313,-0.2083797313797313
24,40.49966666666666,-16.499666666666663
37,40.071999999999996,-3.0719999999999956
46,42.81,3.1899999999999977
23,33.14771428571428,-10.14771428571428
30,39.21,-9.21
0,29.659666666666666,-29.659666666666666
44,39.4475,4.552500000000002
56,54.71,1.2899999999999991
58,50.53,7.469999999999999
17,16.8,0.1999999999999993
0,31.31277056277056,-31.31277056277056
0,2.2,-2.2
38,38.651666666666664,-0.6516666666666637
19,31.29,-12.29
5,31.153333333333336,-26.153333333333336
0,1.02,-1.02
76,58.03,17.97
52,35.64678571428571,16.353214285714287
0,6.188714231760672,-6.188714231760672
22,34.79333333333333,-12.79333333333333
25,46.12333333333333,-21.123333333333328
41,40.815,0.18500000000000227
36,40.468,-4.4680000000000035
24,28.118333333333336,-4.118333333333336
33,37.41,-4.409999999999997
55,50.242222222222225,4.757777777777775
20,34.358000000000004,-14.358000000000004
37,42.76357142857143,-5.7635714285714315
21,27.08,-6.079999999999998
11,29.406666666666666,-18.406666666666666
37,31.735000000000003,5.264999999999997
56,31.052944444444442,24.947055555555558
56,38.27,17.729999999999997
42,46.57,-4.57
22,41.935,-19.935000000000002
22,30.364,-8.364
28,41.96,-13.96
23,42.57,-19.57
69,53.95125,15.048749999999998
0,17.206666666666663,-17.206666666666663
0,0.0,0.0
62,31.670366161616162,30.329633838383838
54,46.75083333333334,7.24916666666666
37,34.44583333333333,2.554166666666667
14,20.865,-6.864999999999998
48,36.92333333333333,11.076666666666668
45,17.62,27.38
58,35.146190476190476,22.853809523809524
24,37.083333333333336,-13.083333333333336
1,0.9795793650793649,0.02042063492063506
38,38.125,-0.125
26,29.56666666666667,-3.56666666666667
32,33.20666666666666,-1.2066666666666634
63,50.3975,12.6025
34,26.224166666666665,7.775833333333335
24,24.615,-0.6149999999999984
40,39.431999999999995,0.568000000000005
24,30.15,-6.149999999999999
25,43.681333333333335,-18.681333333333335
41,37.75248290598291,3.247517094017091
42,31.716666666666665,10.283333333333335
21,26.105,-5.105
47,50.245,-3.2449999999999974
53,53.61,-0.6099999999999994
57,42.095,14.905000000000001
32,48.19875,-16.198749999999997
26,25.13666666666667,0.8633333333333297
29,28.672692307692305,0.32730769230769496
11,19.74,-8.739999999999998
0,21.2,-21.2
48,39.345,8.655000000000001
35,47.10666666666667,-12.10666666666667
65,36.980526315789476,28.019473684210524
0,14.067,-14.067
0,5.75,-5.75
45,21.2,23.8
29,32.01539782439783,-3.01539782439783
54,42.2675,11.732500000000002
26,41.92,-15.920000000000002
43,42.79,0.21000000000000085
16,22.813666666666666,-6.813666666666666
49,43.71,5.289999999999999
77,72.1375,4.862499999999997
39,27.51,11.489999999999998
21,19.17,1.8299999999999983
0,10.58,-10.58
18,31.92,-13.920000000000002
37,22.3625,14.6375
0,2.666666666666666,-2.666666666666666
36,40.21978571428572,-4.21978571428572
8,32.531,-24.531
21,40.255,-19.255000000000003
0,0.07239832455621265,-0.07239832455621265
10,30.24,-20.24
61,34.15,26.85
21,40.82,-19.82
22,28.82369047619047,-6.823690476190471
39,24.453846153846154,14.546153846153846
43,45.211000000000006,-2.2110000000000056
55,36.02916666666667,18.97083333333333
27,26.83,0.1700000000000017
72,2.11077380952381,69.8892261904762
54,29.8025,24.1975
61,40.4875,20.512500000000003
0,34.77899999999999,-34.77899999999999
0,7.5225,-7.5225
0,34.41824025974026,-34.41824025974026
39,36.864393939393935,2.135606060606065
0,26.12,-26.12
22,30.655714285714286,-8.655714285714286
27,26.71,0.28999999999999915
23,31.89,-8.89
43,45.75911904761905,-2.759119047619052
40,30.14,9.86
20,35.06753314659197,-15.06753314659197
36,34.59,1.4099999999999966
73,39.28714285714286,33.71285714285714
32,41.1,-9.100000000000001
63,46.00454545454546,16.995454545454542
55,31.25,23.75
1,1.1285357142857142,-0.1285357142857142
0,33.50055161032821,-33.50055161032821
49,48.825,0.17499999999999716
21,19.702727272727273,1.297272727272727
47,34.455,12.545000000000002
16,23.98,-7.98
40,43.78166666666666,-3.781666666666659
33,27.370745614035087,5.629254385964913
17,36.57166666666667,-19.571666666666673
60,54.8,5.200000000000003
19,28.915,-9.915
36,30.155,5.844999999999999
25,36.55,-11.549999999999997
15,15.08,-0.08000000000000007
47,45.965,1.0349999999999966
74,64.74,9.260000000000005
2,1.8200881211682727,0.17991187883172732
53,31.7915,21.2085
12,8.0165,3.9834999999999994
0,4.546540080257085,-4.546540080257085
18,22.6,-4.600000000000001
0,0.0,0.0
0,20.34,-20.34
69,40.49333333333333,28.506666666666668
0,53.77,-53.77
36,40.67,-4.670000000000002
84,5.526571428571429,78.47342857142857
18,21.2,-3.1999999999999993
16,24.138,-8.138000000000002
32,19.323333333333334,12.676666666666666
0,7.75,-7.75
39,35.2325,3.7674999999999983
0,2.338,-2.338
60,46.403833333333324,13.596166666666676
33,25.432388888888887,7.567611111111113
24,34.723333333333336,-10.723333333333336
34,36.31875,-2.3187500000000014
21,33.247833333333325,-12.247833333333325
21,25.131904761904767,-4.131904761904767
0,3.13,-3.13
43,31.17,11.829999999999998
0,44.585,-44.585
53,40.48119047619048,12.518809523809523
12,22.822722222222225,-10.822722222222225
16,28.56,-12.559999999999999
50,47.588190476190476,2.4118095238095236
1,31.45625,-30.45625
26,44.2105,-18.210500000000003
26,31.7825,-5.782499999999999
0,1.5866666666666667,-1.5866666666666667
0,20.82083333333333,-20.82083333333333
18,23.39666666666667,-5.396666666666668
38,37.14780303030303,0.8521969696969691
22,34.92954761904762,-12.929547619047618
1,0.3661767464825841,0.633823253517416
16,29.326999999999998,-13.326999999999998
0,17.59944723400954,-17.59944723400954
60,53.07,6.93
56,37.89857142857143,18.10142857142857
70,69.3,0.7000000000000028
31,30.676666666666666,0.32333333333333414
38,36.06,1.9399999999999977
55,52.35,2.6499999999999986
41,33.70688888888889,7.293111111111109
72,70.76,1.2399999999999949
0,0.14257532200751954,-0.14257532200751954
0,0.95,-0.95
21,35.097142857142856,-14.097142857142856
14,41.965,-27.965000000000003
23,30.16583333333333,-7.165833333333332
32,31.14525,0.8547499999999992
34,33.07,0.9299999999999997
60,44.2325,15.767499999999998
61,36.04233333333334,24.95766666666666
64,37.101578947368424,26.898421052631576
23,35.54,-12.54
83,80.61,2.3900000000000006
27,30.53,-3.530000000000001
60,50.66,9.340000000000003
39,38.622,0.3780000000000001
51,32.44875,18.551250000000003
23,25.268333333333334,-2.2683333333333344
30,35.265,-5.265000000000001
42,38.33,3.6700000000000017
42,36.8668253968254,5.133174603174602
0,0.5923463203463202,-0.5923463203463202
45,32.81166666666667,12.188333333333333
1,14.9,-13.9
0,3.66,-3.66
2,1.61,0.3899999999999999
46,44.125,1.875
0,0.45197043253929786,-0.45197043253929786
51,39.74,11.259999999999998
26,33.23357142857142,-7.233571428571423
32,35.59,-3.5900000000000034
85,68.19903846153846,16.800961538461536
18,18.74,-0.7399999999999984
7,65.08666666666666,-58.08666666666666
88,69.87,18.129999999999995
69,42.93372619047619,26.066273809523807
73,69.98,3.019999999999996
2,34.788,-32.788
73,51.91722222222223,21.08277777777777
15,25.64272727272727,-10.64272727272727
27,32.464,-5.463999999999999
28,34.55616666666666,-6.5561666666666625
58,52.17,5.829999999999998
0,3.05,-3.05
22,27.47,-5.469999999999999
40,31.5175,8.482500000000002
54,48.193999999999996,5.8060000000000045
34,40.27,-6.270000000000003
0,0.0,0.0
0,1.1479938479658163,-1.1479938479658163
51,42.106,8.893999999999998
45,44.43333333333333,0.56666666666667
47,31.18916666666667,15.810833333333331
30,4.8,25.2
50,18.97167857142857,31.02832142857143
43,41.72,1.2800000000000011
29,28.72520512820513,0.27479487179487094
33,38.55,-5.549999999999997
19,42.395,-23.395000000000003
18,29.63177705627706,-11.631777056277059
30,37.099000000000004,-7.099000000000004
39,44.516000000000005,-5.516000000000005
19,32.254285714285714,-13.254285714285714
41,41.44666666666666,-0.44666666666665833
54,30.22,23.78
59,57.06428571428572,1.9357142857142833
0,0.0,0.0
44,25.385,18.615
9,14.74,-5.74
79,60.5275,18.472499999999997
7,18.55,-11.55
8,28.85166666666667,-20.85166666666667
23,30.625,-7.625
21,28.7205,-7.720500000000001
40,35.19,4.810000000000002
59,51.52333333333333,7.476666666666667
28,37.12295833333333,-9.12295833333333
26,37.08444444444444,-11.084444444444443
27,26.06,0.9400000000000013
29,30.59,-1.5899999999999999
31,21.81,9.190000000000001
30,32.188,-2.1880000000000024
33,46.49,-13.490000000000002
0,6.48,-6.48
54,29.97916666666667,24.02083333333333
72,66.07,5.930000000000007
33,29.26,3.7399999999999984
31,32.07666666666667,-1.076666666666668
48,31.508000000000003,16.491999999999997
17,25.31,-8.309999999999999
23,41.34,-18.340000000000003
27,34.68636363636364,-7.686363636363637
8,25.896666666666665,-17.896666666666665
37,35.598,1.402000000000001
43,42.00333333333333,0.9966666666666697
19,33.37,-14.369999999999997
0,0.8117584653908183,-0.8117584653908183
0,0.956803929546159,-0.956803929546159
26,19.40178571428571,6.598214285714288
46,43.449083333333334,2.550916666666666
0,6.61,-6.61
57,46.89595238095239,10.104047619047613
65,59.28,5.719999999999999
52,49.32,2.6799999999999997
33,40.31,-7.310000000000002
26,35.010958333333335,-9.010958333333335
56,52.99,3.009999999999998
0,3.197457935985858,-3.197457935985858
44,30.456333333333333,13.543666666666667
50,34.0325,15.967500000000001
44,38.31333333333333,5.686666666666667
28,28.636833333333335,-0.6368333333333354
56,48.965,7.034999999999997
31,34.782215811965806,-3.7822158119658056
0,13.395,-13.395
0,0.0,0.0
44,40.48375,3.5162499999999994
59,43.03333333333333,15.966666666666669
0,9.325,-9.325
1,10.501428571428571,-9.501428571428571
30,36.85815266106443,-6.85815266106443
39,39.04,-0.03999999999999915
0,2.16,-2.16
41,41.49,-0.490000000000002
17,19.235,-2.2349999999999994
31,36.7325,-5.732500000000002
21,7.660939862644312,13.339060137355688
64,29.740952380952386,34.259047619047614
89,38.74916666666667,50.25083333333333
0,30.17,-30.17
85,83.17,1.8299999999999983
35,31.763333333333335,3.2366666666666646
22,32.55,-10.549999999999997
9,4.546540080257085,4.453459919742915
1,17.19,-16.19
8,46.90964285714286,-38.90964285714286
35,39.36833333333333,-4.368333333333332
20,37.338571428571434,-17.338571428571434
43,43.01,-0.00999999999999801
28,31.8425,-3.842500000000001
0,0.0,0.0
48,41.141333333333336,6.8586666666666645
8,24.417142857142856,-16.417142857142856
35,33.17,1.8299999999999983
65,63.99,1.009999999999998
34,33.39194444444444,0.6080555555555591
31,41.98557692307693,-10.985576923076927
38,34.01,3.990000000000002
0,1.44,-1.44
0,1.8166666666666667,-1.8166666666666667
20,24.49857142857143,-4.498571428571431
18,15.27,2.7300000000000004
23,17.458333333333336,5.541666666666664
0,15.39086956521739,-15.39086956521739
17,19.70026315789474,-2.7002631578947387
31,34.03,-3.030000000000001
66,2.1955793650793662,63.80442063492063
36,38.76,-2.759999999999998
49,45.158,3.8419999999999987
14,23.465,-9.465
46,46.25,-0.25
18,30.93846153846154,-12.938461538461539
16,33.27933333333333,-17.279333333333327
34,34.637166666666666,-0.6371666666666655
16,39.54771655338473,-23.54771655338473
40,32.23127450980392,7.768725490196083
22,20.215,1.7850000000000001
51,34.28,16.72
27,35.58314102564103,-8.583141025641027
43,41.1,1.8999999999999986
18,29.26,-11.260000000000002
0,15.28115909090909,-15.28115909090909
16,26.030833333333334,-10.030833333333334
0,3.11,-3.11
20,42.21291666666666,-22.212916666666658
41,33.37,7.630000000000003
11,27.19166666666667,-16.19166666666667
61,50.97,10.030000000000001
15,29.53,-14.530000000000001
55,29.72666666666667,25.27333333333333
3,30.12553968253969,-27.12553968253969
0,0.68,-0.68
60,33.108333333333334,26.891666666666666
24,42.65,-18.65
0,1.27,-1.27
0,49.28,-49.28
26,41.93475,-15.934750000000001
25,34.946111111111115,-9.946111111111115
0,0.1017356711915535,-0.1017356711915535
43,26.39,16.61
13,14.44,-1.4399999999999995
13,23.13,-10.129999999999999
50,47.79615384615385,2.2038461538461505
57,34.56666666666666,22.433333333333337
56,43.31,12.689999999999998
43,47.969523809523814,-4.969523809523814
1,0.9,0.09999999999999998
24,43.03,-19.03
50,22.321111111111108,27.678888888888892
32,41.4,-9.399999999999999
0,5.26,-5.26
62,61.59,0.4099999999999966
44,44.29,-0.28999999999999915
1,2.850952380952381,-1.8509523809523811
35,43.19598982334869,-8.19598982334869
38,37.163333333333334,0.836666666666666
82,18.59315476190476,63.406845238095244
23,20.5,2.5
52,44.77,7.229999999999997
24,26.99,-2.9899999999999984
56,49.93333333333334,6.066666666666663
0,17.59944723400954,-17.59944723400954
51,37.36833333333333,13.631666666666668
55,37.67,17.33
0,3.41,-3.41
45,36.88,8.119999999999997
0,7.24,-7.24
56,56.71935456564281,-0.71935456564281
63,53.96,9.04
38,42.91833333333334,-4.9183333333333366
43,33.56333333333333,9.436666666666667
29,25.4675,3.532499999999999
27,21.254166666666666,5.745833333333334
73,51.84,21.159999999999997
0,14.413333333333332,-14.413333333333332
69,61.22,7.780000000000001
0,4.16,-4.16
37,40.39,-3.3900000000000006
0,1.58,-1.58
55,52.02,2.979999999999997
14,21.623838383838383,-7.6238383838383825
0,25.928002442002445,-25.928002442002445
0,5.59,-5.59
64,29.87,34.129999999999995
45,32.395,12.604999999999997
71,37.93833333333333,33.06166666666667
0,0.0,0.0
50,49.76,0.240000000000002
27,26.08333333333333,0.9166666666666714
33,37.25661904761905,-4.256619047619047
2,0.5331034871131621,1.4668965128868379
0,0.83,-0.83
0,0.0,0.0
42,45.19800000000001,-3.1980000000000075
34,23.99333333333333,10.006666666666671
39,36.39,2.6099999999999994
0,0.0,0.0
46,41.81,4.189999999999998
0,30.33666666666667,-30.33666666666667
33,23.66076923076923,9.33923076923077
17,30.42,-13.420000000000002
46,32.68703703703704,13.312962962962963
0,28.27,-28.27
22,23.202333333333332,-1.202333333333332
0,10.77,-10.77
42,43.316,-1.3160000000000025
2,22.6545,-20.6545
27,43.72,-16.72
44,40.481111111111105,3.5188888888888954
55,41.56016666666667,13.439833333333333
5,19.453666666666667,-14.453666666666667
0,0.08607016350075342,-0.08607016350075342
30,32.28,-2.280000000000001
28,31.583888888888886,-3.583888888888886
0,29.2,-29.2
37,34.741285714285716,2.2587142857142837
34,33.385,0.615000000000002
23,29.2,-6.199999999999999
51,49.023452380952385,1.976547619047615
65,48.36916666666667,16.630833333333328
49,40.089,8.911000000000001
31,30.905,0.09499999999999886
21,36.7725,-15.7725
21,37.164,-16.164
58,37.4675,20.5325
0,0.63,-0.63
44,45.847,-1.8470000000000013
70,64.38,5.6200000000000045
31,31.84,-0.8399999999999999
49,42.75,6.25
0,1.0,-1.0
48,35.89333333333334,12.106666666666662
57,36.96630158730159,20.033698412698413
17,27.14,-10.14
43,43.06,-0.060000000000002274
43,33.69142857142857,9.308571428571433
4,2.4231056998557,1.5768943001442999
53,32.59463636363637,20.40536363636363
0,3.4558058952674418,-3.4558058952674418
11,26.3,-15.3
28,26.34476190476191,1.65523809523809
35,34.23833333333333,0.7616666666666703
59,30.13333333333333,28.86666666666667
42,43.76666666666667,-1.7666666666666728
9,43.4780303030303,-34.4780303030303
43,47.06,-4.060000000000002
50,32.35,17.65
71,61.552857142857135,9.447142857142865
57,45.785,11.215000000000003
42,38.9,3.1000000000000014
33,36.47,-3.469999999999999
74,41.999227272727275,32.000772727272725
20,27.27,-7.27
47,41.64,5.359999999999999
47,45.8625,1.1375000000000028
43,41.27,1.7299999999999969
52,41.05,10.950000000000003
42,29.896,12.104
9,37.03666666666667,-28.03666666666667
61,50.35333333333334,10.646666666666661
35,42.59333333333334,-7.593333333333341
45,35.65,9.350000000000001
52,46.8825,5.1175
32,40.02833333333333,-8.028333333333329
41,38.785,2.2150000000000034
45,48.70428571428572,-3.7042857142857173
45,36.64238095238095,8.357619047619053
11,20.856242424242428,-9.856242424242428
43,44.12,-1.1199999999999974
30,30.988000000000003,-0.9880000000000031
67,64.95,2.049999999999997
58,49.24,8.759999999999998
88,7.886870245743534,80.11312975425646
40,33.6,6.399999999999999
53,33.08083333333334,19.919166666666662
39,39.01,-0.00999999999999801
18,24.295,-6.295000000000002
68,42.61119047619048,25.38880952380952
18,25.523888888888887,-7.523888888888887
17,35.6550303030303,-18.6550303030303
21,27.62,-6.620000000000001
55,24.01857142857143,30.98142857142857
52,49.07333333333333,2.9266666666666694
13,27.1875,-14.1875
44,30.698,13.302
0,6.84,-6.84
63,52.459671052631585,10.540328947368415
0,0.42991345361593225,-0.42991345361593225
43,42.477,0.5230000000000032
5,14.5,-9.5
18,19.113666666666667,-1.113666666666667
22,35.13238095238095,-13.132380952380949
19,20.63,-1.629999999999999
0,0.0,0.0
54,48.545,5.454999999999998
43,29.93,13.07
26,28.26,-2.2600000000000016
43,41.845666666666666,1.1543333333333337
67,60.23,6.770000000000003
58,31.29,26.71
50,35.115,14.884999999999998
56,51.84,4.159999999999997
18,17.58,0.4200000000000017
37,38.58,-1.5799999999999983
25,26.44,-1.4400000000000013
48,39.25230769230769,8.747692307692311
0,0.13261983278159745,-0.13261983278159745
47,46.71702380952381,0.28297619047619094
43,34.27857142857143,8.721428571428568
45,39.835,5.164999999999999
37,38.675,-1.6749999999999972
60,53.54666666666667,6.453333333333333
62,41.72,20.28
0,0.79,-0.79
0,0.27,-0.27
38,33.42805555555556,4.571944444444441
3,16.24,-13.239999999999998
48,40.75666666666667,7.243333333333332
0,3.02,-3.02
1,12.115,-11.115
3,5.7,-2.7
38,35.164,2.8359999999999985
4,10.199043638052773,-6.199043638052773
11,39.20416666666667,-28.204166666666673
0,43.39,-43.39
60,41.01035064935065,18.98964935064935
0,0.03382892731669073,-0.03382892731669073
0,0.1017356711915535,-0.1017356711915535
45,38.835,6.164999999999999
34,28.925,5.074999999999999
0,3.4558058952674418,-3.4558058952674418
64,60.64,3.3599999999999994
0,1.3552460317460322,-1.3552460317460322
40,41.3,-1.2999999999999972
0,0.03382892731669073,-0.03382892731669073
77,62.095,14.905000000000001
27,26.83,0.1700000000000017
43,33.91271794871795,9.087282051282052
14,17.01,-3.0100000000000016
40,39.534,0.4660000000000011
51,42.44,8.560000000000002
22,23.91666666666667,-1.9166666666666714
40,34.80285714285714,5.1971428571428575
47,45.26,1.740000000000002
21,27.53844871010482,-6.53844871010482
43,40.09,2.9099999999999966
88,81.43937433155081,6.560625668449191
22,20.38,1.620000000000001
47,26.143939393939394,20.856060606060606
45,41.245,3.7550000000000026
0,0.0,0.0
8,37.528714285714294,-29.528714285714294
46,44.05,1.9500000000000028
29,35.86,-6.859999999999999
57,35.68,21.32
43,40.75666666666667,2.2433333333333323
80,63.0125,16.987499999999997
38,38.10333333333333,-0.10333333333333172
29,28.846666666666664,0.15333333333333599
35,33.720615384615385,1.2793846153846147
68,44.28204545454546,23.71795454545454
41,36.38,4.619999999999997
3,5.531666666666667,-2.531666666666667
45,37.06953174603174,7.930468253968257
12,22.54,-10.54
1,1.6625180220106694,-0.6625180220106694
22,25.71666666666667,-3.7166666666666686
7,17.33,-10.329999999999998
0,19.86,-19.86
1,5.81,-4.81
39,36.08166666666666,2.9183333333333366
38,20.73166666666667,17.26833333333333
53,39.347833333333334,13.652166666666666
40,39.45,0.5499999999999972
0,0.0,0.0
20,38.457857142857144,-18.457857142857144
66,36.874722222222225,29.125277777777775
8,20.34,-12.34
0,0.22139725844653843,-0.22139725844653843
57,48.94,8.060000000000002
0,0.0,0.0
81,74.1625,6.837500000000006
21,26.273333333333333,-5.273333333333333
74,63.41,10.590000000000003
21,37.8275,-16.8275
63,63.27,-0.2700000000000031
39,39.2175,-0.21750000000000114
20,39.9043076923077,-19.904307692307697
40,35.396,4.603999999999999
43,41.81,1.1899999999999977
59,25.08136519036519,33.91863480963481
35,34.93833333333333,0.061666666666667425
0,18.289047619047622,-18.289047619047622
10,33.49,-23.490000000000002
56,47.535,8.465000000000003
29,21.855,7.145
64,28.30990200322553,35.69009799677447
21,43.526666666666664,-22.526666666666664
0,31.28,-31.28
19,26.89666666666667,-7.896666666666668
40,39.03590909090909,0.9640909090909133
21,37.009166666666665,-16.009166666666665
45,38.37645833333333,6.623541666666668
0,0.0,0.0
59,39.16494047619047,19.835059523809527
71,66.91,4.090000000000003
41,44.345,-3.344999999999999
29,27.782833333333333,1.2171666666666674
35,43.106,-8.106000000000002
61,56.45,4.549999999999997
33,47.259047619047614,-14.259047619047614
32,11.44,20.560000000000002
49,45.36583333333334,3.6341666666666583
1,10.04103448275862,-9.04103448275862
31,30.68714285714286,0.3128571428571405
42,39.68,2.3200000000000003
59,38.632333333333335,20.367666666666665
9,28.263333333333335,-19.263333333333335
19,18.06,0.9400000000000013
0,45.361785714285716,-45.361785714285716
37,29.92,7.079999999999998
34,40.419555555555554,-6.419555555555554
53,51.43,1.5700000000000003
28,28.62,-0.620000000000001
0,14.64,-14.64
78,71.14002777777777,6.8599722222222255
0,0.1499714651533537,-0.1499714651533537
50,44.83333333333333,5.166666666666671
51,44.222454545454546,6.777545454545454
21,32.354,-11.354
70,58.7975,11.2025
40,43.25329166666666,-3.2532916666666623
17,24.717677696078436,-7.717677696078436
39,35.595,3.405000000000001
24,40.78636363636363,-16.78636363636363
0,7.14,-7.14
42,36.07,5.93
0,29.699166666666667,-29.699166666666667
46,43.31666666666667,2.68333333333333
0,6.48,-6.48
76,62.21304761904762,13.786952380952378
61,36.85,24.15
53,46.41366666666667,6.586333333333329
59,47.56,11.439999999999998
0,39.783750000000005,-39.783750000000005
23,27.1325,-4.1325
62,41.67,20.33
8,21.65,-13.649999999999999
50,47.94,2.0600000000000023
33,29.635,3.3649999999999984
26,33.575,-7.575000000000003
0,0.27,-0.27
41,25.246666666666666,15.753333333333334
48,41.97666666666667,6.023333333333333
58,49.3225,8.677500000000002
38,37.44706227106227,0.552937728937728
69,4.714333333333333,64.28566666666667
16,18.54,-2.539999999999999
48,34.297676470588236,13.702323529411764
26,29.04,-3.039999999999999
31,32.5415,-1.5414999999999992
63,45.03,17.97
44,45.58741071428572,-1.587410714285717
0,7.358154345654343,-7.358154345654343
48,40.407,7.5930000000000035
0,0.0,0.0
58,40.07,17.93
21,33.582454545454546,-12.582454545454546
55,52.56,2.4399999999999977
2,11.03,-9.03
19,14.4,4.6
0,0.38213700188700195,-0.38213700188700195
65,33.44499999999999,31.555000000000007
46,43.31666666666667,2.68333333333333
58,44.41,13.590000000000003
13,20.42,-7.420000000000002
66,45.70833333333334,20.291666666666657
56,45.625,10.375
42,35.06,6.939999999999998
55,50.33461538461539,4.66538461538461
0,40.57,-40.57
0,0.8477032558514758,-0.8477032558514758
74,72.50066666666667,1.4993333333333254
20,38.85,-18.85
0,16.754285714285714,-16.754285714285714
48,42.1975,5.802500000000002
54,47.28,6.719999999999999
48,28.0165,19.9835
0,30.32,-30.32
24,35.271750000000004,-11.271750000000004
39,31.63973684210526,7.360263157894739
50,29.985666666666667,20.014333333333333
45,32.600967741935484,12.399032258064516
3,3.8671720779220773,-0.8671720779220773
0,8.53,-8.53
27,35.03090909090909,-8.030909090909091
20,33.86833333333334,-13.86833333333334
21,20.32,0.6799999999999997
14,37.10333333333333,-23.10333333333333
36,7.286047619047618,28.71395238095238
63,54.26,8.740000000000002
0,45.18,-45.18
74,68.55,5.450000000000003
21,21.246833333333335,-0.2468333333333348
23,28.87666666666667,-5.876666666666669
1,0.19466883116883113,0.8053311688311688
8,10.2,-2.1999999999999993
47,21.44,25.56
40,29.612482142857143,10.387517857142857
35,33.845,1.1550000000000011
23,39.319714285714284,-16.319714285714284
57,31.33130434782609,25.66869565217391
80,38.42736507936508,41.57263492063492
12,27.273333333333333,-15.273333333333333
33,42.43,-9.43
25,36.244,-11.244
68,52.96666666666667,15.033333333333331
59,56.14,2.8599999999999994
21,44.23,-23.229999999999997
8,30.641666666666666,-22.641666666666666
11,20.91,-9.91
63,57.47875,5.521250000000002
34,41.256,-7.256
14,20.486666666666668,-6.486666666666668
30,20.3125,9.6875
60,58.04,1.9600000000000009
12,36.015,-24.015
63,52.94666666666667,10.053333333333327
53,40.95645833333334,12.043541666666663
0,3.197457935985858,-3.197457935985858
27,36.175,-9.174999999999997
39,24.19,14.809999999999999
8,38.12571428571428,-30.12571428571428
20,33.788289473684216,-13.788289473684216
0,0.26,-0.26
0,14.763333333333335,-14.763333333333335
22,20.94,1.0599999999999987
52,33.711666666666666,18.288333333333334
66,14.368571428571428,51.63142857142857
63,50.495,12.505000000000003
0,2.651818181818182,-2.651818181818182
44,30.636666666666667,13.363333333333333
72,69.13,2.8700000000000045
61,39.0835,21.9165
25,33.13,-8.130000000000003
50,42.29166666666667,7.708333333333329
29,29.85,-0.8500000000000014
26,29.85083333333333,-3.8508333333333304
44,41.17,2.8299999999999983
80,63.07333333333333,16.92666666666667
35,38.72,-3.719999999999999
0,11.32875,-11.32875
36,45.32333333333333,-9.32333333333333
38,35.64560378061228,2.3543962193877235
49,45.032807692307685,3.967192307692315
26,30.84121212121212,-4.84121212121212
0,18.94,-18.94
22,23.58,-1.5799999999999983
1,0.3750751339545305,0.6249248660454695
40,41.71056818181818,-1.7105681818181822
42,33.4905,8.509500000000003
41,40.99,0.00999999999999801
46,40.213249999999995,5.786750000000005
49,32.14066666666667,16.859333333333332
0,0.45197043253929786,-0.45197043253929786
53,50.67,2.3299999999999983
40,40.988214285714285,-0.9882142857142853
55,29.44,25.56
45,41.81609740259742,3.1839025974025787
39,32.49833333333333,6.501666666666672
58,42.47,15.530000000000001
43,30.27,12.73
9,41.944231638418074,-32.944231638418074
18,32.59133333333333,-14.591333333333331
16,44.84,-28.840000000000003
51,36.09,14.909999999999997
66,34.72944444444445,31.270555555555553
39,34.7122619047619,4.2877380952380975
25,38.979375,-13.979374999999997
61,40.85583333333334,20.144166666666663
66,65.3,0.7000000000000028
26,31.31,-5.309999999999999
42,40.878,1.1219999999999999
0,0.07559347433612137,-0.07559347433612137
16,25.179000000000002,-9.179000000000002
73,36.3325,36.6675
34,39.38083333333333,-5.380833333333328
28,48.90072222222223,-20.900722222222228
39,38.76583333333333,0.23416666666666686
25,29.375,-4.375
28,42.54,-14.54
36,37.07,-1.0700000000000003
14,32.13,-18.130000000000003
35,35.60666666666666,-0.606666666666662
65,46.602666666666664,18.397333333333336
37,44.46622222222222,-7.466222222222221
0,5.79,-5.79
21,35.116,-14.116
23,35.36233333333333,-12.362333333333332
75,69.64,5.359999999999999
61,39.08,21.92
26,42.11666666666666,-16.11666666666666
55,53.44,1.5600000000000023
0,0.0,0.0
39,39.193030303030305,-0.1930303030303051
68,59.961999999999996,8.038000000000004
76,41.11416666666667,34.88583333333333
36,37.92,-1.9200000000000017
25,14.103333333333332,10.896666666666668
20,31.2575,-11.2575
64,59.571999999999996,4.428000000000004
0,22.75,-22.75
65,54.0845,10.915500000000002
59,53.69571428571428,5.304285714285719
57,51.86,5.140000000000001
26,39.14333333333334,-13.143333333333338
32,34.944761904761904,-2.9447619047619042
14,24.752179487179486,-10.752179487179486
22,30.91,-8.91
66,58.394,7.606000000000002
2,36.55744444444444,-34.55744444444444
46,45.03666666666666,0.9633333333333383
0,15.39086956521739,-15.39086956521739
0,2.17,-2.17
0,5.8151111111111105,-5.8151111111111105
40,41.03366666666667,-1.0336666666666687
31,33.403333333333336,-2.403333333333336
45,44.05333333333334,0.9466666666666583
54,40.26333333333333,13.736666666666672
55,46.99,8.009999999999998
29,38.78146666666667,-9.781466666666667
37,32.784,4.216000000000001
45,34.01,10.990000000000002
18,29.41,-11.41
24,40.67,-16.67
55,41.97166666666667,13.028333333333329
60,47.20399999999999,12.796000000000006
19,33.17838665245481,-14.178386652454812
59,40.3,18.700000000000003
41,37.038333333333334,3.961666666666666
37,40.84196428571428,-3.8419642857142833
11,32.14333333333333,-21.14333333333333
54,45.85833333333333,8.141666666666673
50,45.35833333333334,4.641666666666659
23,26.41,-3.41
35,34.38,0.6199999999999974
0,17.19,-17.19
40,29.53616666666666,10.46383333333334
19,35.7125,-16.7125
19,30.573714285714285,-11.573714285714285
66,36.67,29.33
60,39.2605,20.7395
44,41.9,2.1000000000000014
14,24.666666666666664,-10.666666666666664
38,31.014166666666668,6.985833333333332
16,33.18666666666667,-17.186666666666667
1,2.7612267023654704,-1.7612267023654704
23,22.763333333333335,0.23666666666666458
16,30.63,-14.629999999999999
18,16.858,1.1419999999999995
0,35.055,-35.055
57,43.095,13.905000000000001
39,36.61,2.3900000000000006
61,34.57416666666667,26.42583333333333
0,13.305,-13.305
80,37.9532619047619,42.0467380952381
68,56.89,11.11
20,17.97714285714286,2.0228571428571414
23,35.25717651888341,-12.257176518883412
38,19.45,18.55
32,32.45,-0.45000000000000284
58,55.36,2.6400000000000006
57,32.763000000000005,24.236999999999995
62,33.39875,28.60125
83,34.9775,48.0225
43,43.64716666666667,-0.6471666666666707
36,35.34953846153846,0.650461538461542
53,37.769375,15.230625000000003
2,41.587999999999994,-39.587999999999994
40,33.41333333333333,6.586666666666673
23,30.97,-7.969999999999999
7,33.55833333333334,-26.558333333333337
45,35.120384615384616,9.879615384615384
16,34.37,-18.369999999999997
26,32.51166666666667,-6.51166666666667
23,44.23,-21.229999999999997
61,40.12833333333334,20.871666666666663
23,24.995,-1.995000000000001
0,0.0,0.0
69,56.94,12.060000000000002
54,46.155833333333334,7.844166666666666
29,34.31,-5.310000000000002
45,32.78,12.219999999999999
0,18.85,-18.85
45,42.97,2.030000000000001
0,8.316666666666666,-8.316666666666666
22,34.656,-12.655999999999999
46,45.89,0.10999999999999943
47,26.575,20.425
29,38.66833333333334,-9.668333333333337
0,10.41,-10.41
24,11.81,12.19
25,37.68,-12.68
20,36.42458333333333,-16.42458333333333
38,36.315,1.6850000000000023
28,27.5125,0.4875000000000007
39,35.19,3.8100000000000023
68,43.67625,24.323749999999997
68,58.742,9.258000000000003
27,18.26151082251082,8.738489177489178
48,41.78,6.219999999999999
24,38.2675,-14.267499999999998
40,40.156666666666666,-0.1566666666666663
0,25.453354978354977,-25.453354978354977
0,0.0,0.0
50,41.31,8.689999999999998
7,22.095,-15.094999999999999
39,38.92666666666666,0.07333333333333769
23,40.68,-17.68
26,16.51,9.489999999999998
57,32.52045454545455,24.479545454545452
5,21.521052631578947,-16.521052631578947
29,24.91642857142857,4.083571428571432
0,10.59,-10.59
0,0.8798468061796365,-0.8798468061796365
58,47.96676923076923,10.03323076923077
1,3.5821428571428577,-2.5821428571428577
90,85.09666666666668,4.903333333333322
11,38.933119047619044,-27.933119047619044
71,58.78,12.219999999999999
30,23.692619047619047,6.307380952380953
83,34.38166666666667,48.61833333333333
52,48.770526315789475,3.229473684210525
74,63.90833333333333,10.091666666666669
11,14.11,-3.1099999999999994
0,15.916666666666668,-15.916666666666668
41,32.995,8.005000000000003
43,34.678000000000004,8.321999999999996
70,40.40916666666667,29.59083333333333
75,62.4,12.600000000000001
11,27.566666666666666,-16.566666666666666
72,38.90533333333333,33.09466666666667
53,48.47,4.530000000000001
28,36.77,-8.770000000000003
0,0.7291150793650794,-0.7291150793650794
50,47.83833333333333,2.161666666666669
57,44.69181818181818,12.308181818181822
0,3.86,-3.86
0,21.70132771395272,-21.70132771395272
49,44.01565789473684,4.98434210526316
32,31.51666666666667,0.48333333333333073
33,30.86,2.1400000000000006
39,42.535714285714285,-3.5357142857142847
62,38.422,23.578000000000003
14,39.04685714285714,-25.046857142857142
15,18.03,-3.030000000000001
61,50.53,10.469999999999999
51,40.732,10.268
34,29.667047619047615,4.332952380952385
0,13.185,-13.185
29,28.736666666666668,0.26333333333333186
50,43.46,6.539999999999999
0,0.0,0.0
73,67.758,5.242000000000004
59,56.39,2.6099999999999994
60,42.271,17.729
45,43.63,1.3699999999999974
19,26.03,-7.030000000000001
60,42.60333333333333,17.39666666666667
52,39.54,12.46
0,13.24,-13.24
14,38.50207142857143,-24.502071428571433
14,28.943,-14.943000000000001
40,32.094,7.905999999999999
46,44.6203354978355,1.379664502164502
38,30.16833333333333,7.8316666666666706
21,37.89666666666667,-16.89666666666667
21,20.98,0.019999999999999574
15,39.755714285714284,-24.755714285714284
64,55.37,8.630000000000003
1,1.4233549783549784,-0.4233549783549784
59,57.865,1.134999999999998
31,34.44119047619047,-3.441190476190471
1,6.75,-5.75
0,47.562380952380956,-47.562380952380956
54,36.48181818181818,17.518181818181823
35,35.87933333333333,-0.879333333333328
48,38.96898102419988,9.031018975800123
68,31.731130952380955,36.26886904761905
71,42.297,28.703000000000003
48,47.47,0.5300000000000011
21,28.862820512820512,-7.862820512820512
0,0.6001299468333524,-0.6001299468333524
25,40.63,-15.630000000000003
47,32.2485,14.7515
0,21.70132771395272,-21.70132771395272
26,28.775,-2.7749999999999986
3,1.7387121212121215,1.2612878787878785
1,20.895800333064955,-19.895800333064955
58,50.37978571428572,7.620214285714283
24,38.675,-14.674999999999997
37,44.32642857142857,-7.326428571428572
64,38.19691724941725,25.803082750582753
37,33.71,3.289999999999999
58,32.92,25.08
66,43.505,22.494999999999997
50,15.842045454545454,34.157954545454544
48,44.532,3.4680000000000035
35,39.24,-4.240000000000002
22,33.72833333333333,-11.728333333333332
46,46.0,0.0
76,47.3,28.700000000000003
23,34.38428571428571,-11.38428571428571
0,4.035173142303174,-4.035173142303174
0,0.0,0.0
0,11.5,-11.5
29,44.64683333333333,-15.646833333333333
0,0.7501967469179239,-0.7501967469179239
25,32.63633333333333,-7.636333333333333
0,0.0,0.0
23,33.253173076923076,-10.253173076923076
46,44.22,1.7800000000000011
0,4.68,-4.68
31,36.64030303030302,-5.6403030303030235
32,25.866,6.134
23,43.8,-20.799999999999997
41,35.33457142857142,5.665428571428578
0,0.0,0.0
54,35.13,18.869999999999997
74,71.956,2.043999999999997
7,43.44611904761905,-36.44611904761905
26,31.643253968253966,-5.6432539682539655
0,0.22139725844653843,-0.22139725844653843
0,11.006666666666666,-11.006666666666666
34,29.920833333333334,4.079166666666666
51,42.35594871794872,8.64405128205128
57,36.520833333333336,20.479166666666664
0,5.35,-5.35
31,38.4375,-7.4375
0,0.55,-0.55
69,49.48638278388278,19.51361721611722
15,28.503916666666665,-13.503916666666665
72,67.29,4.709999999999994
73,45.56100000000001,27.438999999999993
68,5.95,62.05
39,39.22288888888888,-0.2228888888888818
54,41.1525,12.847499999999997
0,24.7,-24.7
67,37.416666666666664,29.583333333333336
37,34.965384615384615,2.0346153846153854
22,24.253047201336678,-2.2530472013366776
3,35.17633333333333,-32.17633333333333
0,0.0,0.0
23,37.03285714285714,-14.03285714285714
57,50.33,6.670000000000002
49,43.78,5.219999999999999
66,29.06,36.94
0,28.64,-28.64
19,39.92666666666667,-20.92666666666667
56,50.98777777777777,5.012222222222228
31,30.173060606060602,0.8269393939393979
2,0.34897937683231794,1.651020623167682
50,33.914,16.086
54,45.521,8.479
66,59.313999999999986,6.686000000000014
42,36.31,5.689999999999998
49,41.405,7.594999999999999
49,48.71,0.28999999999999915
22,31.568722222222224,-9.568722222222224
0,4.15,-4.15
37,39.16,-2.1599999999999966
62,60.43,1.5700000000000003
49,44.845,4.155000000000001
31,27.15,3.8500000000000014
36,37.38,-1.3800000000000026
20,31.382238095238094,-11.382238095238094
34,26.44,7.559999999999999
44,37.002096774193554,6.997903225806446
29,41.77,-12.770000000000003
31,33.944,-2.9440000000000026
12,22.101833333333335,-10.101833333333335
76,33.03025641025641,42.96974358974359
27,38.192,-11.192
36,37.725929824561405,-1.7259298245614048
73,38.2027380952381,34.7972619047619
85,77.59158620689655,7.408413793103449
0,2.615,-2.615
44,42.29866666666667,1.7013333333333307
29,39.16,-10.159999999999997
12,37.99452380952381,-25.994523809523812
59,57.02,1.9799999999999969
16,27.125,-11.125
48,45.35,2.6499999999999986
43,34.454,8.546
32,35.185,-3.1850000000000023
45,43.17587301587302,1.824126984126977
0,10.199043638052773,-10.199043638052773
32,24.55,7.449999999999999
44,38.14016185255464,5.859838147445359
72,38.39971130952381,33.60028869047619
25,33.68,-8.68
83,67.50142857142856,15.498571428571438
27,28.57,-1.5700000000000003
36,44.547777777777775,-8.547777777777775
0,26.61,-26.61
44,41.176,2.823999999999998
55,43.188,11.811999999999998
11,28.52675757575758,-17.52675757575758
42,33.445,8.555
52,23.555,28.445
5,26.657759103641457,-21.657759103641457
33,41.215166666666676,-8.215166666666676
57,33.10080931836178,23.899190681638217
0,10.75,-10.75
50,41.59,8.409999999999997
51,47.408,3.5919999999999987
48,30.320470085470088,17.679529914529912
10,27.77988095238095,-17.77988095238095
60,66.379,-6.379000000000005
51,35.475476190476186,15.524523809523814
76,45.825,30.174999999999997
75,70.57833333333333,4.421666666666667
44,29.918000000000003,14.081999999999997
22,14.03,7.970000000000001
54,27.83,26.17
31,30.495219298245612,0.5047807017543882
20,36.04042016806723,-16.04042016806723
20,27.82,-7.82
23,30.92,-7.920000000000002
42,36.57833333333333,5.421666666666667
26,43.575,-17.575000000000003
21,39.05,-18.049999999999997
0,10.98,-10.98
64,37.982,26.018
49,43.61583333333333,5.3841666666666725
20,26.59,-6.59
0,1.2,-1.2
22,32.69589942923456,-10.695899429234558
27,35.654,-8.654000000000003
19,36.08356060606061,-17.083560606060608
17,19.635,-2.6350000000000016
43,38.74428571428571,4.255714285714291
1,9.95,-8.95
27,43.99,-16.990000000000002
0,0.44,-0.44
0,11.1375,-11.1375
38,39.59,-1.5900000000000034
2,1.9268318903318902,0.07316810966810983
67,49.43583333333334,17.564166666666658
64,35.64966666666667,28.35033333333333
24,32.03666666666667,-8.036666666666669
50,47.59,2.4099999999999966
20,30.44769230769231,-10.44769230769231
0,5.05,-5.05
0,0.0,0.0
17,17.16909090909091,-0.16909090909091162
0,1.3,-1.3
0,0.13516509214819886,-0.13516509214819886
65,9.87,55.13
24,31.241333333333337,-7.241333333333337
0,14.18,-14.18
18,36.84,-18.840000000000003
44,47.995,-3.9949999999999974
59,49.46,9.54
48,34.47266666666666,13.527333333333338
32,31.2525,0.7474999999999987
65,63.43,1.5700000000000003
44,41.67166666666667,2.328333333333333
0,9.81,-9.81
16,39.66,-23.659999999999997
52,50.383,1.6169999999999973
39,33.126,5.874000000000002
7,18.448,-11.448
38,22.78,15.219999999999999
43,32.48666666666667,10.513333333333328
2,35.81,-33.81
0,0.0,0.0
0,36.755,-36.755
54,48.75,5.25
32,29.62833333333333,2.3716666666666697
68,0.43796910768969577,67.5620308923103
50,51.66,-1.6599999999999966
20,26.357261904761902,-6.357261904761902
56,40.96366666666667,15.036333333333332
70,57.93833333333333,12.061666666666667
39,34.07,4.93
54,29.26958333333333,24.73041666666667
0,12.01,-12.01
4,17.820204085946738,-13.820204085946738
41,46.510666666666665,-5.5106666666666655
41,42.26,-1.259999999999998
55,40.46,14.54
21,42.09,-21.090000000000003
24,36.57333333333334,-12.573333333333338
92,84.56,7.439999999999998
22,33.705,-11.704999999999998
67,57.38916666666666,9.61083333333334
26,27.58,-1.5799999999999983
23,35.68814285714286,-12.688142857142857
41,37.01166666666666,3.988333333333337
42,34.532666666666664,7.467333333333336
24,29.121492063492063,-5.121492063492063
31,30.440833333333334,0.5591666666666661
60,56.545,3.4549999999999983
30,33.68333333333333,-3.68333333333333
0,0.36258423025192676,-0.36258423025192676
64,40.93537878787878,23.064621212121217
78,45.7816,32.2184
36,36.16,-0.1599999999999966
11,34.739333333333335,-23.739333333333335
46,31.9275,14.072500000000002
58,38.7447619047619,19.2552380952381
2,0.16640849020260784,1.833591509797392
1,17.0225,-16.0225
28,37.1025,-9.1025
35,38.6525,-3.6525000000000034
50,39.22416666666666,10.775833333333338
37,40.785,-3.7849999999999966
17,38.16166666666667,-21.16166666666667
0,2.364463792696026,-2.364463792696026
46,46.27,-0.2700000000000031
73,39.93622222222222,33.06377777777778
23,39.768571428571434,-16.768571428571434
16,24.58386363636364,-8.583863636363638
0,0.45197043253929786,-0.45197043253929786
39,41.395,-2.395000000000003
40,23.544,16.456
48,29.03916666666667,18.96083333333333
78,64.3035,13.6965
73,69.58535714285715,3.4146428571428515
21,33.9,-12.899999999999999
1,2.532785714285714,-1.5327857142857142
59,50.358999999999995,8.641000000000005
14,28.36,-14.36
2,1.1851534347448085,0.8148465652551915
66,33.81166666666667,32.18833333333333
26,40.63814954051796,-14.638149540517958
3,1.9915079365079367,1.0084920634920633
31,34.538333333333334,-3.538333333333334
18,27.37,-9.370000000000001
59,39.89387577824278,19.10612422175722
0,8.71,-8.71
49,42.2475,6.752499999999998
87,39.7910101010101,47.2089898989899
50,44.990500000000004,5.009499999999996
0,16.592,-16.592
57,51.254,5.746000000000002
55,37.67333333333333,17.326666666666668
12,33.22486111111111,-21.22486111111111
37,36.769492063492066,0.23050793650793366
46,32.69,13.310000000000002
12,32.315,-20.314999999999998
27,30.01,-3.0100000000000016
58,40.4129020979021,17.587097902097902
24,28.75142857142857,-4.751428571428569
68,59.28,8.719999999999999
1,0.3157684537684536,0.6842315462315465
51,46.643,4.356999999999999
20,29.804285714285715,-9.804285714285715
41,40.85,0.14999999999999858
0,12.24,-12.24
37,36.245,0.7550000000000026
32,29.8675,2.1325000000000003
31,40.92,-9.920000000000002
0,2.82,-2.82
25,39.113888888888894,-14.113888888888894
19,33.402,-14.402000000000001
28,38.834714285714284,-10.834714285714284
44,33.483333333333334,10.516666666666666
20,29.034963675213675,-9.034963675213675
23,25.9525,-2.9525000000000006
29,46.305,-17.305
50,38.62875,11.371250000000003
12,21.58,-9.579999999999998
70,33.431666666666665,36.568333333333335
20,23.67,-3.6700000000000017
54,46.08442857142857,7.9155714285714325
0,5.119944444444445,-5.119944444444445
29,38.733333333333334,-9.733333333333334
1,0.25192685449225694,0.7480731455077431
0,0.0,0.0
43,37.86,5.140000000000001
29,28.2875,0.7124999999999986
0,47.79,-47.79
12,44.95666666666667,-32.95666666666667
60,40.1285,19.871499999999997
0,11.84,-11.84
53,34.668499999999995,18.331500000000005
54,33.058080357142856,20.941919642857144
1,1.2392631442919038,-0.23926314429190376
3,28.04666666666667,-25.04666666666667
0,22.365,-22.365
21,43.54,-22.54
47,43.36,3.6400000000000006
21,22.4,-1.3999999999999986
21,34.230140692640695,-13.230140692640695
21,22.216272727272727,-1.2162727272727274
48,15.06,32.94
20,11.65,8.35
36,16.166666666666668,19.833333333333332
0,16.75,-16.75
22,47.225,-25.225
0,0.0,0.0
0,22.26,-22.26
37,36.38333333333333,0.6166666666666671
0,39.91,-39.91
0,0.0,0.0
25,26.031999999999996,-1.0319999999999965
0,22.96,-22.96
13,14.11,-1.1099999999999994
75,36.551521395271386,38.448478604728614
45,40.285,4.715000000000003
27,41.84690476190476,-14.84690476190476
59,40.54833333333333,18.451666666666668
23,35.0778717948718,-12.077871794871797
41,41.315,-0.3149999999999977
0,0.64,-0.64
0,0.0,0.0
19,24.59,-5.59
38,36.98666666666667,1.0133333333333283
0,6.422729769933182,-6.422729769933182
45,40.32333333333334,4.676666666666662
25,37.48704545454545,-12.487045454545452
13,29.805,-16.805
0,0.0,0.0
75,69.94516666666667,5.054833333333335
43,37.67085714285714,5.3291428571428625
52,34.548,17.451999999999998
48,40.22272222222223,7.777277777777769
45,43.67321428571429,1.3267857142857125
19,26.33,-7.329999999999998
41,41.0975,-0.09749999999999659
0,0.0,0.0
48,33.41166666666666,14.588333333333338
12,15.163333333333332,-3.163333333333332
50,49.11916666666666,0.8808333333333422
46,30.701999999999998,15.298000000000002
39,25.111666666666665,13.888333333333335
6,14.76,-8.76
0,31.093333333333334,-31.093333333333334
0,43.945,-43.945
43,43.22633333333333,-0.22633333333332928
37,34.21731481481481,2.782685185185187
59,54.55,4.450000000000003
59,55.69,3.3100000000000023
55,37.37,17.630000000000003
81,42.04842857142857,38.95157142857143
20,20.14666666666667,-0.14666666666666828
47,37.345166666666664,9.654833333333336
66,57.07333333333334,8.926666666666662
69,51.60425,17.39575
77,15.44790476190477,61.552095238095234
42,39.48625,2.5137500000000017
36,26.036666666666665,9.963333333333335
0,0.5908208735708735,-0.5908208735708735
0,0.0,0.0
73,71.6,1.4000000000000057
61,54.104,6.896000000000001
33,24.4,8.600000000000001
60,41.406000000000006,18.593999999999994
43,43.3,-0.29999999999999716
63,49.76,13.240000000000002
23,35.42480555555555,-12.424805555555551
22,32.164,-10.164000000000001
67,39.39,27.61
18,21.71,-3.710000000000001
33,36.9835,-3.9834999999999994
30,39.214666666666666,-9.214666666666666
15,21.79666666666667,-6.79666666666667
46,43.95,2.049999999999997
1,43.33041666666667,-42.33041666666667
2,0.0,2.0
53,50.37,2.6300000000000026
0,0.42,-0.42
31,44.74,-13.740000000000002
52,48.26,3.740000000000002
41,44.39196969696969,-3.3919696969696886
43,40.07333333333333,2.9266666666666694
13,19.13,-6.129999999999999
30,22.592222222222222,7.407777777777778
44,38.175,5.825000000000003
2,6.78,-4.78
46,29.18,16.82
0,36.236999999999995,-36.236999999999995
54,51.365,2.634999999999998
0,9.17726807057705,-9.17726807057705
22,42.066880952380956,-20.066880952380956
67,39.759499999999996,27.240500000000004
0,35.51697965367965,-35.51697965367965
45,39.81,5.189999999999998
0,0.52,-0.52
1,5.75,-4.75
39,28.45,10.55
73,70.72,2.280000000000001
83,39.827083333333334,43.172916666666666
57,41.41141414141414,15.588585858585859
40,28.98,11.02
47,47.03,-0.030000000000001137
33,40.98111111111111,-7.981111111111112
16,38.715833333333336,-22.715833333333336
0,32.62357142857143,-32.62357142857143
27,42.4,-15.399999999999999
0,1.27,-1.27
19,41.83357142857143,-22.83357142857143
56,34.46,21.54
48,34.36833333333333,13.631666666666668
55,46.2625,8.737499999999997
29,28.87,0.129999999999999
46,42.872857142857136,3.1271428571428643
21,28.21041993964408,-7.21041993964408
51,49.97916666666667,1.0208333333333286
21,30.850454545454546,-9.850454545454546
0,0.22,-0.22
16,16.515625,-0.515625
3,48.000097402597405,-45.000097402597405
46,44.3,1.7000000000000028
43,40.001,2.9990000000000023
45,29.0925,15.907499999999999
18,19.09,-1.0899999999999999
1,5.138653792147563,-4.138653792147563
44,34.735,9.265
60,39.07,20.93
49,42.632333333333335,6.367666666666665
64,40.843333333333334,23.156666666666666
21,29.36875,-8.368749999999999
36,35.55916666666666,0.4408333333333374
12,23.23,-11.23
0,23.173333333333332,-23.173333333333332
0,0.0,0.0
1,0.39105158730158734,0.6089484126984126
41,36.838,4.161999999999999
41,37.44428571428571,3.555714285714288
49,47.6525,1.3474999999999966
37,40.85333333333333,-3.8533333333333317
45,42.029333333333334,2.9706666666666663
37,34.061905753968254,2.9380942460317456
20,29.37694444444444,-9.37694444444444
1,15.683,-14.683
45,42.51,2.490000000000002
38,47.59,-9.590000000000003
47,38.2,8.799999999999997
76,73.31,2.6899999999999977
56,38.86,17.14
60,57.72,2.280000000000001
43,38.890027777777775,4.1099722222222255
0,26.8,-26.8
60,43.35333333333334,16.64666666666666
21,21.11,-0.10999999999999943
58,29.254927584670227,28.745072415329773
36,39.3,-3.299999999999997
53,45.233000000000004,7.766999999999996
37,37.67,-0.6700000000000017
64,59.86,4.140000000000001
43,24.195,18.805
51,40.18666666666667,10.813333333333333
49,40.6,8.399999999999999
1,38.11,-37.11
58,29.430384615384614,28.569615384615386
19,34.63166666666667,-15.631666666666668
58,54.9025,3.0974999999999966
7,8.649025907557997,-1.6490259075579967
0,37.45039682539682,-37.45039682539682
38,29.0675,8.932500000000001
0,0.0,0.0
23,45.535,-22.534999999999997
40,39.8,0.20000000000000284
53,51.49714285714286,1.5028571428571382
21,33.22666666666667,-12.226666666666667
27,43.19433333333333,-16.194333333333333
22,40.078,-18.078000000000003
38,50.657,-12.656999999999996
42,41.61371212121212,0.38628787878788273
27,39.016615384615385,-12.016615384615385
57,48.24857142857143,8.75142857142857
58,36.10125,21.89875
0,0.0,0.0
61,30.51,30.49
33,33.598333333333336,-0.5983333333333363
31,39.604285714285716,-8.604285714285716
58,44.25666666666666,13.74333333333334
58,33.08,24.92
28,31.806666666666665,-3.806666666666665
69,3.255333333333333,65.74466666666666
43,42.31,0.6899999999999977
13,14.39,-1.3900000000000006
58,25.95315789473684,32.04684210526316
72,27.297428571428572,44.70257142857143
31,30.336388888888887,0.6636111111111127
18,28.81,-10.809999999999999
0,0.0,0.0
61,37.3643518907563,23.635648109243697
0,0.0,0.0
76,38.94605555555556,37.05394444444444
1,0.3385909645909645,0.6614090354090355
22,22.78833333333333,-0.7883333333333304
0,6.0,-6.0
20,39.373333333333335,-19.373333333333335
66,42.64377777777778,23.35622222222222
29,38.093333333333334,-9.093333333333334
51,46.0975,4.902500000000003
52,63.78333333333333,-11.783333333333331
79,41.64,37.36
0,7.522658421428932,-7.522658421428932
28,38.307111111111105,-10.307111111111105
23,24.41,-1.4100000000000001
39,37.01,1.990000000000002
75,62.23166666666667,12.76833333333333
59,54.648888888888884,4.351111111111116
0,14.493636363636364,-14.493636363636364
37,43.61333333333333,-6.61333333333333
43,42.26285714285714,0.7371428571428567
16,39.785,-23.784999999999997
25,41.365277777777784,-16.365277777777784
0,5.501952380952382,-5.501952380952382
19,30.23,-11.23
82,71.10321322242572,10.896786777574277
20,30.84,-10.84
59,57.27,1.7299999999999969
23,24.065,-1.0650000000000013
49,24.414285714285715,24.585714285714285
19,31.312317167534555,-12.312317167534555
58,43.75,14.25
20,25.37442857142857,-5.37442857142857
61,53.94,7.060000000000002
0,36.12884199134199,-36.12884199134199
60,38.06038461538461,21.939615384615387
54,22.873333333333335,31.126666666666665
44,40.66833333333333,3.3316666666666706
19,35.39285714285714,-16.39285714285714
50,31.105999999999998,18.894000000000002
70,11.885984848484853,58.11401515151515
0,9.42,-9.42
5,41.10333333333333,-36.10333333333333
12,19.58,-7.579999999999998
44,42.67,1.3299999999999983
0,29.95333333333333,-29.95333333333333
10,29.305,-19.305
51,42.443999999999996,8.556000000000004
29,34.413000000000004,-5.413000000000004
44,43.79,0.21000000000000085
45,33.37833333333333,11.62166666666667
27,25.16,1.8399999999999999
0,16.116,-16.116
49,34.25714285714286,14.74285714285714
59,37.755388888888895,21.244611111111105
2,22.339333333333332,-20.339333333333332
24,40.467,-16.467
18,35.300666666666665,-17.300666666666665
39,36.05863636363636,2.94136363636364
39,34.528636363636366,4.471363636363634
20,41.025,-21.025
57,55.98,1.0200000000000031
14,32.32,-18.32
52,40.4725,11.527500000000003
12,28.159382352941176,-16.159382352941176
35,36.755,-1.7550000000000026
39,41.16666666666666,-2.166666666666657
36,32.885,3.115000000000002
47,45.42,1.5799999999999983
25,22.33,2.6700000000000017
58,45.11,12.89
48,26.28,21.72
0,0.0,0.0
65,63.71,1.2899999999999991
47,49.477999999999994,-2.4779999999999944
24,39.95,-15.950000000000003
0,33.724333333333334,-33.724333333333334
0,40.2,-40.2
25,40.696666666666665,-15.696666666666665
24,29.636666666666667,-5.636666666666667
0,0.25192685449225694,-0.25192685449225694
1,2.05,-1.0499999999999998
65,35.85,29.15
0,0.68,-0.68
36,40.046190476190475,-4.046190476190475
47,32.29901515151516,14.700984848484843
51,48.04,2.960000000000001
33,26.26,6.739999999999998
20,19.9575,0.042500000000000426
27,20.6,6.399999999999999
24,28.528000000000002,-4.528000000000002
16,29.433333333333334,-13.433333333333334
72,31.884642857142858,40.11535714285714
0,0.048700593435096716,-0.048700593435096716
54,35.87218099547511,18.127819004524888
33,39.803710317460315,-6.803710317460315
0,4.15,-4.15
30,33.04,-3.039999999999999
37,39.12,-2.1199999999999974
45,39.85532679738562,5.144673202614378
46,45.3,0.7000000000000028
43,19.065833333333334,23.934166666666666
42,33.17,8.829999999999998
38,38.14,-0.14000000000000057
0,15.86,-15.86
25,38.04666666666667,-13.046666666666667
25,27.77,-2.7699999999999996
18,32.6,-14.600000000000001
45,43.4775,1.5225000000000009
28,29.49333333333333,-1.4933333333333287
0,12.05,-12.05
28,43.28297619047619,-15.282976190476191
16,28.14201923076923,-12.142019230769229
12,37.248380952380955,-25.248380952380955
27,29.13,-2.129999999999999
59,39.51928822264692,19.48071177735308
62,43.35136363636364,18.648636363636363
42,30.55,11.45
72,24.913333333333334,47.086666666666666
34,38.75888888888889,-4.75888888888889
38,38.586666666666666,-0.586666666666666
44,45.00238095238095,-1.0023809523809533
21,28.668000000000003,-7.668000000000003
0,1.1479938479658163,-1.1479938479658163
43,30.02333333333333,12.97666666666667
32,24.85,7.149999999999999
40,40.013571428571424,-0.013571428571424349
62,50.51,11.490000000000002
54,29.388,24.612
44,30.061500000000002,13.938499999999998
40,33.829404761904755,6.170595238095245
54,52.11,1.8900000000000006
19,33.156384920634935,-14.156384920634935
0,16.19,-16.19
21,36.48048913043478,-15.480489130434783
18,20.80666666666667,-2.8066666666666684
65,59.08,5.920000000000002
41,27.736666666666668,13.263333333333332
22,26.18,-4.18
40,43.65,-3.6499999999999986
44,42.78833333333333,1.211666666666673
22,17.59,4.41
17,32.95587301587301,-15.95587301587301
49,26.98,22.02
45,39.093333333333334,5.906666666666666
49,50.758,-1.7580000000000027
77,74.1,2.9000000000000057
31,33.62142857142857,-2.6214285714285666
15,30.76083333333333,-15.76083333333333
7,26.828333333333333,-19.828333333333333
45,27.02714285714286,17.97285714285714
61,41.235,19.765
0,1.39,-1.39
47,41.942,5.058
0,0.07239832455621265,-0.07239832455621265
0,14.57388888888889,-14.57388888888889
29,46.52452380952381,-17.524523809523807
0,0.0,0.0
26,38.15,-12.149999999999999
17,18.71,-1.7100000000000009
0,0.0,0.0
0,12.88,-12.88
60,48.81,11.189999999999998
18,36.856,-18.856
9,37.22083333333333,-28.22083333333333
39,35.794870129870134,3.2051298701298663
35,38.529666666666664,-3.529666666666664
0,0.53,-0.53
58,62.83,-4.829999999999998
22,16.6,5.399999999999999
0,0.020917194059227734,-0.020917194059227734
29,36.285,-7.284999999999997
61,46.833888888888886,14.166111111111114
13,35.403333333333336,-22.403333333333336
0,0.13516509214819886,-0.13516509214819886
44,39.98333333333333,4.016666666666673
53,27.706196969696965,25.293803030303035
22,40.153333333333336,-18.153333333333336
21,28.29,-7.289999999999999
11,15.71,-4.710000000000001
50,29.087441391941393,20.912558608058607
57,49.72666666666667,7.273333333333333
71,54.55,16.450000000000003
52,26.118000000000002,25.881999999999998
8,15.98,-7.98
18,39.075,-21.075000000000003
0,27.03666666666667,-27.03666666666667
23,25.55,-2.5500000000000007
56,41.36015151515151,14.639848484848493
0,40.476111111111116,-40.476111111111116
28,33.71333333333334,-5.713333333333338
43,26.892888888888887,16.107111111111113
38,36.82,1.1799999999999997
28,8.44,19.560000000000002
30,34.63686666666666,-4.636866666666663
15,20.0,-5.0
45,39.8,5.200000000000003
0,2.1191002886002885,-2.1191002886002885
12,28.378,-16.378
18,43.223333333333336,-25.223333333333336
50,52.26,-2.259999999999998
49,39.200714285714284,9.799285714285716
0,0.0,0.0
41,39.73666666666667,1.2633333333333283
35,43.526666666666664,-8.526666666666664
37,40.25152747252747,-3.2515274725274708
50,31.439545454545456,18.560454545454544
67,61.11333333333333,5.88666666666667
50,25.4175,24.5825
13,33.27033333333333,-20.270333333333333
24,36.51,-12.509999999999998
14,31.75,-17.75
22,34.20033333333333,-12.200333333333333
69,68.56,0.4399999999999977
44,37.91892063492063,6.081079365079368
24,39.817190476190476,-15.817190476190476
25,27.14,-2.1400000000000006
0,0.9341683592209,-0.9341683592209
41,48.622571428571426,-7.622571428571426
38,36.405,1.5949999999999989
53,38.772,14.228000000000002
40,35.45916666666667,4.540833333333332
35,35.618,-0.6180000000000021
18,19.14,-1.1400000000000006
23,24.12,-1.120000000000001
20,34.56,-14.560000000000002
36,40.5009126984127,-4.500912698412698
21,36.340666666666664,-15.340666666666664
32,40.14303030303031,-8.143030303030308
39,39.8597619047619,-0.8597619047619034
2,0.6538404657889784,1.3461595342110217
45,43.72,1.2800000000000011
50,43.96,6.039999999999999
0,14.66,-14.66
20,33.54935064935065,-13.54935064935065
41,41.92166666666666,-0.9216666666666598
2,5.181106229503537,-3.181106229503537
7,37.7575,-30.7575
27,34.1,-7.100000000000001
23,28.96,-5.960000000000001
29,33.2635,-4.2635000000000005
47,38.354,8.646
1,12.346666666666666,-11.346666666666666
44,44.67,-0.6700000000000017
24,32.66,-8.659999999999997
27,49.46,-22.46
65,31.244761904761905,33.7552380952381
20,24.37,-4.370000000000001
61,36.120823529411766,24.879176470588234
17,39.77166666666667,-22.77166666666667
42,44.495,-2.4949999999999974
32,33.68,-1.6799999999999997
72,58.46,13.54
79,74.37,4.6299999999999955
45,38.04,6.960000000000001
60,55.17,4.829999999999998
26,27.06,-1.0599999999999987
35,35.445,-0.4450000000000003
76,63.01738095238095,12.982619047619053
28,19.16,8.84
36,31.831896929824563,4.168103070175437
43,30.701666666666668,12.298333333333332
40,41.678000000000004,-1.6780000000000044
0,20.895800333064955,-20.895800333064955
47,43.22,3.780000000000001
81,43.842666666666666,37.157333333333334
38,41.35,-3.3500000000000014
50,42.82333333333334,7.176666666666662
55,52.506190476190476,2.4938095238095244
46,43.755916666666664,2.244083333333336
47,45.6,1.3999999999999986
25,36.77108333333334,-11.771083333333337
0,3.36,-3.36
0,0.020917194059227734,-0.020917194059227734
49,44.7236,4.276400000000002
0,44.03488744588744,-44.03488744588744
0,0.0,0.0
18,22.926666666666666,-4.926666666666666
21,16.77,4.23
37,38.526269841269844,-1.526269841269844
0,1.8763662424177137,-1.8763662424177137
68,64.72178571428573,3.27821428571427
42,39.44266666666667,2.5573333333333323
23,30.758333333333336,-7.758333333333336
54,32.18683333333333,21.813166666666667
41,39.725,1.2749999999999986
52,33.62076388888889,18.379236111111112
19,32.335,-13.335
23,30.525,-7.524999999999999
38,43.85471014492754,-5.854710144927537
6,36.75896825396825,-30.75896825396825
73,71.61058333333334,1.389416666666662
48,33.92,14.079999999999998
0,0.0,0.0
37,39.45,-2.450000000000003
65,54.30111111111111,10.698888888888888
48,43.31428571428572,4.685714285714283
38,36.11528571428571,1.8847142857142885
40,41.035,-1.0349999999999966
57,44.22607142857143,12.77392857142857
1,8.900769230769232,-7.900769230769232
43,39.138333333333335,3.8616666666666646
53,46.22,6.780000000000001
0,6.72,-6.72
45,40.255500000000005,4.744499999999995
40,32.9,7.100000000000001
69,37.97190476190477,31.028095238095233
19,28.843333333333334,-9.843333333333334
21,47.82088888888889,-26.820888888888888
0,16.11145923520924,-16.11145923520924
37,37.28,-0.28000000000000114
66,44.32833333333333,21.671666666666667
23,22.91,0.08999999999999986
24,35.925,-11.924999999999997
49,42.80833333333334,6.191666666666663
0,14.023333333333333,-14.023333333333333
1,0.5926981906981905,0.4073018093018095
41,43.05416666666666,-2.05416666666666
51,42.48444444444444,8.515555555555558
0,5.07,-5.07
31,37.40577956989247,-6.4057795698924735
38,35.220666666666666,2.7793333333333337
0,1.04,-1.04
30,44.015,-14.015
74,64.67666666666666,9.323333333333338
44,15.22,28.78
0,0.0,0.0
36,33.52,2.479999999999997
33,71.48828571428571,-38.48828571428571
56,34.05042310140839,21.94957689859161
43,39.3275,3.6724999999999994
66,32.01866666666667,33.98133333333333
49,44.627916666666664,4.372083333333336
7,11.28,-4.279999999999999
20,22.38,-2.379999999999999
23,23.5455,-0.5455000000000005
50,36.43857142857143,13.561428571428571
47,40.46,6.539999999999999
12,16.4,-4.399999999999999
0,1.5880833598768382,-1.5880833598768382
32,32.0942,-0.09420000000000073
50,44.83333333333333,5.166666666666671
38,35.145,2.854999999999997
50,37.09218498168498,12.90781501831502
0,0.6822645526987631,-0.6822645526987631
47,46.1,0.8999999999999986
50,38.54625,11.45375
58,21.584666666666667,36.415333333333336
26,40.70616666666666,-14.706166666666661
43,44.925,-1.9249999999999972
50,27.41,22.59
0,14.88,-14.88
0,0.07541200886974668,-0.07541200886974668
0,37.17962896825397,-37.17962896825397
39,36.32,2.6799999999999997
23,36.87,-13.869999999999997
47,23.050761904761902,23.949238095238098
56,31.788,24.212
38,48.495,-10.494999999999997
15,37.03666666666667,-22.03666666666667
58,41.64461111111112,16.355388888888882
21,31.29,-10.29
24,36.190045454545455,-12.190045454545455
0,0.0,0.0
40,44.0425,-4.042499999999997
19,8.085,10.915
35,29.814284641784642,5.185715358215358
53,50.58,2.4200000000000017
52,29.64,22.36
65,56.8,8.200000000000003
19,22.4016,-3.4015999999999984
32,37.53916666666667,-5.539166666666667
10,37.16,-27.159999999999997
43,42.70333333333334,0.29666666666665975
10,16.250625,-6.250624999999999
50,49.18,0.8200000000000003
18,26.44333333333333,-8.443333333333332
37,33.485,3.5150000000000006
55,33.19,21.810000000000002
46,42.97,3.030000000000001
52,47.2,4.799999999999997
0,1.23,-1.23
53,48.21666666666667,4.783333333333331
46,25.15,20.85
49,36.0925,12.907499999999999
0,0.0,0.0
0,0.44200677100677105,-0.44200677100677105
32,38.32333333333334,-6.323333333333338
2,6.78,-4.78
72,27.297428571428572,44.70257142857143
16,26.5475,-10.5475
50,40.597142857142856,9.402857142857144
40,39.6,0.3999999999999986
62,59.485,2.5150000000000006
60,67.72,-7.719999999999999
43,45.06666666666666,-2.066666666666663
35,33.55,1.4500000000000028
39,46.515,-7.515000000000001
51,47.5050432900433,3.4949567099567034
21,28.71875,-7.71875
53,42.954607843137254,10.045392156862746
13,26.220000000000006,-13.220000000000006
0,1.9225,-1.9225
57,41.5,15.5
56,48.965,7.034999999999997
41,35.0,6.0
38,34.037,3.963000000000001
17,34.72,-17.72
41,40.805,0.19500000000000028
47,37.286454545454546,9.713545454545454
0,0.7232299082989195,-0.7232299082989195
44,35.48833333333333,8.51166666666667
41,40.44233333333334,0.5576666666666625
41,41.09,-0.09000000000000341
75,73.1,1.9000000000000057
2,14.120541125541127,-12.120541125541127
40,46.700500000000005,-6.700500000000005
75,51.61966666666666,23.38033333333334
59,28.87,30.13
41,33.07333333333334,7.926666666666662
39,33.24533333333333,5.754666666666672
2,0.5503035831669275,1.4496964168330724
21,38.9425,-17.942500000000003
0,15.59,-15.59
29,28.2975,0.7025000000000006
20,37.588,-17.588
58,36.981635706914346,21.018364293085654
39,31.503333333333334,7.496666666666666
21,31.79,-10.79
42,33.92832298136646,8.071677018633537
64,37.07416563146998,26.92583436853002
20,36.28666666666666,-16.28666666666666
51,42.35594871794872,8.64405128205128
24,35.37,-11.369999999999997
56,51.84,4.159999999999997
0,0.0,0.0
27,27.2075,-0.20749999999999957
24,27.09,-3.09
7,12.78,-5.779999999999999
25,27.022954545454546,-2.022954545454546
68,47.24,20.759999999999998
7,8.68142857142857,-1.6814285714285706
0,0.5057678002166393,-0.5057678002166393
58,40.976190476190474,17.023809523809526
52,30.69625,21.30375
29,27.522224958949096,1.4777750410509043
59,51.9275,7.072499999999998
23,26.16,-3.16
80,75.54,4.459999999999994
60,54.24,5.759999999999998
26,26.66,-0.6600000000000001
0,1.97,-1.97
24,32.43,-8.43
54,40.855714285714285,13.144285714285715
44,33.421615384615386,10.578384615384614
79,67.73,11.269999999999996
12,14.65,-2.6500000000000004
0,3.36,-3.36
44,47.1367619047619,-3.1367619047618973
6,24.082058823529415,-18.082058823529415
17,37.244,-20.244
1,24.785,-23.785
50,43.08666666666667,6.913333333333327
56,55.185,0.8149999999999977
40,47.51,-7.509999999999998
48,45.49,2.509999999999998
21,34.475833333333334,-13.475833333333334
34,43.33916666666667,-9.33916666666667
36,46.48,-10.479999999999997
76,33.157047619047624,42.842952380952376
37,35.25833333333333,1.7416666666666671
59,57.35,1.6499999999999986
50,45.16,4.840000000000003
30,27.09,2.91
56,34.245,21.755000000000003
0,0.3933650793650793,-0.3933650793650793
25,37.00666666666667,-12.006666666666668
27,34.365,-7.365000000000002
5,5.181106229503537,-0.18110622950353683
0,36.0,-36.0
55,31.767857142857142,23.232142857142858
1,12.23,-11.23
7,20.895800333064955,-13.895800333064955
47,40.26,6.740000000000002
56,42.26666666666666,13.733333333333341
38,42.175,-4.174999999999997
28,32.91,-4.909999999999997
41,40.7,0.29999999999999716
36,24.49,11.510000000000002
42,39.525,2.4750000000000014
0,12.672636363636364,-12.672636363636364
41,36.96357142857143,4.036428571428573
23,31.732083333333335,-8.732083333333335
12,36.04,-24.04
55,42.45714285714286,12.542857142857137
31,28.43,2.5700000000000003
74,55.84416666666666,18.15583333333334
0,14.133009018759019,-14.133009018759019
22,35.93752272727273,-13.937522727272729
0,0.0,0.0
46,41.10666666666666,4.893333333333338
7,65.08666666666666,-58.08666666666666
53,50.93,2.0700000000000003
36,35.77,0.22999999999999687
1,0.5333285262102329,0.46667147378976714
80,67.61,12.39
28,29.75,-1.75
37,38.53,-1.5300000000000011
74,67.9,6.099999999999994
58,49.07,8.93
32,33.07083333333333,-1.0708333333333329
10,27.72,-17.72
0,0.0,0.0
29,32.8,-3.799999999999997
48,36.53927536231885,11.460724637681153
34,32.255575757575755,1.7444242424242447
25,35.1,-10.100000000000001
18,34.29333333333333,-16.29333333333333
58,36.98166666666667,21.01833333333333
0,31.66,-31.66
75,34.99933333333333,40.00066666666667
23,24.776666666666664,-1.7766666666666637
10,24.845,-14.844999999999999
44,39.4,4.600000000000001
35,31.863095238095244,3.1369047619047556
20,43.19649350649351,-23.19649350649351
11,13.95,-2.9499999999999993
46,33.17,12.829999999999998
16,12.478333333333335,3.5216666666666647
57,43.605,13.395000000000003
58,46.42,11.579999999999998
3,1.8200881211682727,1.1799118788317273
14,21.88,-7.879999999999999
32,32.536,-0.5360000000000014
21,24.18,-3.1799999999999997
11,41.976000000000006,-30.976000000000006
57,47.16,9.840000000000003
38,37.881470588235295,0.11852941176470466
41,37.78,3.219999999999999
0,1.44,-1.44
59,37.38,21.619999999999997
69,54.95333333333334,14.04666666666666
59,34.15275,24.847250000000003
55,45.51333333333334,9.486666666666657
10,38.52033333333333,-28.520333333333333
0,0.0,0.0
48,48.575,-0.5750000000000028
0,60.36,-60.36
50,27.26266649150235,22.73733350849765
30,27.68666666666667,2.313333333333329
57,35.617380952380955,21.382619047619045
44,43.78666666666666,0.21333333333333826
67,31.347222222222218,35.652777777777786
0,0.0,0.0
40,39.73666666666667,0.2633333333333283
50,33.9825,16.0175
0,0.0,0.0
48,48.08,-0.0799999999999983
73,72.64,0.35999999999999943
0,0.42,-0.42
16,31.992857142857144,-15.992857142857144
45,43.08666666666666,1.913333333333341
32,30.331575757575756,1.6684242424242441
2,43.36583333333334,-41.36583333333334
17,26.77,-9.77
40,35.51,4.490000000000002
45,31.78675,13.213249999999999
45,36.02666666666667,8.97333333333333
56,35.77,20.229999999999997
0,12.06,-12.06
26,46.66428571428572,-20.664285714285718
46,24.83,21.17
20,30.995,-10.995000000000001
50,27.09,22.91
58,29.374378787878786,28.625621212121214
46,48.29833333333334,-2.298333333333339
33,40.74,-7.740000000000002
67,66.09,0.9099999999999966
0,14.52,-14.52
0,43.155,-43.155
19,26.97,-7.969999999999999
30,33.303333333333335,-3.3033333333333346
33,31.25,1.75
44,34.24,9.759999999999998
23,21.248,1.751999999999999
18,26.715,-8.715
0,0.03382892731669073,-0.03382892731669073
25,17.194722222222225,7.805277777777775
18,56.015,-38.015
41,35.69169047619048,5.30830952380952
43,43.19,-0.18999999999999773
49,34.32,14.68
38,43.647380952380956,-5.647380952380956
47,45.80666666666667,1.193333333333328
41,43.85,-2.8500000000000014
1,42.39416666666666,-41.39416666666666
1,14.5425,-13.5425
26,33.654444444444444,-7.654444444444444
29,30.573508771929824,-1.5735087719298235
0,0.0,0.0
37,24.8625,12.1375
17,23.02666666666667,-6.026666666666671
48,43.056785714285716,4.943214285714284
37,34.13,2.8699999999999974
0,11.01,-11.01
0,0.48,-0.48
22,33.47555555555556,-11.475555555555559
0,27.92,-27.92
0,4.03,-4.03
0,17.685,-17.685
9,27.31632727272727,-18.31632727272727
21,30.753333333333334,-9.753333333333334
0,0.0,0.0
53,46.63928571428571,6.3607142857142875
62,30.66487545787546,31.33512454212454
21,39.51,-18.509999999999998
9,30.09,-21.09
45,39.85532679738562,5.144673202614378
39,39.67,-0.6700000000000017
53,50.85,2.1499999999999986
41,34.57,6.43
55,51.2,3.799999999999997
37,44.45125,-7.451250000000002
42,21.53,20.47
58,46.26333333333333,11.736666666666672
0,25.228,-25.228
21,31.56,-10.559999999999999
38,36.86727272727273,1.1327272727272728
27,32.35,-5.350000000000001
44,32.19992857142857,11.800071428571428
42,41.19333333333334,0.8066666666666578
21,20.519333333333336,0.48066666666666436
0,0.0,0.0
34,25.212,8.788
31,33.05533333333333,-2.05533333333333
15,32.14833333333333,-17.148333333333333
86,80.52950000000001,5.470499999999987
23,40.23,-17.229999999999997
50,45.71,4.289999999999999
0,1.66,-1.66
51,29.86,21.14
60,50.768,9.232
0,11.8,-11.8
44,45.38,-1.3800000000000026
28,44.0275,-16.027500000000003
49,46.88,2.1199999999999974
0,1.5,-1.5
78,73.42,4.579999999999998
55,47.38666666666667,7.61333333333333
58,53.53,4.469999999999999
20,25.56701282051282,-5.567012820512819
26,31.804166666666664,-5.804166666666664
0,16.04536507936508,-16.04536507936508
34,22.75,11.25
25,40.01533333333333,-15.01533333333333
0,27.26701680672269,-27.26701680672269
38,37.17,0.8299999999999983
41,40.1,0.8999999999999986
41,37.70333333333333,3.296666666666667
32,37.6325,-5.6325
2,0.5331034871131621,1.4668965128868379
77,72.93933333333334,4.060666666666663
19,29.495,-10.495000000000001
4,6.85,-2.8499999999999996
36,35.655,0.34499999999999886
36,36.016,-0.015999999999998238
11,31.25078947368421,-20.25078947368421
18,38.167438423645315,-20.167438423645315
25,31.28095238095238,-6.280952380952382
7,37.6402380952381,-30.640238095238097
1,3.74,-2.74
42,42.2,-0.20000000000000284
15,47.18338095238095,-32.18338095238095
27,24.44,2.5599999999999987
18,16.67,1.3299999999999983
65,37.905,27.095
68,61.51,6.490000000000002
44,43.76333333333334,0.23666666666665748
0,5.114,-5.114
0,2.74,-2.74
13,21.59,-8.59
39,39.44654761904762,-0.44654761904762097
67,55.32666666666666,11.67333333333334
37,36.547999999999995,0.4520000000000053
41,41.04,-0.03999999999999915
40,34.32672456575682,5.67327543424318
46,31.796666666666667,14.203333333333333
76,60.61,15.39
39,33.3625,5.637500000000003
12,40.06093131868133,-28.060931318681327
32,30.871729034037852,1.1282709659621482
29,40.218,-11.218000000000004
78,35.8325,42.1675
32,33.54,-1.5399999999999991
56,39.651474358974355,16.348525641025645
6,0.8468581274246907,5.1531418725753095
55,41.89266666666666,13.107333333333337
0,1.05,-1.05
23,20.8,2.1999999999999993
0,0.020917194059227734,-0.020917194059227734
1,16.53,-15.530000000000001
56,31.44,24.56
4,14.82,-10.82
26,30.2225,-4.2225
0,4.11,-4.11
57,32.85123809523809,24.148761904761912
38,38.37428571428572,-0.374285714285719
15,20.56,-5.559999999999999
58,46.92363636363636,11.076363636363638
18,34.98,-16.979999999999997
21,45.74175,-24.741750000000003
64,57.9,6.100000000000001
18,22.32916666666667,-4.329166666666669
0,41.2475,-41.2475
45,41.9,3.1000000000000014
42,18.3,23.7
68,36.63133333333333,31.36866666666667
61,53.88,7.119999999999997
59,52.67,6.329999999999998
27,14.97,12.03
41,35.00583333333333,5.994166666666672
50,41.18,8.82
57,51.53416666666667,5.465833333333329
20,17.30472222222222,2.695277777777779
23,26.68,-3.6799999999999997
0,48.577777777777776,-48.577777777777776
0,13.95,-13.95
23,24.045,-1.0450000000000017
43,42.68,0.3200000000000003
60,58.53,1.4699999999999989
4,1.5880833598768382,2.4119166401231618
11,31.698359307359304,-20.698359307359304
62,57.343333333333334,4.656666666666666
42,22.29,19.71
18,38.67999999999999,-20.679999999999993
39,24.46166666666667,14.53833333333333
59,53.17166666666666,5.82833333333334
34,39.60833333333333,-5.608333333333327
0,41.705,-41.705
33,34.32980158730159,-1.3298015873015885
0,8.715653582704599,-8.715653582704599
22,27.49,-5.489999999999998
0,16.775,-16.775
71,6.756666666666666,64.24333333333334
35,33.13,1.8699999999999974
23,33.93333333333334,-10.933333333333337
42,40.06666666666667,1.93333333333333
2,1.5436192555369428,0.4563807444630572
54,46.07833333333333,7.921666666666667
0,0.28347220837010667,-0.28347220837010667
50,44.75666666666667,5.243333333333332
57,31.590946969696976,25.409053030303024
28,34.39,-6.390000000000001
20,36.18380952380952,-16.183809523809522
64,37.150333333333336,26.849666666666664
0,22.497626262626262,-22.497626262626262
39,34.984745484400655,4.015254515599345
32,38.304,-6.304000000000002
28,32.22083333333333,-4.220833333333331
0,29.218444444444444,-29.218444444444444
16,21.9,-5.899999999999999
29,35.03681818181818,-6.036818181818177
0,0.26525815850815837,-0.26525815850815837
67,42.96475,24.035249999999998
50,41.785,8.215000000000003
42,43.316,-1.3160000000000025
0,2.4,-2.4
60,42.41014285714286,17.58985714285714
21,22.74,-1.7399999999999984
40,39.36,0.6400000000000006
1,14.375714285714285,-13.375714285714285
41,40.13,0.8699999999999974
61,40.185,20.814999999999998
17,43.13733333333334,-26.137333333333338
0,0.0,0.0
63,40.48,22.520000000000003
51,20.408571428571427,30.591428571428573
55,30.988666666666663,24.011333333333337
56,28.077666666666673,27.922333333333327
41,38.78,2.219999999999999
0,0.32,-0.32
35,35.69125,-0.6912499999999966
0,0.6001299468333524,-0.6001299468333524
0,16.7025,-16.7025
32,44.90720238095238,-12.907202380952377
61,39.63972222222222,21.36027777777778
39,38.60666666666666,0.393333333333338
58,42.57526695526696,15.424733044733038
49,44.99066666666668,4.009333333333323
43,37.08,5.920000000000002
60,62.94333333333333,-2.943333333333328
56,39.98583333333333,16.014166666666668
50,46.88333333333333,3.116666666666667
0,51.17166666666667,-51.17166666666667
56,27.726147186147188,28.273852813852812
23,33.50666666666667,-10.506666666666668
66,34.922,31.078000000000003
77,43.35759999999999,33.64240000000001
27,32.8,-5.799999999999997
40,36.599346153846156,3.400653846153844
32,37.34974242424242,-5.349742424242422
0,0.86,-0.86
36,32.954972222222224,3.0450277777777757
9,27.43416666666667,-18.43416666666667
35,40.88,-5.880000000000003
0,2.09,-2.09
72,41.55,30.450000000000003
17,25.4075,-8.407499999999999
72,42.6,29.4
23,33.903,-10.902999999999999
0,0.0,0.0
61,59.12,1.8800000000000026
65,51.52166666666667,13.478333333333332
32,30.66333333333333,1.3366666666666696
15,30.693333333333335,-15.693333333333335
43,41.8275,1.1724999999999994
66,65.435,0.5649999999999977
64,44.50366666666667,19.496333333333332
0,6.05,-6.05
59,32.156,26.844
54,41.08,12.920000000000002
57,38.528055555555554,18.471944444444446
47,45.32666666666666,1.6733333333333391
40,38.62333333333333,1.3766666666666723
51,44.57371428571429,6.4262857142857115
28,32.04933333333333,-4.04933333333333
40,41.07,-1.0700000000000003
0,8.64,-8.64
27,30.68,-3.6799999999999997
29,34.02333333333333,-5.023333333333333
62,57.57,4.43
0,35.72971428571429,-35.72971428571429
19,38.01875,-19.018749999999997
71,45.224,25.776000000000003
21,36.36,-15.36
0,0.86,-0.86
25,43.36788888888889,-18.367888888888892
61,39.9075,21.0925
14,42.44333333333333,-28.443333333333328
0,3.926,-3.926
61,37.43358333333333,23.56641666666667
79,45.676122448979584,33.323877551020416
27,39.345013143860974,-12.345013143860974
1,0.8206825396825396,0.17931746031746043
0,1.9853492063492066,-1.9853492063492066
20,41.17733333333334,-21.177333333333337
11,15.97,-4.970000000000001
52,48.295,3.7049999999999983
52,51.8,0.20000000000000284
29,38.19291666666667,-9.192916666666669
23,37.32333333333334,-14.323333333333338
0,11.158545454545456,-11.158545454545456
81,45.72248062015504,35.27751937984496
42,37.0975,4.902500000000003
24,35.01333333333333,-11.013333333333328
48,28.76456060606061,19.23543939393939
71,36.83620238095238,34.16379761904762
20,17.42,2.5799999999999983
54,42.25,11.75
0,39.22390559440559,-39.22390559440559
24,16.955,7.045000000000002
38,36.54,1.4600000000000009
23,31.34733333333333,-8.347333333333331
8,18.59,-10.59
54,47.197142857142865,6.802857142857135
61,53.48285714285715,7.517142857142851
3,8.715653582704599,-5.715653582704599
13,11.975,1.0250000000000004
57,29.522307692307695,27.477692307692305
80,0.5532274062796511,79.44677259372035
25,30.73375,-5.733750000000001
26,40.445,-14.445
29,34.565,-5.564999999999998
47,47.16,-0.1599999999999966
14,23.74,-9.739999999999998
56,28.94157011494253,27.05842988505747
5,1.8127064266940396,3.1872935733059604
65,50.062,14.938000000000002
50,48.416315789473686,1.5836842105263145
0,0.0,0.0
13,36.61,-23.61
31,40.77433333333333,-9.774333333333331
0,53.865,-53.865
70,35.805,34.195
53,35.891313519813515,17.108686480186485
53,50.78,2.219999999999999
0,0.0,0.0
31,40.81,-9.810000000000002
65,46.74333333333334,18.25666666666666
56,41.22285714285714,14.777142857142863
0,0.52,-0.52
5,26.12,-21.12
34,30.04333333333333,3.9566666666666706
45,42.38,2.6199999999999974
30,26.07,3.9299999999999997
0,30.035,-30.035
0,0.9775168442668444,-0.9775168442668444
66,44.3175,21.682499999999997
50,48.19707792207793,1.8029220779220694
22,25.67,-3.6700000000000017
46,34.715,11.284999999999997
23,40.29683333333333,-17.296833333333332
59,36.3099898989899,22.690010101010103
0,0.0,0.0
58,57.49266666666667,0.5073333333333281
30,40.36,-10.36
63,37.404,25.595999999999997
71,39.22424242424242,31.77575757575758
44,21.011999999999997,22.988000000000003
58,51.02,6.979999999999997
0,14.98,-14.98
47,31.73,15.27
49,38.63390476190476,10.366095238095241
0,2.25,-2.25
62,22.687555555555555,39.312444444444445
55,42.3,12.700000000000003
70,58.056999999999995,11.943000000000005
38,35.66,2.3400000000000034
60,59.56,0.4399999999999977
54,36.11244444444444,17.887555555555558
15,18.85,-3.8500000000000014
48,47.18,0.8200000000000003
29,33.81990476190476,-4.819904761904759
0,1.09,-1.09
57,48.94,8.060000000000002
32,34.1425,-2.1424999999999983
0,0.4841746031746032,-0.4841746031746032
66,47.5,18.5
44,32.340833333333336,11.659166666666664
21,34.77333333333333,-13.773333333333333
84,66.30571428571429,17.694285714285712
26,43.826,-17.826
65,38.55,26.450000000000003
27,22.165,4.835000000000001
51,35.74666666666667,15.25333333333333
22,23.47694444444444,-1.4769444444444417
40,5.86,34.14
17,31.201666666666668,-14.201666666666668
58,28.004285714285714,29.995714285714286
36,38.81292857142857,-2.8129285714285714
0,1.633357142857143,-1.633357142857143
51,40.60999999999999,10.390000000000008
31,46.07,-15.07
36,36.64,-0.6400000000000006
0,1.01,-1.01
32,37.917156862745095,-5.917156862745095
44,37.617222222222225,6.382777777777775
61,40.76166666666666,20.238333333333337
66,62.90666666666666,3.093333333333341
73,43.704880952380954,29.295119047619046
41,41.2,-0.20000000000000284
67,64.23333333333333,2.7666666666666657
18,42.01583333333333,-24.015833333333333
0,29.67,-29.67
36,35.41607843137255,0.5839215686274528
40,32.12,7.880000000000003
25,27.91666666666667,-2.9166666666666714
47,39.16,7.840000000000003
0,23.804844599844603,-23.804844599844603
21,16.97,4.030000000000001
40,40.5875,-0.5874999999999986
18,23.25,-5.25
37,34.43,2.5700000000000003
21,31.010841503267976,-10.010841503267976
0,0.1765175173553656,-0.1765175173553656
44,43.09,0.9099999999999966
73,34.14333333333333,38.85666666666667
66,55.25254901960785,10.747450980392152
10,14.00275,-4.002750000000001
0,6.906666666666667,-6.906666666666667
73,63.85,9.149999999999999
0,0.22139725844653843,-0.22139725844653843
57,44.37,12.630000000000003
19,37.62766666666666,-18.627666666666663
0,3.42,-3.42
24,38.52580555555556,-14.525805555555557
27,34.647999999999996,-7.647999999999996
45,44.86446190476191,0.1355380952380898
43,37.762316849816855,5.237683150183145
25,38.800714285714285,-13.800714285714285
60,31.485424019607844,28.514575980392156
0,0.048700593435096716,-0.048700593435096716
21,43.23833333333334,-22.238333333333337
34,36.22,-2.219999999999999
56,42.9420202020202,13.057979797979797
50,47.217777777777776,2.7822222222222237
80,72.60361904761906,7.396380952380937
2,23.729,-21.729
36,37.102,-1.1019999999999968
43,37.06333333333333,5.936666666666667
0,1.64,-1.64
22,31.393333333333334,-9.393333333333334
47,45.75416666666666,1.2458333333333371
58,50.53,7.469999999999999
24,34.95,-10.950000000000003
4,0.9629344576991633,3.037065542300837
46,44.34,1.6599999999999966
3,51.047567987568,-48.047567987568
74,60.281666666666666,13.718333333333334
10,31.14154166666667,-21.14154166666667
65,21.61952850877193,43.38047149122807
54,43.25,10.75
69,44.048,24.951999999999998
39,40.802142857142854,-1.8021428571428544
45,35.025,9.975000000000001
54,22.71833333333333,31.28166666666667
15,20.575,-5.574999999999999
0,0.68,-0.68
61,29.25318181818182,31.74681818181818
18,30.945,-12.945
15,29.956,-14.956
23,33.245,-10.244999999999997
2,1.1123137125461975,0.8876862874538025
20,18.043333333333337,1.9566666666666634
47,41.22,5.780000000000001
24,27.434375,-3.4343749999999993
49,44.044,4.956000000000003
40,35.93666666666667,4.063333333333333
22,32.18083333333333,-10.180833333333332
24,43.216,-19.216
57,37.8815,19.118499999999997
62,60.05,1.9500000000000028
47,31.65222222222222,15.347777777777779
3,19.64,-16.64
45,22.583333333333336,22.416666666666664
55,38.23,16.770000000000003
46,35.8,10.200000000000003
42,43.316,-1.3160000000000025
50,45.42166666666667,4.578333333333333
58,58.0,0.0
22,36.77166666666667,-14.771666666666668
74,62.278055555555554,11.721944444444446
39,40.70166666666667,-1.701666666666668
23,21.24,1.7600000000000016
23,28.54,-5.539999999999999
0,9.157958041958043,-9.157958041958043
61,48.377916666666664,12.622083333333336
69,65.43,3.569999999999993
60,38.971666666666664,21.028333333333336
5,28.358523809523813,-23.358523809523813
56,31.44,24.56
53,42.355,10.645000000000003
60,49.59,10.409999999999997
32,32.805,-0.8049999999999997
0,22.3,-22.3
44,45.875,-1.875
15,22.72,-7.719999999999999
34,26.98,7.02
0,1.2392631442919038,-1.2392631442919038
46,40.3618125,5.638187500000001
0,3.4,-3.4
21,20.82,0.17999999999999972
40,40.25,-0.25
0,0.42991345361593225,-0.42991345361593225
70,46.24,23.759999999999998
74,40.40706022408963,33.59293977591037
63,24.883000000000003,38.117
23,32.396857142857144,-9.396857142857144
54,33.705,20.295
0,10.390999999999998,-10.390999999999998
52,48.016000000000005,3.9839999999999947
33,34.97666666666667,-1.9766666666666666
48,43.86,4.140000000000001
13,19.005,-6.004999999999999
44,29.356666666666666,14.643333333333334
21,37.03,-16.03
36,38.17,-2.1700000000000017
62,36.98,25.020000000000003
78,34.91746825396825,43.08253174603175
11,32.22,-21.22
0,5.68,-5.68
68,55.4375,12.5625
59,34.82805555555556,24.171944444444442
49,45.30166666666666,3.6983333333333377
62,60.43,1.5700000000000003
52,33.0,19.0
52,51.29,0.7100000000000009
49,53.06783333333334,-4.06783333333334
44,39.659,4.341000000000001
64,54.41,9.590000000000003
0,38.05,-38.05
0,45.08666666666667,-45.08666666666667
42,30.72930735930736,11.27069264069264
19,33.68175,-14.681750000000001
51,36.302,14.698
31,35.13,-4.130000000000003
0,19.24343679877053,-19.24343679877053
37,25.66,11.34
13,31.488000000000003,-18.488000000000003
46,33.48,12.520000000000003
52,16.213076923076922,35.786923076923074
24,40.44857142857143,-16.448571428571427
54,42.21666666666666,11.783333333333339
53,47.95,5.049999999999997
61,27.57,33.43
3,5.82,-2.8200000000000003
0,0.0,0.0
44,40.18401515151515,3.8159848484848524
1,16.44,-15.440000000000001
22,27.36,-5.359999999999999
0,11.956,-11.956
13,32.24111111111111,-19.24111111111111
47,44.526666666666664,2.4733333333333363
33,26.935,6.065000000000001
0,5.186836054395568,-5.186836054395568
19,27.851666666666667,-8.851666666666667
45,40.11416666666667,4.885833333333331
44,25.28,18.72
47,35.03183333333333,11.968166666666669
73,65.165,7.834999999999994
45,41.93783333333333,3.06216666666667
22,35.87939393939394,-13.879393939393943
66,41.91,24.090000000000003
35,41.28590781440782,-6.285907814407821
53,52.33,0.6700000000000017
10,15.84,-5.84
19,17.518,1.4819999999999993
44,37.06,6.939999999999998
0,34.43012012987013,-34.43012012987013
0,0.16640849020260784,-0.16640849020260784
44,43.89,0.10999999999999943
53,25.23,27.77
49,39.35,9.649999999999999
44,41.045,2.9549999999999983
64,51.12666666666667,12.873333333333328
43,38.458333333333336,4.541666666666664
49,39.24400000000001,9.755999999999993
65,39.45,25.549999999999997
55,50.4025,4.597499999999997
34,35.36,-1.3599999999999994
46,35.9,10.100000000000001
54,51.23,2.770000000000003
58,36.28,21.72
20,28.8,-8.8
0,7.53,-7.53
11,23.785333333333334,-12.785333333333334
0,17.32,-17.32
50,48.47,1.5300000000000011
41,34.6875,6.3125
0,5.614322424017103,-5.614322424017103
0,8.71,-8.71
54,43.44,10.560000000000002
52,49.311166666666665,2.688833333333335
38,33.96,4.039999999999999
0,3.82,-3.82
20,27.06,-7.059999999999999
65,40.48244444444445,24.517555555555553
0,0.0,0.0
68,66.58,1.4200000000000017
42,42.57,-0.5700000000000003
24,31.912380952380953,-7.912380952380953
49,26.0725,22.9275
50,44.83,5.170000000000002
0,36.83,-36.83
56,30.72,25.28
50,30.8625,19.1375
28,37.99144444444444,-9.99144444444444
37,37.2044696969697,-0.20446969696970285
0,12.16,-12.16
44,32.05,11.950000000000003
0,0.0,0.0
23,39.98015476190476,-16.980154761904757
62,57.43,4.57
74,60.56,13.439999999999998
17,25.0275,-8.0275
23,28.24,-5.239999999999998
25,30.24177272727273,-5.241772727272728
23,28.33,-5.329999999999998
64,36.93,27.07
42,32.84,9.159999999999997
31,28.956184210526317,2.0438157894736833
55,49.055,5.945
63,53.07,9.93
44,49.5125,-5.512500000000003
1,40.982,-39.982
37,43.22,-6.219999999999999
58,47.09,10.909999999999997
44,44.29,-0.28999999999999915
23,34.59833333333333,-11.59833333333333
24,20.7,3.3000000000000007
57,22.98,34.019999999999996
14,26.78,-12.780000000000001
0,0.67,-0.67
20,21.555,-1.5549999999999997
43,40.0,3.0
0,3.8942857142857146,-3.8942857142857146
48,32.3775,15.622500000000002
20,40.25015295815296,-20.25015295815296
37,42.345,-5.344999999999999
29,28.54,0.46000000000000085
52,33.028571428571425,18.971428571428575
31,30.33,0.6700000000000017
60,44.355,15.645000000000003
17,40.92,-23.92
0,36.551521395271386,-36.551521395271386
0,35.61872727272727,-35.61872727272727
53,25.33,27.67
45,42.42,2.5799999999999983
26,38.47,-12.469999999999999
76,29.580333333333332,46.41966666666667
0,0.0,0.0
49,36.00333333333334,12.996666666666663
19,21.33,-2.3299999999999983
51,47.935,3.0649999999999977
52,43.85,8.149999999999999
0,0.0,0.0
0,7.210214285714285,-7.210214285714285
45,43.2825,1.7175000000000011
79,76.31571428571428,2.6842857142857213
0,0.0,0.0
19,36.6993253968254,-17.6993253968254
50,35.98642857142857,14.013571428571431
0,14.516666666666666,-14.516666666666666
1,45.28,-44.28
14,25.829166666666666,-11.829166666666666
55,34.75077777777778,20.249222222222222
0,11.86,-11.86
0,4.13,-4.13
0,0.0,0.0
44,16.24,27.76
8,31.36,-23.36
4,6.8,-2.8
68,67.54,0.45999999999999375
55,45.74416666666666,9.255833333333342
77,31.12426354679803,45.87573645320197
58,45.2525,12.747500000000002
57,48.163500000000006,8.836499999999994
0,0.36,-0.36
42,39.13666666666667,2.8633333333333297
19,21.37,-2.370000000000001
54,50.31,3.6899999999999977
0,17.269333333333336,-17.269333333333336
3,32.95211428571428,-29.95211428571428
40,30.986143162393162,9.013856837606838
0,12.950714285714284,-12.950714285714284
26,46.50166666666666,-20.501666666666658
37,39.55,-2.549999999999997
80,5.79,74.21
35,28.6,6.399999999999999
45,38.86642857142857,6.133571428571429
0,0.62,-0.62
25,36.022,-11.021999999999998
3,0.9644486624486625,2.0355513375513374
63,56.19416666666666,6.805833333333339
40,38.2,1.7999999999999972
14,38.49,-24.490000000000002
61,38.86,22.14
25,34.179,-9.179000000000002
50,37.468452380952385,12.531547619047615
39,31.064,7.936
73,61.31,11.689999999999998
77,48.8325,28.167499999999997
63,47.27,15.729999999999997
55,38.43125,16.56875
25,37.6256862745098,-12.625686274509803
24,23.194000000000003,0.8059999999999974
39,42.8,-3.799999999999997
67,1.7387121212121215,65.26128787878788
38,34.074,3.926000000000002
18,38.42333333333333,-20.423333333333332
29,33.15681818181818,-4.156818181818181
36,38.59,-2.5900000000000034
67,35.294000000000004,31.705999999999996
11,18.56,-7.559999999999999
44,52.802,-8.802
36,36.61,-0.6099999999999994
0,26.572857142857142,-26.572857142857142
58,45.692380952380944,12.307619047619056
18,42.4275,-24.427500000000002
26,38.78,-12.780000000000001
15,13.43,1.5700000000000003
81,79.78,1.2199999999999989
54,43.153416666666665,10.846583333333335
47,46.84,0.1599999999999966
45,40.625,4.375
0,23.473000000000003,-23.473000000000003
89,88.59,0.4099999999999966
0,14.594000000000001,-14.594000000000001
45,44.125,0.875
38,32.8405,5.159500000000001
42,34.751619047619045,7.2483809523809555
0,0.0,0.0
0,23.279993460709132,-23.279993460709132
56,28.756666666666664,27.243333333333336
49,47.8,1.2000000000000028
2,1.1851534347448085,0.8148465652551915
63,38.418015873015875,24.581984126984125
48,37.298756410256416,10.701243589743584
0,0.0,0.0
67,44.74,22.259999999999998
71,57.45583333333333,13.54416666666667
31,31.650154061624644,-0.6501540616246437
24,32.635,-8.634999999999998
43,30.356666666666666,12.643333333333334
43,42.99,0.00999999999999801
19,39.52,-20.520000000000003
5,24.805,-19.805
74,39.38756818181818,34.61243181818182
41,36.67503448275862,4.324965517241381
22,32.77178571428571,-10.771785714285713
25,36.280476190476186,-11.280476190476186
27,36.18704781704782,-9.18704781704782
1,1.475767589875612,-0.47576758987561196
39,41.11,-2.1099999999999994
33,33.950714285714284,-0.9507142857142838
0,26.269666666666666,-26.269666666666666
0,0.0,0.0
13,13.87,-0.8699999999999992
17,27.045666666666666,-10.045666666666666
41,31.062476190476197,9.937523809523803
18,37.220000000000006,-19.220000000000006
69,64.09,4.909999999999997
1,22.65,-21.65
35,41.7675,-6.767499999999998
38,29.526153846153846,8.473846153846154
41,33.57666666666667,7.423333333333332
0,0.0,0.0
22,31.551285714285715,-9.551285714285715
32,43.630054945054944,-11.630054945054944
35,38.715,-3.7150000000000034
53,31.916785714285716,21.083214285714284
0,37.952,-37.952
0,0.0,0.0
50,43.33,6.670000000000002
42,32.053333333333335,9.946666666666665
42,36.560233426704016,5.439766573295984
19,29.3035,-10.3035
21,34.512142857142855,-13.512142857142855
74,74.0,0.0
2,0.6688813521359962,1.3311186478640038
40,40.89588235294118,-0.8958823529411788
39,35.81055555555556,3.1894444444444403
14,24.58,-10.579999999999998
26,35.251999999999995,-9.251999999999995
53,33.23833333333334,19.761666666666663
0,40.01,-40.01
65,33.04182271068807,31.958177289311926
0,6.5,-6.5
43,42.34,0.6599999999999966
41,38.95,2.049999999999997
86,80.36201731601732,5.637982683982685
0,0.0,0.0
47,41.73,5.270000000000003
47,46.16,0.8400000000000034
44,40.336666666666666,3.663333333333334
18,38.27333333333333,-20.273333333333333
58,70.77,-12.769999999999996
2,0.22363073527779398,1.776369264722206
24,35.123333333333335,-11.123333333333335
50,43.618396762657625,6.381603237342375
36,47.58083333333334,-11.580833333333338
41,38.21666666666667,2.7833333333333314
71,18.998734126984132,52.00126587301587
44,41.035833333333336,2.9641666666666637
23,24.479714285714284,-1.4797142857142838
51,36.91616666666667,14.083833333333331
31,40.847142857142856,-9.847142857142856
43,37.975,5.024999999999999
23,37.354166666666664,-14.354166666666664
39,40.62,-1.6199999999999974
22,27.97,-5.969999999999999
40,33.10666666666667,6.893333333333331
53,49.3,3.700000000000003
45,40.43821428571428,4.561785714285719
27,39.61,-12.61
17,17.21,-0.21000000000000085
47,43.935,3.0649999999999977
10,22.055,-12.055
18,21.57,-3.5700000000000003
62,31.33,30.67
37,36.661,0.33899999999999864
0,47.05666666666666,-47.05666666666666
0,0.0,0.0
38,35.126666666666665,2.873333333333335
20,32.59625,-12.596249999999998
19,39.09,-20.090000000000003
0,31.211454991087344,-31.211454991087344
65,60.76,4.240000000000002
5,15.72,-10.72
73,58.59,14.409999999999997
5,20.805,-15.805
0,37.042857142857144,-37.042857142857144
61,60.59,0.4099999999999966
0,0.3750751339545305,-0.3750751339545305
38,37.053000000000004,0.9469999999999956
50,45.635,4.365000000000002
15,25.11,-10.11
4,30.923351648351645,-26.923351648351645
67,20.564285714285717,46.43571428571428
20,40.96366666666667,-20.96366666666667
55,52.22,2.780000000000001
47,34.845,12.155000000000001
62,57.81666666666666,4.183333333333337
0,36.872048433048434,-36.872048433048434
19,33.86666666666667,-14.866666666666667
21,18.06416666666667,2.9358333333333313
0,6.79,-6.79
41,43.86,-2.8599999999999994
38,39.334,-1.3340000000000032
9,33.005,-24.005000000000003
32,39.17,-7.170000000000002
1,6.548178806929892,-5.548178806929892
60,51.43666666666666,8.56333333333334
50,38.19,11.810000000000002
63,44.14266666666667,18.85733333333333
52,41.266000000000005,10.733999999999995
31,31.62677777777778,-0.6267777777777788
42,37.523809523809526,4.4761904761904745
21,28.1336,-7.133600000000001
19,25.49,-6.489999999999998
58,42.35,15.649999999999999
23,39.798119047619046,-16.798119047619046
0,0.0,0.0
44,39.74,4.259999999999998
56,57.75,-1.75
36,39.01530303030303,-3.0153030303030306
21,33.514034391534395,-12.514034391534395
0,35.34102941176471,-35.34102941176471
22,21.03,0.9699999999999989
32,29.51,2.4899999999999984
29,35.537000000000006,-6.537000000000006
0,13.21,-13.21
25,33.053333333333335,-8.053333333333335
11,25.394166666666663,-14.394166666666663
46,41.026,4.973999999999997
18,33.48314285714286,-15.483142857142859
39,25.898333333333333,13.101666666666667
56,54.31,1.6899999999999977
52,44.368,7.631999999999998
49,27.711666666666666,21.288333333333334
82,10.199043638052773,71.80095636194723
41,35.130857142857145,5.8691428571428546
41,29.055,11.945
2,35.14657142857143,-33.14657142857143
39,43.153999999999996,-4.153999999999996
34,33.31,0.6899999999999977
25,25.046,-0.045999999999999375
29,29.94,-0.9400000000000013
12,29.031999999999996,-17.031999999999996
0,1.48,-1.48
56,40.29785714285714,15.70214285714286
21,21.0425,-0.042500000000000426
66,54.01666666666667,11.983333333333327
23,28.41583333333333,-5.415833333333332
55,32.411320346320345,22.588679653679655
30,41.045,-11.045000000000002
0,1.6,-1.6
43,36.29333333333333,6.7066666666666706
27,44.57,-17.57
16,21.61,-5.609999999999999
0,29.485,-29.485
53,31.745,21.255
33,34.17,-1.1700000000000017
26,40.05,-14.049999999999997
23,38.85333333333333,-15.853333333333332
11,21.54,-10.54
33,27.415,5.585000000000001
0,11.83222222222222,-11.83222222222222
54,29.30081818181818,24.69918181818182
27,39.53,-12.530000000000001
75,35.758,39.242
19,26.25,-7.25
35,39.56333333333333,-4.563333333333333
73,55.56399999999999,17.436000000000007
38,30.67335087719298,7.326649122807019
37,32.94,4.060000000000002
51,37.42,13.579999999999998
24,36.9575,-12.957500000000003
70,28.22416666666667,41.77583333333333
56,49.09,6.909999999999997
0,0.0,0.0
49,39.196999999999996,9.803000000000004
25,26.852241647241645,-1.8522416472416445
37,43.52,-6.520000000000003
44,43.217440476190475,0.7825595238095246
33,41.89666666666666,-8.896666666666661
41,47.46,-6.460000000000001
22,41.65,-19.65
0,0.47628164267792733,-0.47628164267792733
2,22.62167467996924,-20.62167467996924
0,0.0,0.0
0,4.240317313194788,-4.240317313194788
50,32.8,17.200000000000003
33,33.49166666666667,-0.49166666666666714
0,0.0,0.0
41,32.32,8.68
36,40.065,-4.064999999999998
25,24.53,0.46999999999999886
42,44.0,-2.0
31,28.293333333333337,2.7066666666666634
31,32.09,-1.0900000000000034
81,44.625,36.375
41,27.11375,13.88625
1,0.29,0.71
37,36.8625,0.13750000000000284
0,1.77,-1.77
35,40.83553333333333,-5.835533333333331
0,0.51,-0.51
36,38.593333333333334,-2.5933333333333337
45,36.51,8.490000000000002
55,32.0866875,22.913312500000004
40,39.61,0.39000000000000057
0,0.0,0.0
39,36.08166666666666,2.9183333333333366
34,32.63,1.3699999999999974
0,38.92453968253969,-38.92453968253969
16,19.91,-3.91
42,26.968095238095234,15.031904761904766
78,65.66,12.340000000000003
0,5.68,-5.68
54,50.65,3.3500000000000014
63,39.37,23.630000000000003
36,43.55,-7.549999999999997
0,46.13214285714286,-46.13214285714286
47,25.24,21.76
52,30.408,21.592
47,33.61528205128205,13.384717948717949
5,18.6,-13.600000000000001
24,25.15,-1.1499999999999986
42,35.9625,6.037500000000001
0,0.0,0.0
78,76.255,1.7450000000000045
64,53.18666666666666,10.81333333333334
29,30.77666666666667,-1.7766666666666708
53,39.04833333333333,13.951666666666668
72,58.61600000000001,13.383999999999993
0,28.935,-28.935
68,59.415,8.585
2,0.5893779553779551,1.4106220446220448
8,43.16090909090909,-35.16090909090909
38,38.50225,-0.5022499999999965
0,4.11,-4.11
50,46.29242857142857,3.707571428571427
55,46.87,8.130000000000003
59,2.2857119547119553,56.71428804528804
37,44.72,-7.719999999999999
71,34.106339285714284,36.893660714285716
39,35.51,3.490000000000002
0,1.31,-1.31
50,47.855,2.145000000000003
31,39.03666666666666,-8.036666666666662
65,43.923500000000004,21.076499999999996
55,34.24333333333333,20.756666666666668
25,37.36654761904762,-12.366547619047623
0,2.532,-2.532
53,45.97666666666666,7.0233333333333405
66,36.67166666666667,29.328333333333333
22,33.452,-11.451999999999998
0,0.14257532200751954,-0.14257532200751954
22,28.628,-6.628
0,28.01,-28.01
0,3.86,-3.86
44,31.01,12.989999999999998
20,21.430999999999997,-1.4309999999999974
9,17.588642857142858,-8.588642857142858
60,53.53,6.469999999999999
0,19.703333333333333,-19.703333333333333
46,44.25,1.75
47,45.608000000000004,1.391999999999996
40,39.92,0.0799999999999983
38,45.93151515151515,-7.93151515151515
23,17.2525,5.747499999999999
33,31.336666666666666,1.663333333333334
35,30.359999999999996,4.640000000000004
43,41.82,1.1799999999999997
17,18.02,-1.0199999999999996
2,42.023,-40.023
20,32.067142857142855,-12.067142857142855
7,22.443333333333335,-15.443333333333335
54,41.46,12.54
1,0.15560770733508344,0.8443922926649166
40,37.64,2.3599999999999994
0,6.827333333333334,-6.827333333333334
17,40.36666666666667,-23.366666666666667
2,8.649025907557997,-6.649025907557997
0,4.14,-4.14
23,49.28166666666666,-26.28166666666666
0,3.45,-3.45
0,0.0,0.0
0,31.673076402824236,-31.673076402824236
41,45.195,-4.195
26,19.302163636363638,6.6978363636363625
66,37.028333333333336,28.971666666666664
81,34.45,46.55
61,37.36166666666667,23.63833333333333
41,37.51085714285714,3.489142857142859
26,35.82200721500722,-9.822007215007218
47,44.758,2.2419999999999973
27,32.54166666666667,-5.541666666666671
0,36.986666666666665,-36.986666666666665
21,25.99,-4.989999999999998
51,54.26636363636364,-3.266363636363643
64,63.32,0.6799999999999997
60,56.7625,3.237499999999997
43,42.55772727272727,0.44227272727273004
49,54.1825,-5.182499999999997
8,33.1,-25.1
54,52.89,1.1099999999999994
68,40.39,27.61
35,36.34,-1.3400000000000034
37,31.89,5.109999999999999
11,33.21721212121212,-22.21721212121212
72,47.412,24.588
48,41.51241379310344,6.487586206896559
26,26.02,-0.019999999999999574
58,39.624117647058824,18.375882352941176
13,13.555,-0.5549999999999997
10,42.54311111111111,-32.54311111111111
19,43.87,-24.869999999999997
51,48.62,2.3800000000000026
37,31.173333333333332,5.826666666666668
50,44.990500000000004,5.009499999999996
0,14.6625,-14.6625
60,31.763589743589748,28.236410256410252
0,1.38,-1.38
34,38.578,-4.578000000000003
40,37.236666666666665,2.7633333333333354
0,32.58125122189638,-32.58125122189638
28,20.03,7.969999999999999
71,54.55,16.450000000000003
0,10.276666666666667,-10.276666666666667
24,26.209333333333333,-2.2093333333333334
51,35.005,15.994999999999997
33,33.67,-0.6700000000000017
32,34.934,-2.9339999999999975
12,15.03,-3.0299999999999994
11,26.03,-15.030000000000001
38,39.63666666666666,-1.6366666666666632
53,51.852428571428575,1.1475714285714247
76,49.8325,26.167499999999997
38,31.28095238095238,6.719047619047618
24,36.262142857142855,-12.262142857142855
13,31.137999999999998,-18.137999999999998
50,40.28,9.719999999999999
58,39.78,18.22
24,45.77,-21.770000000000003
53,41.17,11.829999999999998
0,0.74,-0.74
49,38.45142857142857,10.548571428571428
21,19.4275,1.5725000000000016
20,24.52,-4.52
18,36.06583333333334,-18.065833333333337
10,31.85,-21.85
59,37.38716883116883,21.61283116883117
53,40.44,12.560000000000002
50,35.746,14.253999999999998
40,32.805,7.195
18,40.59,-22.590000000000003
76,49.03,26.97
48,46.14333333333334,1.856666666666662
58,45.42699275362319,12.573007246376811
20,41.416000000000004,-21.416000000000004
39,38.815,0.18500000000000227
77,73.32,3.680000000000007
38,27.401666666666664,10.598333333333336
57,48.65095238095238,8.349047619047617
55,38.094166666666666,16.905833333333334
14,10.7975,3.2025000000000006
23,32.5755,-9.575499999999998
35,23.13333333333333,11.86666666666667
23,26.05,-3.0500000000000007
75,69.67846153846155,5.321538461538452
44,42.67409090909091,1.325909090909093
39,31.953166666666664,7.0468333333333355
0,0.0,0.0
42,41.305,0.6950000000000003
0,0.08150668775668775,-0.08150668775668775
53,38.89357580824972,14.106424191750278
5,44.01730014430014,-39.01730014430014
57,31.07,25.93
0,2.608333333333334,-2.608333333333334
52,37.54935185185185,14.450648148148147
59,48.888000000000005,10.111999999999995
20,28.355999999999998,-8.355999999999998
1,0.42991345361593225,0.5700865463840677
41,39.066,1.9339999999999975
52,35.705,16.295
25,34.49966666666667,-9.49966666666667
66,44.74,21.259999999999998
55,36.89178571428572,18.108214285714283
93,73.8047619047619,19.195238095238096
55,43.03666666666666,11.963333333333338
27,37.535833333333336,-10.535833333333336
49,27.936190476190475,21.063809523809525
46,38.06666666666667,7.93333333333333
38,38.99,-0.990000000000002
64,54.41,9.590000000000003
44,37.007333333333335,6.992666666666665
21,23.45,-2.4499999999999993
30,35.35,-5.350000000000001
28,38.541666666666664,-10.541666666666664
0,8.39819918231064,-8.39819918231064
0,0.0,0.0
47,41.71666666666667,5.283333333333331
54,47.74,6.259999999999998
0,27.948095238095238,-27.948095238095238
42,41.48,0.5200000000000031
33,32.391999999999996,0.6080000000000041
0,0.03382892731669073,-0.03382892731669073
17,29.59,-12.59
20,39.32125,-19.32125
24,27.7815,-3.781500000000001
0,0.0,0.0
23,40.485,-17.485
47,44.12,2.8800000000000026
0,27.03109523809524,-27.03109523809524
40,33.58433333333333,6.415666666666667
33,37.92333333333333,-4.923333333333332
53,43.53,9.469999999999999
0,21.16,-21.16
0,4.07,-4.07
36,40.099666666666664,-4.099666666666664
69,56.92,12.079999999999998
24,28.91,-4.91
55,53.49,1.509999999999998
22,29.09,-7.09
22,19.554166666666664,2.4458333333333364
38,39.973333333333336,-1.9733333333333363
74,45.83703745600805,28.162962543991952
0,12.3325,-12.3325
34,43.49,-9.490000000000002
25,34.355,-9.354999999999997
48,45.41,2.5900000000000034
0,6.12630772005772,-6.12630772005772
38,47.63966666666667,-9.63966666666667
44,34.30653846153846,9.693461538461541
32,38.18666666666667,-6.186666666666667
64,39.69619047619048,24.30380952380952
57,43.77,13.229999999999997
28,23.506666666666664,4.493333333333336
0,1.26,-1.26
56,33.22888888888889,22.77111111111111
20,42.42433333333334,-22.424333333333337
25,32.3,-7.299999999999997
59,36.32185714285714,22.67814285714286
57,56.25,0.75
62,44.08833333333334,17.91166666666666
41,42.37,-1.3699999999999974
38,36.09,1.9099999999999966
25,30.73375,-5.733750000000001
21,28.089166666666664,-7.089166666666664
75,72.06,2.9399999999999977
17,40.398,-23.398000000000003
55,32.11,22.89
46,47.39421428571428,-1.394214285714277
36,35.14333333333334,0.856666666666662
0,34.4701212121212,-34.4701212121212
43,38.89125,4.108750000000001
42,38.571999999999996,3.4280000000000044
46,42.604,3.396000000000001
48,38.588,9.411999999999999
20,35.995066666666666,-15.995066666666666
0,0.0,0.0
0,1.23,-1.23
18,34.375794117647054,-16.375794117647054
2,0.5659880952380952,1.4340119047619049
25,29.745,-4.745000000000001
38,38.22,-0.21999999999999886
56,30.980947802197804,25.019052197802196
23,34.485,-11.485
0,5.89,-5.89
66,46.27621212121212,19.72378787878788
60,50.15333333333333,9.846666666666671
43,33.54,9.46
4,13.45,-9.45
25,34.507954559861844,-9.507954559861844
74,40.40706022408963,33.59293977591037
6,31.885,-25.885
44,43.69,0.3100000000000023
57,52.715,4.284999999999997
40,35.65,4.350000000000001
36,39.18666666666667,-3.1866666666666674
78,38.705,39.295
2,12.803333333333335,-10.803333333333335
0,3.4558058952674418,-3.4558058952674418
20,31.185,-11.184999999999999
21,33.28,-12.280000000000001
63,44.36666666666667,18.633333333333333
62,43.795,18.205
0,0.0,0.0
19,29.07,-10.07
20,21.405,-1.4050000000000011
28,39.059666666666665,-11.059666666666665
20,22.68,-2.6799999999999997
52,47.73514285714286,4.264857142857139
61,60.13,0.8699999999999974
60,42.01464285714286,17.98535714285714
39,35.52,3.479999999999997
0,17.95,-17.95
1,0.5811569264069264,0.4188430735930736
1,3.05,-2.05
52,27.66,24.34
11,30.425,-19.425
55,35.475,19.525
41,28.690236652236653,12.309763347763347
31,28.906939393939396,2.093060606060604
16,25.7,-9.7
61,40.02,20.979999999999997
32,37.20666666666667,-5.2066666666666706
26,35.63,-9.630000000000003
0,0.0,0.0
38,38.46333333333334,-0.46333333333333826
37,40.391,-3.3909999999999982
65,63.63,1.3699999999999974
38,25.235,12.765
67,41.495,25.505000000000003
0,14.64,-14.64
34,40.097,-6.097000000000001
0,0.0,0.0
59,30.1,28.9
21,34.725,-13.725000000000001
58,50.92,7.079999999999998
26,35.42333333333333,-9.423333333333332
84,76.79688888888887,7.203111111111127
36,45.69,-9.689999999999998
61,43.66,17.340000000000003
23,33.9275,-10.927500000000002
48,42.368,5.631999999999998
31,28.87,2.129999999999999
44,41.71666666666666,2.2833333333333385
2,9.916558009800658,-7.916558009800658
42,44.306999999999995,-2.306999999999995
51,44.93333333333334,6.066666666666663
43,33.78,9.219999999999999
66,16.75,49.25
44,46.04386363636364,-2.043863636363639
0,39.91,-39.91
38,35.361666666666665,2.6383333333333354
1,0.4332448711419299,0.5667551288580701
23,32.6775,-9.677500000000002
1,21.15,-20.15
79,73.36,5.640000000000001
28,43.31833333333334,-15.318333333333342
50,23.42,26.58
40,44.35333333333333,-4.353333333333332
62,42.715,19.284999999999997
43,42.16,0.8400000000000034
58,59.36061904761904,-1.3606190476190392
0,3.8957142857142855,-3.8957142857142855
0,0.9341683592209,-0.9341683592209
17,23.945,-6.945
37,40.67,-3.6700000000000017
12,38.54083333333333,-26.54083333333333
0,0.7501967469179239,-0.7501967469179239
71,42.57416666666666,28.425833333333337
43,41.37,1.6300000000000026
27,26.198204975579973,0.8017950244200271
31,36.615,-5.615000000000002
22,26.234166666666667,-4.234166666666667
43,38.76166666666666,4.238333333333337
21,28.72,-7.719999999999999
44,44.64,-0.6400000000000006
68,55.785,12.215000000000003
53,30.618333333333336,22.381666666666664
48,44.21,3.789999999999999
24,20.74119047619048,3.2588095238095214
0,0.0,0.0
24,17.44,6.559999999999999
31,33.295,-2.2950000000000017
0,0.4759067590638421,-0.4759067590638421
41,37.0125,3.987499999999997
68,61.61,6.390000000000001
20,36.963166666666666,-16.963166666666666
75,71.43,3.569999999999993
57,38.70333333333333,18.296666666666667
61,54.286,6.713999999999999
49,34.075898692810455,14.924101307189545
62,42.78159523809524,19.218404761904758
14,32.412,-18.412
19,26.827333333333335,-7.8273333333333355
21,35.772,-14.771999999999998
47,48.25090909090909,-1.25090909090909
9,30.36,-21.36
44,35.114380952380955,8.885619047619045
24,19.15375,4.846250000000001
20,29.511016483516485,-9.511016483516485
22,25.02,-3.0199999999999996
14,23.814513480392158,-9.814513480392158
51,43.8595,7.140500000000003
0,0.45197043253929786,-0.45197043253929786
9,37.96266771235521,-28.962667712355213
21,22.64,-1.6400000000000006
41,25.6,15.399999999999999
0,0.9881782751020538,-0.9881782751020538
64,51.93,12.07
9,18.398,-9.398
10,12.48,-2.4800000000000004
4,17.548436790718597,-13.548436790718597
41,37.94041937229438,3.0595806277056212
0,4.65,-4.65
37,20.685,16.315
41,42.34,-1.3400000000000034
31,34.61666666666667,-3.616666666666667
51,44.855,6.145000000000003
42,51.37,-9.369999999999997
62,37.93783694083694,24.062163059163062
50,33.594818181818184,16.405181818181816
75,37.0075,37.9925
42,39.2,2.799999999999997
55,38.490500000000004,16.509499999999996
38,37.71083333333333,0.28916666666666657
18,37.343333333333334,-19.343333333333334
73,57.26833333333333,15.73166666666667
22,21.282458333333334,0.7175416666666656
51,29.69,21.31
10,27.07090909090909,-17.07090909090909
66,52.659814814814816,13.340185185185184
30,34.5,-4.5
75,39.82874686716792,35.17125313283208
70,49.39,20.61
38,37.96333333333333,0.036666666666668846
0,0.0,0.0
52,44.13,7.869999999999997
0,41.155888888888896,-41.155888888888896
21,24.845999999999993,-3.845999999999993
21,25.605,-4.605
43,41.25525362318841,1.744746376811591
22,36.46583333333333,-14.465833333333329
14,31.46416666666667,-17.46416666666667
46,45.77333333333334,0.22666666666665947
46,37.626666666666665,8.373333333333335
5,27.09,-22.09
39,40.43,-1.4299999999999997
17,36.47,-19.47
22,24.1,-2.1000000000000014
53,33.1535,19.8465
19,33.50666666666667,-14.506666666666668
20,12.1,7.9
54,54.11,-0.10999999999999943
28,17.042499999999997,10.957500000000003
70,39.805,30.195
37,40.996,-3.996000000000002
37,36.37,0.6300000000000026
42,43.8,-1.7999999999999972
29,33.60128205128205,-4.601282051282048
22,25.5975,-3.5975
61,29.937833333333337,31.062166666666663
47,46.17723809523809,0.8227619047619115
43,41.85,1.1499999999999986
0,22.11,-22.11
28,35.156666666666666,-7.156666666666666
44,43.01,0.990000000000002
0,0.0,0.0
27,31.04,-4.039999999999999
48,43.91,4.090000000000003
49,39.045,9.954999999999998
49,45.07666666666667,3.923333333333332
32,40.35,-8.350000000000001
0,27.459,-27.459
42,42.37,-0.36999999999999744
17,30.89,-13.89
0,28.12,-28.12
24,24.83,-0.8299999999999983
8,41.92333333333333,-33.92333333333333
3,15.33,-12.33
0,10.711805302275668,-10.711805302275668
2,2.1191002886002885,-0.11910028860028854
43,37.1,5.899999999999999
65,61.15,3.8500000000000014
36,31.894000000000002,4.105999999999998
45,32.91666666666667,12.083333333333329
56,48.78,7.219999999999999
0,0.03382892731669073,-0.03382892731669073
0,10.890539682539682,-10.890539682539682
70,62.42333333333333,7.576666666666668
26,32.82,-6.82
40,32.38,7.619999999999997
47,42.69,4.310000000000002
62,52.93,9.07
0,4.240317313194788,-4.240317313194788
0,1.38,-1.38
5,6.663043493421188,-1.6630434934211884
42,40.12,1.8800000000000026
0,2.7612267023654704,-2.7612267023654704
24,34.04833333333333,-10.048333333333332
19,28.571666666666665,-9.571666666666665
12,26.8,-14.8
43,42.12466666666667,0.8753333333333302
0,22.62167467996924,-22.62167467996924
58,41.534,16.466
35,37.446,-2.445999999999998
0,0.3157684537684536,-0.3157684537684536
47,46.13858333333333,0.8614166666666705
52,48.94708333333334,3.052916666666661
66,41.91059523809524,24.08940476190476
0,17.58547619047619,-17.58547619047619
21,27.046125738338816,-6.046125738338816
31,40.09,-9.090000000000003
10,23.38,-13.379999999999999
12,29.631500000000003,-17.631500000000003
42,43.55785714285714,-1.557857142857138
67,36.935,30.064999999999998
24,30.83222222222222,-6.832222222222221
27,38.44166666666667,-11.44166666666667
72,65.3225,6.677499999999995
45,40.43714285714286,4.5628571428571405
0,27.26701680672269,-27.26701680672269
0,0.46967326464385273,-0.46967326464385273
18,20.275,-2.2749999999999986
56,37.34,18.659999999999997
48,41.665476190476184,6.334523809523816
61,43.71285714285714,17.28714285714286
1,43.665,-42.665
0,3.5564997160730267,-3.5564997160730267
21,37.94,-16.939999999999998
34,35.0,-1.0
22,38.965,-16.965000000000003
0,0.0,0.0
32,34.34,-2.3400000000000034
64,56.765,7.234999999999999
1,0.32990909090909076,0.6700909090909093
0,17.51325396825397,-17.51325396825397
50,46.47153846153846,3.528461538461542
59,35.23,23.770000000000003
64,55.03,8.969999999999999
20,26.15105263157895,-6.151052631578949
13,22.834333333333333,-9.834333333333333
51,34.58130952380953,16.41869047619047
58,38.63,19.369999999999997
0,21.69,-21.69
71,60.07,10.93
0,0.0,0.0
20,31.19,-11.190000000000001
20,27.40125,-7.401250000000001
0,52.22225,-52.22225
36,36.57,-0.5700000000000003
8,27.786363636363635,-19.786363636363635
0,0.0,0.0
0,3.19,-3.19
21,24.135,-3.1350000000000016
37,40.39,-3.3900000000000006
57,40.04083333333333,16.95916666666667
33,32.685,0.3149999999999977
23,26.01,-3.0100000000000016
35,37.48,-2.479999999999997
40,37.6037264957265,2.396273504273502
45,34.01928571428571,10.980714285714292
31,32.37571428571428,-1.375714285714281
0,3.012857142857142,-3.012857142857142
0,0.020917194059227734,-0.020917194059227734
45,34.961666666666666,10.038333333333334
21,37.305,-16.305
17,8.095,8.905
0,4.785,-4.785
20,28.725,-8.725000000000001
4,1.5999240204240202,2.4000759795759796
47,43.36,3.6400000000000006
0,35.93,-35.93
62,50.8475,11.152500000000003
24,24.941666666666666,-0.9416666666666664
69,65.33,3.6700000000000017
27,36.00367647058823,-9.003676470588232
40,37.58625,2.4137500000000003
0,11.226714285714285,-11.226714285714285
0,0.0,0.0
34,44.33222222222223,-10.332222222222228
60,46.96,13.04
27,29.081372549019605,-2.081372549019605
66,58.31666666666667,7.68333333333333
0,36.62,-36.62
39,33.56083333333333,5.439166666666672
43,24.34833333333333,18.65166666666667
55,32.6,22.4
52,42.431999999999995,9.568000000000005
69,34.04514285714286,34.95485714285714
75,49.772735042735036,25.227264957264964
73,74.8945287212787,-1.8945287212787036
17,20.88,-3.879999999999999
26,29.465,-3.465
55,34.02214285714286,20.97785714285714
23,26.473666666666666,-3.4736666666666665
70,20.431207792207786,49.568792207792214
73,72.07,0.9300000000000068
45,32.91666666666667,12.083333333333329
88,48.33083333333333,39.66916666666667
18,37.768,-19.768
5,45.215714285714284,-40.215714285714284
39,36.93666666666667,2.0633333333333326
47,35.12083333333334,11.879166666666663
0,0.0,0.0
0,45.89333333333333,-45.89333333333333
21,20.801111111111112,0.198888888888888
40,31.897229437229438,8.102770562770562
20,31.323333333333334,-11.323333333333334
27,22.230603174603175,4.769396825396825
65,64.72178571428573,0.2782142857142702
10,34.02318181818182,-24.02318181818182
30,44.33,-14.329999999999998
0,0.0,0.0
45,41.70166666666666,3.298333333333339
47,45.6425,1.3575000000000017
50,31.25785714285714,18.74214285714286
24,31.625,-7.625
46,39.441904761904766,6.558095238095234
49,45.61,3.3900000000000006
67,66.09,0.9099999999999966
0,10.824000000000002,-10.824000000000002
48,42.881,5.119
54,47.28,6.719999999999999
40,43.53047619047619,-3.530476190476193
39,38.141999999999996,0.8580000000000041
64,45.49833333333334,18.501666666666658
0,15.032761904761902,-15.032761904761902
38,39.48833333333333,-1.4883333333333297
22,35.103,-13.103000000000002
30,40.2925,-10.292499999999997
24,37.29666666666667,-13.296666666666667
72,36.79002564102564,35.20997435897436
23,29.74,-6.739999999999998
29,35.82047619047619,-6.820476190476192
42,39.018,2.9819999999999993
26,32.47541666666667,-6.475416666666668
74,66.28571428571428,7.714285714285722
0,30.54333333333333,-30.54333333333333
18,36.47653846153846,-18.47653846153846
42,44.74205357142857,-2.7420535714285705
57,48.67133333333333,8.32866666666667
37,49.66,-12.659999999999997
16,29.9425,-13.942499999999999
69,46.03,22.97
14,24.414499999999997,-10.414499999999997
8,12.54,-4.539999999999999
63,50.03,12.969999999999999
12,23.49,-11.489999999999998
0,0.0,0.0
51,35.07,15.93
50,47.38,2.6199999999999974
1,25.08136519036519,-24.08136519036519
40,35.45,4.549999999999997
63,57.11,5.890000000000001
0,2.09,-2.09
51,40.52333333333333,10.476666666666667
34,43.33916666666667,-9.33916666666667
31,35.4,-4.399999999999999
0,0.0,0.0
0,0.0,0.0
83,80.84,2.1599999999999966
62,40.2775,21.722499999999997
21,36.76,-15.759999999999998
1,3.399547619047618,-2.399547619047618
39,42.35166666666666,-3.3516666666666595
0,5.283333333333334,-5.283333333333334
2,6.26,-4.26
57,49.85,7.149999999999999
25,26.32,-1.3200000000000003
58,54.71875,3.28125
34,32.2125,1.7875000000000014
25,39.11,-14.11
17,16.19,0.8099999999999987
14,17.19,-3.1900000000000013
22,39.54,-17.54
18,34.71,-16.71
0,2.4231056998557,-2.4231056998557
50,47.993095238095236,2.0069047619047637
41,33.11564393939394,7.884356060606059
19,23.67,-4.670000000000002
60,22.753333333333334,37.24666666666667
59,39.18,19.82
39,29.51,9.489999999999998
10,30.52833333333333,-20.52833333333333
23,34.6325,-11.6325
36,33.48,2.520000000000003
29,28.333714285714287,0.6662857142857135
37,22.91280303030303,14.087196969696969
22,38.51785714285714,-16.51785714285714
56,47.005,8.994999999999997
0,0.0,0.0
35,31.043032634032638,3.956967365967362
59,50.495,8.505000000000003
58,48.495,9.505000000000003
40,37.54,2.460000000000001
44,43.14,0.8599999999999994
0,1.05,-1.05
36,30.60809523809524,5.391904761904762
43,30.411923076923078,12.588076923076922
43,37.74,5.259999999999998
21,33.5718487394958,-12.571848739495799
45,39.85384615384615,5.146153846153851
16,21.17,-5.170000000000002
16,38.55166666666667,-22.55166666666667
32,32.65,-0.6499999999999986
2,0.9927157287157287,1.0072842712842713
33,37.03375,-4.033749999999998
60,45.28857142857143,14.71142857142857
22,36.3375,-14.337499999999999
47,36.715,10.284999999999997
61,40.41733333333333,20.582666666666668
21,34.70166666666667,-13.701666666666668
65,35.225,29.775
60,57.86,2.1400000000000006
42,35.665,6.335000000000001
85,76.12744960921431,8.87255039078569
32,43.03,-11.030000000000001
20,41.258,-21.258000000000003
46,45.16,0.8400000000000034
28,37.72524531024531,-9.725245310245313
79,75.84,3.1599999999999966
0,28.14214675520558,-28.14214675520558
28,40.48,-12.479999999999997
24,35.6365,-11.636499999999998
1,11.641772575250833,-10.641772575250833
0,0.08607016350075342,-0.08607016350075342
53,44.89666666666667,8.103333333333332
28,41.91,-13.909999999999997
75,57.27,17.729999999999997
78,11.176746753246748,66.82325324675325
21,27.372,-6.372
49,35.998333333333335,13.001666666666665
29,41.795,-12.795000000000002
44,41.67,2.3299999999999983
43,44.16,-1.1599999999999966
0,9.64,-9.64
7,31.3,-24.3
39,39.43811111111111,-0.43811111111111245
1,1.2392631442919038,-0.23926314429190376
51,50.13,0.8699999999999974
0,0.9881782751020538,-0.9881782751020538
47,41.9,5.100000000000001
55,47.94333333333334,7.056666666666658
22,23.57,-1.5700000000000003
44,42.16,1.8400000000000034
22,15.46,6.539999999999999
31,38.67975369458128,-7.679753694581279
60,37.80586538461539,22.194134615384613
51,47.61,3.3900000000000006
55,53.89,1.1099999999999994
34,16.503861067248163,17.496138932751837
12,30.22,-18.22
0,27.0175,-27.0175
35,33.392,1.607999999999997
28,33.0145,-5.014499999999998
0,0.0,0.0
21,33.68666666666667,-12.686666666666667
76,69.25,6.75
28,33.38,-5.380000000000003
68,56.87166666666667,11.12833333333333
45,41.45333333333334,3.5466666666666598
68,59.07,8.93
39,34.19,4.810000000000002
39,29.653000000000002,9.346999999999998
0,10.964,-10.964
61,58.79,2.210000000000001
39,32.138000000000005,6.861999999999995
21,38.13333333333333,-17.133333333333333
47,32.66,14.340000000000003
23,32.06559139784946,-9.06559139784946
39,36.36333333333334,2.636666666666663
75,73.26,1.7399999999999949
59,37.416,21.584000000000003
17,33.77333333333333,-16.773333333333333
0,26.925,-26.925
37,34.65772727272727,2.3422727272727286
54,35.67066666666667,18.32933333333333
38,47.22,-9.219999999999999
60,53.86,6.140000000000001
30,30.77,-0.7699999999999996
31,36.915,-5.914999999999999
45,28.486,16.514
54,47.70066666666666,6.299333333333337
23,34.06,-11.060000000000002
19,32.10055555555556,-13.100555555555559
34,25.47,8.530000000000001
51,34.87,16.130000000000003
36,36.6125,-0.6124999999999972
40,35.13333333333333,4.866666666666667
20,40.013,-20.012999999999998
32,41.378,-9.378
49,40.596666666666664,8.403333333333336
0,19.975,-19.975
19,31.07,-12.07
29,30.92,-1.9200000000000017
24,50.547,-26.546999999999997
29,35.63,-6.630000000000003
0,29.265,-29.265
64,36.31245454545455,27.68754545454545
24,25.855333333333338,-1.8553333333333377
27,30.256,-3.2560000000000002
26,39.28,-13.280000000000001
25,38.114444444444445,-13.114444444444445
36,45.32166666666667,-9.321666666666673
5,11.855,-6.855
0,1.1725,-1.1725
0,1.48,-1.48
41,40.29,0.7100000000000009
51,45.19299999999999,5.807000000000009
63,41.151666666666664,21.848333333333336
34,47.720277777777774,-13.720277777777774
23,36.9275,-13.927500000000002
28,40.12522727272727,-12.125227272727273
21,28.38,-7.379999999999999
39,38.1625,0.8374999999999986
17,44.015,-27.015
26,33.654444444444444,-7.654444444444444
14,23.34833333333333,-9.34833333333333
70,56.92833333333334,13.071666666666658
58,33.495666666666665,24.504333333333335
50,45.56416666666666,4.435833333333342
58,35.87,22.130000000000003
0,19.61,-19.61
0,17.06,-17.06
2,43.63666666666667,-41.63666666666667
54,16.3,37.7
37,37.39,-0.39000000000000057
20,31.611176470588234,-11.611176470588234
48,47.628,0.3719999999999999
0,1.275,-1.275
31,31.42,-0.4200000000000017
33,31.64,1.3599999999999994
12,20.67,-8.670000000000002
0,0.59,-0.59
21,31.91166666666667,-10.911666666666669
43,34.9,8.100000000000001
15,34.51347319347319,-19.51347319347319
26,42.63666666666666,-16.636666666666663
0,8.81,-8.81
18,18.14,-0.14000000000000057
59,54.11333333333334,4.886666666666663
11,18.877,-7.876999999999999
21,33.96,-12.96
14,29.464624542124543,-15.464624542124543
25,29.990857142857138,-4.990857142857138
47,30.44,16.56
16,40.46714285714286,-24.46714285714286
43,26.668000000000003,16.331999999999997
28,43.89625,-15.896250000000002
55,46.94833333333334,8.051666666666662
11,16.750833333333333,-5.750833333333333
0,30.146923076923077,-30.146923076923077
43,26.892888888888887,16.107111111111113
19,45.395,-26.395000000000003
39,37.4,1.6000000000000014
9,24.66,-15.66
0,9.360333333333335,-9.360333333333335
21,36.55928888888889,-15.559288888888887
31,37.945,-6.945
43,27.55166666666667,15.44833333333333
37,31.4,5.600000000000001
66,63.54333333333333,2.4566666666666706
17,34.37,-17.369999999999997
15,28.54666666666667,-13.54666666666667
51,37.809294372294374,13.190705627705626
2,4.39,-2.3899999999999997
26,25.364230769230772,0.6357692307692275
55,47.53,7.469999999999999
59,47.68,11.32
0,0.0,0.0
23,29.79,-6.789999999999999
51,42.5125,8.487499999999997
16,38.33,-22.33
57,50.51,6.490000000000002
39,36.1975,2.802500000000002
33,38.49355555555556,-5.4935555555555595
52,36.51,15.490000000000002
32,33.79045739348371,-1.7904573934837131
51,46.91,4.090000000000003
72,67.84,4.159999999999997
58,52.22,5.780000000000001
0,9.91,-9.91
46,37.775,8.225000000000001
56,44.995,11.005000000000003
24,27.803333333333335,-3.8033333333333346
0,19.36,-19.36
21,38.48,-17.479999999999997
37,24.395,12.605
21,22.16,-1.1600000000000001
0,9.905,-9.905
66,60.46,5.539999999999999
23,37.85666666666667,-14.85666666666667
22,37.45311904761905,-15.453119047619047
24,30.337372685185187,-6.337372685185187
17,33.12833333333333,-16.12833333333333
57,48.78,8.219999999999999
19,8.97,10.03
55,46.22333333333333,8.77666666666667
33,32.13,0.8699999999999974
68,59.18,8.82
34,30.433581349206353,3.566418650793647
65,52.89708333333333,12.102916666666673
24,26.49,-2.4899999999999984
12,21.23,-9.23
13,23.708888888888886,-10.708888888888886
19,33.755,-14.755000000000003
24,24.448,-0.4480000000000004
39,41.20125,-2.2012500000000017
41,39.588,1.411999999999999
52,45.79904761904761,6.200952380952387
20,36.2054,-16.205399999999997
0,14.414000000000001,-14.414000000000001
0,12.85793452874954,-12.85793452874954
48,33.25,14.75
29,36.30499999999999,-7.304999999999993
42,35.4725,6.527500000000003
20,35.92,-15.920000000000002
38,22.022333333333336,15.977666666666664
15,30.26,-15.260000000000002
57,50.81,6.189999999999998
0,0.4817737262737265,-0.4817737262737265
37,33.72471428571428,3.2752857142857223
3,4.88,-1.88
57,36.9925,20.0075
58,40.28333333333333,17.71666666666667
48,42.1,5.899999999999999
43,33.48,9.520000000000003
0,35.1975,-35.1975
25,25.53272727272727,-0.5327272727272714
8,17.305,-9.305
50,44.19,5.810000000000002
3,19.112000000000002,-16.112000000000002
41,38.22,2.780000000000001
35,35.12,-0.11999999999999744
46,45.291500000000006,0.7084999999999937
52,53.38,-1.3800000000000026
62,44.914476190476186,17.085523809523814
29,39.56510989010989,-10.565109890109888
2,1.1123137125461975,0.8876862874538025
64,42.80416666666666,21.19583333333334
21,32.63758543417367,-11.637585434173673
54,32.406666666666666,21.593333333333334
0,0.52,-0.52
40,40.178000000000004,-0.17800000000000438
58,39.60333333333333,18.39666666666667
14,39.671904761904756,-25.671904761904756
3,3.260357142857142,-0.26035714285714207
41,34.10933333333333,6.890666666666668
47,36.178666666666665,10.821333333333335
11,27.74722222222222,-16.74722222222222
0,34.19666666666667,-34.19666666666667
27,24.09,2.91
63,33.57666666666667,29.423333333333332
47,36.185,10.814999999999998
39,32.27,6.729999999999997
0,1.2624881784881783,-1.2624881784881783
22,37.25,-15.25
54,19.14745382412486,34.85254617587514
20,20.8,-0.8000000000000007
27,34.76,-7.759999999999998
0,25.85,-25.85
29,32.65314285714285,-3.6531428571428535
0,0.020917194059227734,-0.020917194059227734
0,0.20999968853203757,-0.20999968853203757
40,34.16333333333333,5.836666666666673
45,42.68,2.3200000000000003
42,34.09598484848485,7.9040151515151535
7,23.263333333333335,-16.263333333333335
50,38.91,11.090000000000003
63,49.64,13.36
22,30.396666666666665,-8.396666666666665
56,45.16,10.840000000000003
63,61.84599999999998,1.1540000000000177
0,0.0,0.0
0,0.07614186995495043,-0.07614186995495043
0,45.18,-45.18
0,2.05,-2.05
17,40.987441391941395,-23.987441391941395
37,39.16,-2.1599999999999966
6,14.631666666666668,-8.631666666666668
20,24.29,-4.289999999999999
1,0.4817737262737265,0.5182262737262735
70,35.04771212121212,34.95228787878788
69,56.67142857142857,12.32857142857143
64,55.71666666666666,8.283333333333339
13,14.94,-1.9399999999999995
0,0.0,0.0
0,26.572857142857142,-26.572857142857142
52,47.02723012281835,4.972769877181648
43,35.61,7.390000000000001
66,55.512,10.488
38,28.83,9.170000000000002
6,15.098541162227605,-9.098541162227605
90,72.04583333333333,17.954166666666666
18,31.05564950980392,-13.05564950980392
42,40.03,1.9699999999999989
41,33.62333333333333,7.376666666666672
0,14.73,-14.73
39,30.611149122807014,8.388850877192986
50,47.11368686868686,2.8863131313131376
2,7.6,-5.6
43,40.923,2.076999999999998
36,33.71583333333333,2.284166666666671
30,32.355,-2.354999999999997
27,31.00666666666667,-4.006666666666671
13,32.035,-19.034999999999997
20,33.961111111111116,-13.961111111111116
82,64.37,17.629999999999995
1,1.1479938479658163,-0.14799384796581627
44,37.477,6.523000000000003
39,41.832019536019544,-2.832019536019544
44,43.88,0.11999999999999744
41,40.78,0.21999999999999886
0,12.107142857142858,-12.107142857142858
39,36.82363636363636,2.1763636363636394
23,28.20380952380952,-5.203809523809522
10,30.85,-20.85
72,51.52,20.479999999999997
20,42.335,-22.335
66,31.097143523143522,34.90285647685648
22,25.28,-3.280000000000001
0,22.6025,-22.6025
26,39.535833333333336,-13.535833333333336
53,32.74166666666667,20.258333333333333
0,67.39444444444445,-67.39444444444445
40,41.284166666666664,-1.284166666666664
3,41.30897435897435,-38.30897435897435
15,33.51,-18.509999999999998
56,34.17230314347962,21.827696856520383
35,36.935476190476194,-1.9354761904761943
24,26.68,-2.6799999999999997
3,35.82,-32.82
20,13.811666666666666,6.188333333333334
20,36.1,-16.1
39,27.416852941176472,11.583147058823528
65,55.32415584415584,9.67584415584416
26,26.24,-0.23999999999999844
26,34.6185,-8.618499999999997
19,24.31,-5.309999999999999
3,17.66904761904762,-14.669047619047621
48,34.60066666666667,13.399333333333331
24,32.77,-8.770000000000003
43,41.37,1.6300000000000026
0,14.413333333333332,-14.413333333333332
55,41.64666666666666,13.353333333333339
26,26.914285714285715,-0.9142857142857146
80,5.79,74.21
27,25.086666666666666,1.913333333333334
36,32.68863636363636,3.3113636363636374
28,41.821087301587305,-13.821087301587305
0,3.38,-3.38
35,14.055,20.945
64,56.688,7.311999999999998
53,34.015,18.985
80,65.72636363636364,14.273636363636356
41,46.865500000000004,-5.865500000000004
51,42.041000000000004,8.958999999999996
0,4.66,-4.66
20,33.54833333333333,-13.548333333333332
0,37.43333333333334,-37.43333333333334
19,42.42416666666666,-23.424166666666657
41,38.25,2.75
14,31.37,-17.37
25,35.598222222222226,-10.598222222222226
30,30.733142857142855,-0.7331428571428553
33,32.92,0.0799999999999983
20,24.68,-4.68
0,0.0,0.0
19,33.507,-14.506999999999998
22,30.531199074074074,-8.531199074074074
24,42.62583333333334,-18.62583333333334
38,41.948726190476194,-3.9487261904761937
60,36.67033333333333,23.329666666666668
0,1.6321304528804523,-1.6321304528804523
52,41.98,10.020000000000003
39,39.41,-0.4099999999999966
1,12.35,-11.35
42,39.4025,2.5974999999999966
65,38.55,26.450000000000003
0,0.0,0.0
78,45.7816,32.2184
39,39.01,-0.00999999999999801
46,42.16,3.8400000000000034
7,22.169333333333334,-15.169333333333334
50,28.37,21.63
0,15.21,-15.21
17,16.673333333333332,0.326666666666668
58,37.45153846153846,20.548461538461538
17,19.36,-2.3599999999999994
39,52.215,-13.215000000000003
61,34.7375,26.262500000000003
0,2.55,-2.55
22,17.982222222222223,4.017777777777777
46,38.12854437229437,7.871455627705629
27,32.79,-5.789999999999999
42,43.335,-1.3350000000000009
4,14.84,-10.84
4,42.74,-38.74
0,0.020917194059227734,-0.020917194059227734
24,27.515,-3.5150000000000006
36,36.59,-0.5900000000000034
53,39.215,13.784999999999997
55,41.34495238095238,13.655047619047622
44,43.95,0.04999999999999716
45,40.12,4.880000000000003
0,1.0,-1.0
64,32.61761904761905,31.38238095238095
33,31.8925,1.1075000000000017
45,44.91,0.09000000000000341
65,56.2425,8.7575
61,48.75064912280702,12.249350877192981
19,41.54,-22.54
63,44.56352564102564,18.43647435897436
0,8.956666666666667,-8.956666666666667
61,37.73,23.270000000000003
34,33.15247474747475,0.8475252525252515
43,39.24975,3.750250000000001
61,37.2025,23.7975
0,2.2,-2.2
28,26.21,1.7899999999999991
10,26.813333333333336,-16.813333333333336
0,0.0,0.0
29,36.785,-7.784999999999997
5,28.69,-23.69
63,63.0,0.0
33,34.2345,-1.234499999999997
37,36.906,0.0940000000000012
31,30.955961538461537,0.044038461538463025
65,51.79625,13.20375
29,45.458999999999996,-16.458999999999996
8,26.32333333333333,-18.32333333333333
54,40.5840974025974,13.4159025974026
2,63.24999999999999,-61.24999999999999
57,51.02083333333333,5.979166666666671
1,15.18,-14.18
72,55.79,16.21
0,6.48,-6.48
0,0.3933650793650793,-0.3933650793650793
43,41.35666666666666,1.643333333333338
55,50.262857142857136,4.737142857142864
16,32.83,-16.83
24,34.06972549019608,-10.069725490196078
52,51.24,0.759999999999998
67,29.27728342245989,37.72271657754011
44,40.594,3.405999999999999
84,5.526571428571429,78.47342857142857
33,27.65,5.350000000000001
25,47.68333333333334,-22.683333333333337
62,53.652,8.347999999999999
77,61.02045454545454,15.979545454545459
0,18.72,-18.72
34,44.72666666666667,-10.726666666666667
10,31.4675,-21.4675
57,49.08,7.920000000000002
17,35.598,-18.598
24,41.92933333333333,-17.929333333333332
41,31.93939393939394,9.060606060606059
31,31.868571428571432,-0.8685714285714319
46,44.8,1.2000000000000028
23,39.825,-16.825000000000003
63,34.940625,28.059375000000003
63,48.00833333333333,14.991666666666667
0,6.86,-6.86
0,0.0,0.0
11,39.73266666666667,-28.732666666666667
14,23.03,-9.030000000000001
21,21.66,-0.6600000000000001
35,41.2575,-6.2575
4,35.73422619047619,-31.734226190476193
47,29.32,17.68
0,12.38,-12.38
0,0.9440282801134191,-0.9440282801134191
42,33.775,8.225000000000001
70,34.21066666666666,35.78933333333334
1,3.64,-2.64
55,52.95,2.049999999999997
24,30.214166666666664,-6.214166666666664
44,42.498000000000005,1.5019999999999953
31,37.42628571428571,-6.4262857142857115
76,69.25,6.75
35,36.635,-1.634999999999998
37,31.62333333333333,5.376666666666669
21,14.90775,6.09225
40,39.31,0.6899999999999977
62,56.163222222222224,5.836777777777776
44,42.08,1.9200000000000017
38,41.16166666666667,-3.161666666666669
1,6.78,-5.78
54,42.78666666666666,11.213333333333338
0,0.0,0.0
68,55.798,12.201999999999998
10,18.91,-8.91
38,29.91,8.09
0,2.314,-2.314
12,15.12,-3.119999999999999
46,39.31333333333333,6.686666666666667
36,34.97,1.0300000000000011
21,35.089666666666666,-14.089666666666666
25,25.32,-0.3200000000000003
26,33.31246031746032,-7.312460317460321
37,37.53875,-0.5387500000000003
3,8.141950094958467,-5.141950094958467
0,1.67,-1.67
44,41.97,2.030000000000001
43,40.84,2.1599999999999966
28,38.531,-10.530999999999999
66,22.35416666666667,43.64583333333333
37,35.9375,1.0625
17,19.041857142857143,-2.0418571428571433
41,41.885,-0.884999999999998
35,43.295,-8.295000000000002
46,20.99,25.01
39,36.300666666666665,2.6993333333333354
21,31.29,-10.29
43,35.82,7.18
0,13.738666666666665,-13.738666666666665
48,33.09,14.909999999999997
28,29.36,-1.3599999999999994
12,12.58,-0.5800000000000001
49,42.5,6.5
0,29.62,-29.62
21,21.31,-0.3099999999999987
44,38.83166666666666,5.1683333333333366
64,40.913000000000004,23.086999999999996
66,52.65125,13.348750000000003
0,38.51583333333333,-38.51583333333333
53,27.763333333333335,25.236666666666665
44,38.372763347763346,5.627236652236654
28,35.053000000000004,-7.053000000000004
41,42.28166666666666,-1.2816666666666592
39,28.24541666666667,10.75458333333333
41,37.51285714285714,3.4871428571428567
39,35.244,3.7560000000000002
20,38.63333333333333,-18.633333333333333
47,47.01,-0.00999999999999801
0,0.0,0.0
25,27.349166666666665,-2.3491666666666653
11,29.055,-18.055
45,20.374000000000002,24.625999999999998
12,27.12,-15.120000000000001
61,35.51728571428571,25.482714285714287
1,4.166875,-3.166875
55,20.71,34.29
17,27.15,-10.149999999999999
39,29.4,9.600000000000001
48,46.75,1.25
47,39.88,7.119999999999997
57,51.411892686261105,5.588107313738895
55,46.16,8.840000000000003
62,34.431666666666665,27.568333333333335
55,38.17,16.83
22,24.37,-2.370000000000001
34,47.355,-13.354999999999997
10,13.44,-3.4399999999999995
30,31.436666666666664,-1.4366666666666639
0,1.855,-1.855
74,38.04,35.96
0,6.752285714285714,-6.752285714285714
21,29.644444444444442,-8.644444444444442
16,21.12,-5.120000000000001
41,32.083551587301585,8.916448412698415
25,33.352999999999994,-8.352999999999994
43,29.39402380952381,13.605976190476191
39,36.739666666666665,2.2603333333333353
65,43.40666666666666,21.59333333333334
45,40.48285714285715,4.517142857142851
13,31.87,-18.87
61,44.58,16.42
0,12.94,-12.94
49,44.78375,4.216250000000002
77,65.30333333333334,11.696666666666658
76,61.1,14.899999999999999
35,32.02,2.979999999999997
54,36.46549908424909,17.53450091575091
65,55.74,9.259999999999998
1,1.45,-0.44999999999999996
23,38.25511111111111,-15.255111111111113
33,38.582,-5.582000000000001
39,22.19,16.81
10,30.065,-20.065
17,19.75,-2.75
13,31.545,-18.545
39,46.36,-7.359999999999999
33,31.891746031746028,1.1082539682539725
59,56.80440476190477,2.1955952380952297
11,34.93649565315636,-23.936495653156364
52,39.52,12.479999999999997
22,40.405,-18.405
22,27.295,-5.295000000000002
45,43.07916666666666,1.9208333333333414
64,57.41666666666667,6.583333333333329
67,58.06041666666666,8.939583333333339
1,5.18,-4.18
44,47.995,-3.9949999999999974
0,0.7501967469179239,-0.7501967469179239
77,72.93933333333334,4.060666666666663
35,40.55,-5.549999999999997
0,0.0,0.0
58,41.17290909090909,16.827090909090913
56,45.375,10.625
27,28.165,-1.1649999999999991
39,33.885,5.115000000000002
29,38.09,-9.090000000000003
47,33.478,13.521999999999998
48,46.27,1.7299999999999969
16,25.944999999999997,-9.944999999999997
26,33.29875,-7.298749999999998
44,35.36666666666667,8.633333333333333
55,51.28,3.719999999999999
0,3.38,-3.38
26,32.49,-6.490000000000002
0,29.925,-29.925
43,40.4,2.6000000000000014
0,19.22,-19.22
43,31.664166666666667,11.335833333333333
41,41.23,-0.22999999999999687
34,37.81,-3.8100000000000023
26,25.9165,0.0835000000000008
44,37.698,6.302
43,41.091428571428565,1.9085714285714346
66,45.80622857142856,20.193771428571438
20,22.154,-2.154
36,39.0625,-3.0625
41,40.84,0.1599999999999966
0,15.388666666666667,-15.388666666666667
38,36.346666666666664,1.653333333333336
75,61.18566666666666,13.814333333333337
69,69.62720093795095,-0.6272009379509456
33,46.9635,-13.963500000000003
35,35.97933333333334,-0.9793333333333365
34,24.203333333333333,9.796666666666667
2,9.793333333333333,-7.793333333333333
51,33.7575,17.2425
49,28.48,20.52
5,2.419531746031747,2.580468253968253
9,32.80333333333333,-23.803333333333327
55,40.975,14.024999999999999
47,33.294988507364664,13.705011492635336
0,0.0,0.0
61,51.92964285714286,9.07035714285714
62,52.21,9.79
24,38.01083333333334,-14.010833333333338
27,30.78,-3.780000000000001
50,44.60666666666667,5.393333333333331
22,33.56,-11.560000000000002
85,32.98680718954249,52.01319281045751
0,34.4701212121212,-34.4701212121212
51,44.10166666666667,6.898333333333333
38,36.1,1.8999999999999986
0,3.64,-3.64
52,48.43,3.5700000000000003
0,9.908736804861801,-9.908736804861801
81,73.45,7.549999999999997
44,31.48777777777778,12.51222222222222
29,21.42,7.579999999999998
29,28.9325,0.067499999999999
28,33.70666666666666,-5.7066666666666634
37,39.33,-2.3299999999999983
27,16.46027777777778,10.53972222222222
68,57.05,10.950000000000003
33,37.74666666666666,-4.746666666666663
22,22.946666666666665,-0.9466666666666654
1,0.3661767464825841,0.633823253517416
25,37.96,-12.96
46,41.58,4.420000000000002
55,50.77214285714286,4.22785714285714
63,47.486999999999995,15.513000000000005
26,32.71416666666667,-6.714166666666671
11,24.31166666666667,-13.311666666666671
30,35.29,-5.289999999999999
0,8.956666666666667,-8.956666666666667
20,29.683333333333334,-9.683333333333334
42,41.8,0.20000000000000284
57,53.00233333333333,3.9976666666666674
48,30.818857142857144,17.181142857142856
36,37.29,-1.2899999999999991
7,35.14159340659341,-28.141593406593408
43,36.04,6.960000000000001
52,34.57857142857143,17.42142857142857
41,34.21593073593074,6.7840692640692595
28,31.353,-3.3530000000000015
0,18.875,-18.875
38,29.67,8.329999999999998
19,21.1975,-2.1975000000000016
0,14.79,-14.79
0,10.83,-10.83
60,37.0575,22.942500000000003
44,31.80142857142857,12.19857142857143
20,24.168571428571433,-4.168571428571433
22,38.570646464646465,-16.570646464646465
65,33.7,31.299999999999997
43,34.73166666666667,8.26833333333333
46,38.66,7.340000000000003
72,61.03,10.969999999999999
20,32.605,-12.604999999999997
24,44.891000000000005,-20.891000000000005
25,36.446666666666665,-11.446666666666665
72,69.345,2.655000000000001
25,22.63,2.370000000000001
45,40.01625,4.983750000000001
22,21.959,0.04100000000000037
7,4.11,2.8899999999999997
18,24.774,-6.774000000000001
49,39.425,9.575000000000003
31,34.54114285714286,-3.5411428571428587
69,69.0,0.0
66,44.98936904761906,21.010630952380943
38,36.0485,1.951500000000003
22,23.37,-1.370000000000001
20,22.314,-2.314
76,6.13,69.87
0,44.80833333333334,-44.80833333333334
51,45.47571428571428,5.524285714285718
25,45.51945238095239,-20.519452380952387
11,37.98583333333333,-26.985833333333332
45,50.46,-5.460000000000001
68,44.425346320346314,23.574653679653686
78,72.77,5.230000000000004
71,56.150166666666664,14.849833333333336
30,36.931666666666665,-6.931666666666665
43,43.0,0.0
0,1.75,-1.75
33,46.2825,-13.282499999999999
59,31.976666666666667,27.023333333333333
48,44.17,3.8299999999999983
10,18.93,-8.93
0,0.0,0.0
0,0.58,-0.58
0,0.3661767464825841,-0.3661767464825841
9,13.358368421052633,-4.358368421052633
11,38.92,-27.92
22,25.43666666666667,-3.436666666666671
1,1.48,-0.48
44,45.875,-1.875
53,49.93,3.0700000000000003
29,30.946242424242428,-1.9462424242424277
0,32.332857142857144,-32.332857142857144
37,37.83833333333334,-0.8383333333333383
67,41.8,25.200000000000003
41,40.65,0.3500000000000014
32,16.0925,15.907499999999999
54,32.34547619047619,21.65452380952381
72,63.69,8.310000000000002
0,31.0125,-31.0125
73,45.97666666666666,27.02333333333334
59,38.85333333333333,20.14666666666667
43,44.42733333333334,-1.427333333333337
0,0.43796910768969577,-0.43796910768969577
44,42.23390476190476,1.7660952380952395
26,31.87,-5.870000000000001
51,48.48,2.520000000000003
0,2.46,-2.46
5,28.1,-23.1
44,42.8025,1.197499999999998
47,45.507749999999994,1.4922500000000056
11,32.55,-21.549999999999997
63,53.24616666666666,9.75383333333334
17,44.575024585024586,-27.575024585024586
34,27.112011904761903,6.8879880952380965
38,36.425,1.5750000000000028
59,36.88,22.119999999999997
41,41.63,-0.6300000000000026
49,32.17,16.83
41,42.38,-1.3800000000000026
36,35.90662878787879,0.09337121212121247
7,33.385999999999996,-26.385999999999996
13,15.44,-2.4399999999999995
71,36.217179797979796,34.782820202020204
0,37.57833333333333,-37.57833333333333
24,25.55,-1.5500000000000007
19,40.01285714285714,-21.012857142857143
56,46.28,9.719999999999999
27,39.5703431372549,-12.570343137254902
65,55.05,9.950000000000003
0,30.50333333333333,-30.50333333333333
33,29.46,3.539999999999999
40,42.405,-2.405000000000001
53,26.38,26.62
51,31.96,19.04
21,34.86594155844156,-13.865941558441563
29,41.528333333333336,-12.528333333333336
31,32.6725,-1.6724999999999994
14,30.48958333333333,-16.48958333333333
41,32.51,8.490000000000002
27,35.43,-8.43
1,6.422729769933182,-5.422729769933182
0,0.0,0.0
61,41.46,19.54
14,17.5,-3.5
62,34.31506617038875,27.684933829611253
21,25.99,-4.989999999999998
55,30.075,24.925
26,33.09877777777778,-7.0987777777777765
54,41.195,12.805
51,41.175,9.825000000000003
65,36.55,28.450000000000003
0,0.0,0.0
0,0.22139725844653843,-0.22139725844653843
25,14.431666666666667,10.568333333333333
65,56.27,8.729999999999997
64,36.825,27.174999999999997
37,39.19,-2.1899999999999977
17,38.088,-21.088
69,58.4,10.600000000000001
0,24.35333333333333,-24.35333333333333
1,1.2392631442919038,-0.23926314429190376
78,39.52124242424242,38.47875757575758
0,43.880333333333326,-43.880333333333326
46,33.57492401215805,12.42507598784195
58,57.46,0.5399999999999991
0,13.19,-13.19
61,37.09670833333334,23.90329166666666
23,42.4875,-19.487499999999997
70,35.0775,34.9225
43,41.832019536019544,1.1679804639804559
74,0.0,74.0
0,2.651818181818182,-2.651818181818182
23,37.43083333333333,-14.430833333333332
16,26.588571428571427,-10.588571428571427
44,42.728,1.2719999999999985
85,32.98680718954249,52.01319281045751
28,40.166666666666664,-12.166666666666664
49,44.888000000000005,4.111999999999995
56,42.32,13.68
0,0.0,0.0
73,71.95,1.0499999999999972
33,33.53130434782609,-0.5313043478260866
13,5.921785714285715,7.078214285714285
27,34.61832323232323,-7.6183232323232275
48,38.973333333333336,9.026666666666664
36,30.9675,5.032499999999999
41,31.248333333333335,9.751666666666665
14,15.75,-1.75
0,3.9586870542598116,-3.9586870542598116
52,48.408142857142856,3.591857142857144
56,46.53809722222222,9.46190277777778
61,39.34291666666667,21.657083333333333
60,39.6,20.4
74,41.65701923076923,32.34298076923077
0,0.18,-0.18
29,40.01,-11.009999999999998
26,39.47916666666667,-13.479166666666671
24,33.641,-9.640999999999998
0,3.2,-3.2
58,41.17226984126984,16.827730158730162
0,36.035,-36.035
52,34.83015151515151,17.169848484848487
76,65.8,10.200000000000003
27,36.245,-9.244999999999997
59,43.79,15.21
21,30.1775,-9.177499999999998
49,36.98292857142858,12.01707142857142
45,34.43666666666667,10.563333333333333
0,37.40315476190476,-37.40315476190476
20,29.11666666666667,-9.11666666666667
0,7.74,-7.74
47,37.815,9.185000000000002
30,30.783214285714283,-0.7832142857142834
5,13.734000000000002,-8.734000000000002
52,34.7689393939394,17.231060606060602
23,31.3375,-8.337499999999999
40,32.569,7.430999999999997
0,0.22139725844653843,-0.22139725844653843
57,44.83222222222223,12.167777777777772
25,19.34,5.66
54,42.67740656565657,11.322593434343432
23,31.82,-8.82
39,36.81666666666667,2.18333333333333
15,19.021363636363635,-4.021363636363635
39,37.28,1.7199999999999989
31,34.104642857142856,-3.1046428571428564
21,41.95,-20.950000000000003
28,40.42266666666667,-12.422666666666672
20,31.0,-11.0
0,35.225,-35.225
26,52.33,-26.33
48,45.36,2.6400000000000006
21,21.07,-0.07000000000000028
0,6.25,-6.25
55,32.934176470588234,22.065823529411766
49,45.161,3.8389999999999986
60,30.207768907563025,29.792231092436975
31,43.63595238095238,-12.635952380952382
12,31.316999999999997,-19.316999999999997
38,28.483,9.517
54,39.47589393939395,14.524106060606051
39,37.345,1.6550000000000011
0,11.885984848484853,-11.885984848484853
18,46.61125,-28.61125
0,3.98,-3.98
64,58.025,5.975000000000001
17,44.91866666666667,-27.918666666666667
43,43.895,-0.8950000000000031
12,19.0925,-7.092500000000001
65,53.34333333333334,11.65666666666666
27,36.84,-9.840000000000003
60,54.636,5.363999999999997
34,30.6,3.3999999999999986
48,36.735083333333336,11.264916666666664
54,39.47589393939395,14.524106060606051
28,27.56,0.4400000000000013
23,34.577827380952385,-11.577827380952385
51,45.56263492063493,5.4373650793650725
0,1.07,-1.07
35,29.211833333333335,5.788166666666665
38,38.54,-0.5399999999999991
37,34.97933333333333,2.0206666666666706
17,28.435,-11.434999999999999
0,36.446111111111115,-36.446111111111115
20,21.066,-1.065999999999999
59,38.97375,20.026249999999997
28,34.34,-6.340000000000003
41,42.21683712121212,-1.216837121212123
35,36.09,-1.0900000000000034
66,46.07878223925198,19.92121776074802
42,31.012685185185184,10.987314814814816
51,40.49975757575758,10.500242424242423
10,24.13,-14.129999999999999
36,36.490833333333335,-0.49083333333333456
18,14.6,3.4000000000000004
10,17.776666666666667,-7.776666666666667
50,46.758500000000005,3.241499999999995
49,35.59666666666667,13.403333333333329
41,38.3475,2.6525000000000034
47,40.77,6.229999999999997
63,36.36,26.64
51,50.51860317460318,0.48139682539682127
55,43.8,11.200000000000003
1,9.213333333333333,-8.213333333333333
70,38.085,31.915
0,10.711805302275668,-10.711805302275668
47,39.855666666666664,7.144333333333336
0,32.4925,-32.4925
58,52.75,5.25
7,65.08666666666666,-58.08666666666666
44,19.13,24.87
36,43.523999999999994,-7.523999999999994
13,27.27,-14.27
56,43.977333333333334,12.022666666666666
57,41.77,15.229999999999997
0,0.0,0.0
0,9.343039742507237,-9.343039742507237
34,32.89,1.1099999999999994
0,13.07,-13.07
0,38.61333333333334,-38.61333333333334
0,3.15,-3.15
22,22.72,-0.7199999999999989
0,3.41,-3.41
47,48.15,-1.1499999999999986
19,44.18833333333333,-25.188333333333333
15,10.595333333333333,4.404666666666667
73,59.565,13.435000000000002
5,26.75,-21.75
40,35.021,4.978999999999999
49,21.095507246376812,27.904492753623188
63,56.06,6.939999999999998
51,50.77,0.22999999999999687
51,46.44,4.560000000000002
40,16.53,23.47
41,34.428888888888885,6.571111111111115
18,37.42933333333333,-19.429333333333332
15,34.55,-19.549999999999997
33,30.374000000000002,2.6259999999999977
62,42.624713985173315,19.375286014826685
1,19.77,-18.77
45,42.23,2.770000000000003
0,0.26,-0.26
22,28.215,-6.215
38,40.73333333333333,-2.733333333333327
32,38.202,-6.201999999999998
33,19.701,13.299
44,44.93845833333333,-0.9384583333333296
48,48.0,0.0
20,26.738333333333333,-6.738333333333333
32,28.042666666666666,3.9573333333333345
43,40.805,2.1950000000000003
23,47.84,-24.840000000000003
43,37.31,5.689999999999998
38,37.87,0.13000000000000256
61,59.27,1.7299999999999969
16,21.67833333333333,-5.678333333333331
16,24.11,-8.11
30,37.003,-7.003
0,46.13214285714286,-46.13214285714286
57,37.473571428571425,19.526428571428575
28,45.727142857142866,-17.727142857142866
47,28.78732142857143,18.21267857142857
30,36.83,-6.829999999999998
0,2.45,-2.45
42,48.65,-6.649999999999999
77,36.409166666666664,40.590833333333336
59,34.84609362859363,24.15390637140637
22,28.89,-6.890000000000001
79,79.0,0.0
34,31.625019201228874,2.3749807987711264
62,43.55,18.450000000000003
0,7.743333333333334,-7.743333333333334
36,30.63333333333333,5.366666666666671
18,43.595,-25.595
44,35.382999999999996,8.617000000000004
26,23.861666666666668,2.138333333333332
21,32.23666666666667,-11.236666666666672
47,30.418000000000003,16.581999999999997
34,31.415357142857143,2.584642857142857
50,43.48410714285714,6.515892857142859
84,68.35,15.650000000000006
37,34.21,2.789999999999999
20,34.99,-14.990000000000002
20,34.07333333333333,-14.07333333333333
61,33.06,27.939999999999998
41,42.405,-1.4050000000000011
0,2.3625,-2.3625
16,41.04266666666666,-25.042666666666662
1,0.4841746031746032,0.5158253968253967
25,29.941666666666666,-4.941666666666666
32,35.08,-3.0799999999999983
33,33.87,-0.8699999999999974
17,24.07333333333333,-7.073333333333331
19,23.1510625,-4.151062499999998
43,41.46,1.5399999999999991
43,42.465,0.5349999999999966
3,0.13261983278159745,2.8673801672184025
0,11.77,-11.77
26,27.92,-1.9200000000000017
0,0.3661767464825841,-0.3661767464825841
24,29.5095695970696,-5.5095695970696
66,54.286,11.713999999999999
1,5.285714285714286,-4.285714285714286
49,26.815,22.185
51,42.00333333333334,8.996666666666663
44,41.50666666666667,2.4933333333333323
62,33.34,28.659999999999997
67,50.14,16.86
28,33.23,-5.229999999999997
56,42.4725,13.527500000000003
15,28.48,-13.48
38,46.12075,-8.120750000000001
55,54.40137165612165,0.5986283438783531
1,2.47,-1.4700000000000002
34,29.99868452380952,4.001315476190481
44,43.91,0.09000000000000341
0,17.557607843137255,-17.557607843137255
40,41.07,-1.0700000000000003
60,42.541111111111114,17.458888888888886
25,37.4,-12.399999999999999
11,19.8875,-8.8875
46,40.12428571428572,5.875714285714281
22,17.97074074074074,4.029259259259259
0,0.22139725844653843,-0.22139725844653843
47,25.288333333333334,21.711666666666666
40,24.68,15.32
39,37.93,1.0700000000000003
45,36.669285714285714,8.330714285714286
35,31.25,3.75
30,31.224285714285717,-1.2242857142857169
16,23.87,-7.870000000000001
38,34.09,3.9099999999999966
0,11.2805,-11.2805
65,30.64,34.36
48,18.46,29.54
29,35.39875,-6.39875
46,46.0,0.0
48,39.71333333333334,8.286666666666662
46,39.38796969696969,6.612030303030309
0,9.026666666666667,-9.026666666666667
0,0.5503035831669275,-0.5503035831669275
48,39.955,8.045000000000002
15,41.64,-26.64
37,37.0025,-0.0024999999999977263
27,34.440222222222225,-7.440222222222225
2,1.460800482197541,0.5391995178024589
0,5.48,-5.48
43,41.12162878787879,1.878371212121209
20,38.825,-18.825000000000003
16,33.92,-17.92
0,41.0,-41.0
0,0.39,-0.39
37,38.93,-1.9299999999999997
0,15.555,-15.555
49,50.71,-1.7100000000000009
60,40.9202380952381,19.079761904761902
57,35.59,21.409999999999997
0,12.85793452874954,-12.85793452874954
39,40.14,-1.1400000000000006
64,42.7765,21.2235
26,19.773333333333333,6.226666666666667
44,33.38611111111111,10.613888888888887
35,36.13666666666666,-1.1366666666666632
34,39.485,-5.484999999999999
35,36.7075,-1.7075000000000031
22,21.465999999999998,0.5340000000000025
0,15.889805795511672,-15.889805795511672
55,43.57716666666667,11.42283333333333
8,10.97,-2.9700000000000006
33,37.326,-4.3260000000000005
29,34.8,-5.799999999999997
42,42.696999999999996,-0.6969999999999956
0,0.0,0.0
12,24.495,-12.495000000000001
11,31.820439560439564,-20.820439560439564
33,32.504615384615384,0.49538461538461576
40,37.818333333333335,2.181666666666665
73,59.565,13.435000000000002
16,25.99,-9.989999999999998
51,43.57,7.43
32,29.66,2.34
22,43.9778373015873,-21.9778373015873
35,28.43,6.57
54,47.935,6.064999999999998
28,17.388333333333332,10.611666666666668
23,28.76,-5.760000000000002
45,40.585,4.414999999999999
36,35.54,0.46000000000000085
61,53.57,7.43
62,27.468000000000004,34.532
0,1.1479938479658163,-1.1479938479658163
61,57.87,3.1300000000000026
64,19.4575,44.542500000000004
23,35.43958333333333,-12.439583333333331
2,0.34442781838820397,1.655572181611796
60,54.636,5.363999999999997
0,0.0,0.0
59,48.13,10.869999999999997
39,23.28,15.719999999999999
60,35.587666666666664,24.412333333333336
75,66.385,8.614999999999995
60,40.98074712643678,19.019252873563218
58,3.8,54.2
17,20.515,-3.5150000000000006
11,35.868785714285714,-24.868785714285714
33,28.54333333333333,4.4566666666666706
0,13.56,-13.56
57,47.37833333333333,9.62166666666667
60,44.204499999999996,15.795500000000004
0,18.37,-18.37
0,37.61,-37.61
30,32.91444444444444,-2.9144444444444417
51,42.376333333333335,8.623666666666665
67,16.064976190476195,50.935023809523805
39,42.5,-3.5
0,0.0,0.0
2,9.469196375519907,-7.469196375519907
14,14.57,-0.5700000000000003
0,41.48133333333333,-41.48133333333333
49,21.19,27.81
53,36.42,16.58
64,37.75916666666667,26.240833333333327
26,28.269000000000002,-2.269000000000002
53,38.57,14.43
55,27.946883116883118,27.053116883116882
68,55.63,12.369999999999997
0,9.3,-9.3
29,32.86833333333333,-3.8683333333333323
1,5.37,-4.37
42,34.29366666666667,7.706333333333333
0,0.0,0.0
77,67.72,9.280000000000001
24,28.418333333333337,-4.4183333333333366
47,47.78068181818182,-0.7806818181818187
42,39.17166666666667,2.828333333333333
41,45.93936888111888,-4.939368881118881
61,44.71,16.29
64,38.92666666666666,25.073333333333338
5,20.23,-15.23
30,19.877414529914528,10.122585470085472
24,29.598333333333336,-5.598333333333336
47,38.12419711042312,8.875802889576882
86,78.855,7.144999999999996
28,39.15,-11.149999999999999
44,43.815,0.18500000000000227
54,39.215,14.784999999999997
67,56.06666666666667,10.93333333333333
31,39.73766666666667,-8.73766666666667
33,15.86,17.14
29,22.31,6.690000000000001
65,45.27,19.729999999999997
33,25.49,7.510000000000002
0,1.21,-1.21
0,14.414000000000001,-14.414000000000001
6,34.14,-28.14
31,40.100964285714284,-9.100964285714284
74,39.135,34.865
23,27.702666666666666,-4.702666666666666
1,1.461861111111111,-0.46186111111111106
37,35.97857142857143,1.0214285714285722
21,22.762666666666668,-1.762666666666668
81,3.8942857142857146,77.10571428571428
44,26.64,17.36
35,35.43825236167341,-0.4382523616734133
7,20.895800333064955,-13.895800333064955
30,37.6602380952381,-7.6602380952381
5,17.4475,-12.447500000000002
48,39.536,8.463999999999999
11,35.77288961038961,-24.772889610389612
39,46.16333333333333,-7.163333333333327
61,58.73,2.270000000000003
39,38.21,0.7899999999999991
0,6.59,-6.59
63,40.32083333333333,22.679166666666667
17,29.71,-12.71
38,35.70125,2.2987499999999983
49,46.92,2.0799999999999983
52,38.66733333333334,13.332666666666661
55,51.2425,3.7575000000000003
53,42.11035714285714,10.88964285714286
22,22.89,-0.8900000000000006
1,3.7,-2.7
45,42.09,2.9099999999999966
53,43.795625,9.204374999999999
42,18.500999999999998,23.499000000000002
1,1.45,-0.44999999999999996
36,37.88733333333334,-1.8873333333333377
44,40.41285714285715,3.587142857142851
20,26.02,-6.02
21,31.145108695652176,-10.145108695652176
62,37.995,24.005000000000003
14,24.11466666666667,-10.114666666666668
22,35.905,-13.905000000000001
46,35.33730769230769,10.66269230769231
17,28.81,-11.809999999999999
22,27.73,-5.73
13,20.215,-7.215
26,27.15,-1.1499999999999986
0,5.27,-5.27
38,47.63966666666667,-9.63966666666667
36,38.23,-2.229999999999997
19,38.001,-19.000999999999998
21,43.789833333333334,-22.789833333333334
15,35.72,-20.72
48,34.48,13.520000000000003
21,36.093333333333334,-15.093333333333334
17,35.606875,-18.606875000000002
51,33.955,17.045
33,46.21,-13.21
40,24.2425,15.7575
34,41.227,-7.226999999999997
63,53.775,9.225000000000001
1,11.219459651459651,-10.219459651459651
57,49.45,7.549999999999997
0,0.03382892731669073,-0.03382892731669073
58,32.95047409579668,25.04952590420332
50,41.31375,8.686250000000001
46,46.44,-0.4399999999999977
26,28.435,-2.4349999999999987
52,40.34271717171717,11.657282828282831
24,22.86,1.1400000000000006
20,39.722,-19.722
28,21.835,6.164999999999999
21,40.07333333333334,-19.073333333333338
48,43.83,4.170000000000002
53,37.745,15.255000000000003
22,24.67,-2.6700000000000017
65,46.75441758241758,18.24558241758242
0,30.68133333333333,-30.68133333333333
41,43.42857142857143,-2.4285714285714306
17,17.96,-0.9600000000000009
33,23.213333333333335,9.786666666666665
28,39.36842063492063,-11.368420634920632
1,5.67,-4.67
41,39.71,1.2899999999999991
33,25.42,7.579999999999998
53,48.19,4.810000000000002
30,38.462909090909086,-8.462909090909086
0,0.0,0.0
62,55.39712121212121,6.602878787878787
56,38.169490641482305,17.830509358517695
39,36.512,2.4879999999999995
57,44.72,12.280000000000001
42,40.30499999999999,1.6950000000000074
41,40.72,0.28000000000000114
25,44.455,-19.455
0,15.303333333333333,-15.303333333333333
0,27.06745098039216,-27.06745098039216
15,43.99,-28.990000000000002
55,35.16214285714286,19.83785714285714
52,54.60196248196249,-2.601962481962488
51,38.125,12.875
63,47.297017543859646,15.702982456140354
60,53.93,6.07
30,34.99,-4.990000000000002
75,40.475224130708,34.524775869292
42,35.285,6.715000000000003
31,46.114,-15.113999999999997
41,42.685,-1.6850000000000023
0,2.431678571428572,-2.431678571428572
0,0.0,0.0
0,0.3661767464825841,-0.3661767464825841
54,27.475,26.525
15,27.37,-12.370000000000001
38,37.512,0.48799999999999955
1,7.522658421428932,-6.522658421428932
25,37.3,-12.299999999999997
52,36.42527777777778,15.57472222222222
37,41.0985,-4.098500000000001
56,38.255,17.744999999999997
15,21.17,-6.170000000000002
58,41.245,16.755000000000003
74,42.14066666666667,31.859333333333332
31,40.96,-9.96
53,36.190666666666665,16.809333333333335
66,58.91,7.090000000000003
46,35.19,10.810000000000002
37,36.25666666666667,0.7433333333333323
25,30.266380952380956,-5.266380952380956
30,33.992777777777775,-3.992777777777775
57,43.22902380952382,13.770976190476183
65,37.60064785214785,27.39935214785215
39,41.8,-2.799999999999997
26,41.538099567099565,-15.538099567099565
49,39.50666666666667,9.493333333333332
37,35.75,1.25
25,38.03123809523809,-13.031238095238088
24,35.23888888888889,-11.238888888888887
36,32.08032967032967,3.919670329670332
42,33.97,8.030000000000001
64,34.96,29.04
0,0.08607016350075342,-0.08607016350075342
55,32.71025757575758,22.28974242424242
27,28.826999999999998,-1.8269999999999982
17,22.78,-5.780000000000001
0,0.79,-0.79
20,15.36,4.640000000000001
53,47.89,5.109999999999999
54,41.38666666666666,12.613333333333337
51,45.46333333333334,5.536666666666662
48,32.9075,15.092500000000001
66,47.5,18.5
50,30.781512566137568,19.218487433862432
0,18.17125,-18.17125
30,40.801,-10.801000000000002
21,27.34,-6.34
57,54.60196248196249,2.398037518037512
52,47.81,4.189999999999998
32,38.533008658008654,-6.533008658008654
0,42.11666666666667,-42.11666666666667
38,37.64666666666667,0.3533333333333317
62,63.13750000000002,-1.137500000000017
0,14.145,-14.145
45,44.77619047619048,0.22380952380952124
42,26.17,15.829999999999998
45,40.65771794871795,4.342282051282048
0,9.41,-9.41
0,36.689590053737106,-36.689590053737106
0,14.27,-14.27
0,6.8660000000000005,-6.8660000000000005
39,45.76471428571429,-6.764714285714291
0,37.97047619047619,-37.97047619047619
47,35.568666666666665,11.431333333333335
48,45.09733333333334,2.9026666666666614
83,35.178380952380955,47.821619047619045
0,0.77,-0.77
0,0.0,0.0
33,36.51535714285714,-3.515357142857141
0,29.561047619047617,-29.561047619047617
1,6.019054580896686,-5.019054580896686
27,39.7675,-12.767499999999998
51,48.482,2.5180000000000007
56,43.86083333333334,12.13916666666666
6,21.485,-15.485
26,36.96166666666667,-10.961666666666673
0,0.13516509214819886,-0.13516509214819886
55,37.175,17.825000000000003
12,25.79,-13.79
19,21.92,-2.9200000000000017
55,42.01,12.990000000000002
68,62.03,5.969999999999999
68,55.8009375,12.199062499999997
0,30.725,-30.725
1,0.0,1.0
22,35.05916666666666,-13.059166666666663
51,35.1,15.899999999999999
0,1.212511904761905,-1.212511904761905
0,0.06317060649478182,-0.06317060649478182
63,30.945,32.055
29,37.427705128205126,-8.427705128205126
29,29.25,-0.25
59,49.03666666666666,9.963333333333338
0,0.0,0.0
9,13.62,-4.619999999999999
25,29.329,-4.329000000000001
45,44.06,0.9399999999999977
1,0.34897937683231794,0.651020623167682
56,34.123333333333335,21.876666666666665
8,32.92111111111112,-24.921111111111117
0,28.041666666666664,-28.041666666666664
28,30.96333333333333,-2.963333333333331
39,35.73791666666667,3.2620833333333294
26,20.494450689845237,5.505549310154763
39,38.77333333333333,0.22666666666666657
55,44.198,10.802
21,25.773333333333333,-4.773333333333333
53,40.26,12.740000000000002
63,55.03716666666665,7.96283333333335
26,40.72833333333333,-14.728333333333332
0,3.2,-3.2
69,61.567241379310346,7.432758620689654
52,46.84,5.159999999999997
45,43.11583333333333,1.8841666666666725
0,0.23285339368234098,-0.23285339368234098
18,25.63,-7.629999999999999
39,39.426,-0.42600000000000193
41,47.15666666666666,-6.156666666666659
6,33.61,-27.61
27,40.574,-13.573999999999998
30,26.455,3.5450000000000017
31,1.23,29.77
25,33.4895,-8.4895
62,44.4275,17.572499999999998
0,41.79916666666667,-41.79916666666667
0,2.16,-2.16
66,37.806,28.194000000000003
19,19.94,-0.9400000000000013
1,1.1123137125461975,-0.11231371254619749
32,31.285307692307697,0.7146923076923031
35,34.344047619047615,0.6559523809523853
33,34.095,-1.0949999999999989
12,14.347619047619048,-2.347619047619048
0,33.668827380952386,-33.668827380952386
0,35.1975,-35.1975
25,37.802058823529414,-12.802058823529414
59,20.277285714285714,38.72271428571429
33,43.77416666666666,-10.774166666666659
3,22.335,-19.335
22,25.71,-3.710000000000001
32,27.558925438596493,4.441074561403507
22,22.270427350427354,-0.27042735042735444
18,32.053333333333335,-14.053333333333335
0,0.0,0.0
68,37.77,30.229999999999997
0,1.53,-1.53
46,33.058,12.942
53,50.64,2.3599999999999994
35,37.281083333333335,-2.281083333333335
57,31.17,25.83
32,48.90833333333333,-16.90833333333333
44,45.13,-1.1300000000000026
23,42.62166666666666,-19.621666666666663
44,44.49,-0.490000000000002
15,29.828200000000002,-14.828200000000002
46,46.096666666666664,-0.09666666666666401
29,30.789940476190477,-1.789940476190477
19,30.03208333333333,-11.032083333333329
37,37.40316483516484,-0.40316483516483714
25,39.54,-14.54
79,64.28333333333333,14.716666666666669
55,54.375,0.625
13,19.22,-6.219999999999999
60,39.211999999999996,20.788000000000004
60,32.48,27.520000000000003
33,38.69,-5.689999999999998
61,50.525,10.475000000000001
47,46.64555555555555,0.35444444444444656
4,27.82,-23.82
24,23.67,0.3299999999999983
18,23.57,-5.57
43,31.096,11.904
12,22.55,-10.55
59,38.39095238095238,20.609047619047622
44,36.83777777777778,7.162222222222219
64,30.397589743589748,33.60241025641025
58,23.48,34.519999999999996
24,34.25266666666666,-10.252666666666663
33,36.07333333333334,-3.0733333333333377
65,35.68422727272728,29.315772727272723
40,36.43708974358974,3.5629102564102624
53,28.26,24.74
55,34.47,20.53
39,38.45,0.5499999999999972
29,28.289733918128654,0.710266081871346
20,21.0465,-1.0465000000000018
40,36.96,3.039999999999999
0,4.746666666666667,-4.746666666666667
21,15.63,5.369999999999999
1,1.9915079365079367,-0.9915079365079367
39,24.916666666666664,14.083333333333336
38,36.355,1.6450000000000031
13,33.954,-20.954
44,42.93808333333333,1.0619166666666686
1,16.97,-15.969999999999999
0,0.0,0.0
36,34.16535275835277,1.8346472416472324
31,17.125,13.875
36,37.925,-1.9249999999999972
48,44.37333333333334,3.626666666666658
67,28.520047619047624,38.479952380952376
29,28.906666666666666,0.09333333333333371
25,25.42,-0.4200000000000017
26,36.81815384615385,-10.818153846153848
27,26.585,0.41499999999999915
27,30.661142857142863,-3.6611428571428632
52,34.7645,17.235500000000002
1,1.2968275613275615,-0.2968275613275615
0,6.7951392169492,-6.7951392169492
47,47.70666666666666,-0.7066666666666634
73,59.46233333333333,13.537666666666667
42,25.03,16.97
56,33.74,22.259999999999998
0,0.0,0.0
1,1.05,-0.050000000000000044
12,20.25,-8.25
43,43.38,-0.38000000000000256
59,43.031000000000006,15.968999999999994
0,0.03536837838416847,-0.03536837838416847
56,41.57266666666666,14.427333333333337
38,32.902,5.097999999999999
24,41.78916666666667,-17.789166666666667
60,36.73913011695907,23.260869883040932
0,0.62,-0.62
12,23.18333333333333,-11.18333333333333
14,42.37214285714286,-28.37214285714286
43,37.780833333333334,5.219166666666666
48,44.47,3.530000000000001
58,41.6075,16.3925
41,44.452,-3.451999999999998
44,40.89194805194805,3.1080519480519513
21,45.25936363636363,-24.25936363636363
25,23.67,1.3299999999999983
0,2.7845992063492067,-2.7845992063492067
49,35.00083333333333,13.999166666666667
1,3.9636136363636365,-2.9636136363636365
16,26.18,-10.18
55,32.93096479500891,22.06903520499109
43,32.16,10.840000000000003
1,1.1532498291524909,-0.15324982915249086
39,46.76649999999999,-7.7664999999999935
30,32.84,-2.8400000000000034
22,26.76,-4.760000000000002
0,22.645,-22.645
30,40.855,-10.854999999999997
38,37.6,0.3999999999999986
0,8.01,-8.01
66,43.485,22.515
19,36.91333333333333,-17.913333333333327
30,32.802,-2.8019999999999996
40,24.684444444444445,15.315555555555555
21,35.9,-14.899999999999999
46,42.59,3.4099999999999966
39,36.080999999999996,2.919000000000004
0,0.0,0.0
11,31.3,-20.3
0,9.727830576490692,-9.727830576490692
34,42.151666666666664,-8.151666666666664
22,31.004,-9.004000000000001
34,49.745714285714286,-15.745714285714286
24,30.015,-6.015000000000001
49,42.82666666666666,6.173333333333339
53,32.98,20.020000000000003
27,32.73,-5.729999999999997
0,0.43,-0.43
35,43.53916666666666,-8.53916666666666
37,36.49333333333333,0.5066666666666677
0,0.0,0.0
55,37.428333333333335,17.571666666666665
19,38.1075,-19.1075
29,38.733999999999995,-9.733999999999995
45,38.805,6.195
5,6.058333333333334,-1.0583333333333336
50,45.07,4.93
46,37.3025,8.697499999999998
65,40.93166666666667,24.068333333333328
49,35.6135,13.386499999999998
62,55.04,6.960000000000001
36,35.6,0.3999999999999986
36,35.3345,0.6655000000000015
27,25.11,1.8900000000000006
49,41.378701754385965,7.621298245614035
39,31.705,7.295000000000002
18,18.703333333333333,-0.7033333333333331
34,43.346000000000004,-9.346000000000004
20,25.25,-5.25
0,3.38,-3.38
64,51.63095238095239,12.369047619047613
28,36.1048253968254,-8.104825396825397
21,37.7625,-16.762500000000003
48,49.32,-1.3200000000000003
27,35.1505,-8.150500000000001
0,19.91,-19.91
5,27.882647058823533,-22.882647058823533
0,5.75,-5.75
28,31.50033333333333,-3.50033333333333
76,45.21916666666666,30.78083333333334
41,30.006727272727275,10.993272727272725
58,46.93,11.07
0,22.64557142857143,-22.64557142857143
8,11.48,-3.4800000000000004
0,0.5,-0.5
10,39.3125,-29.3125
43,38.1475,4.852499999999999
0,33.074285714285715,-33.074285714285715
63,40.9,22.1
56,44.53,11.469999999999999
40,39.51972222222222,0.48027777777777914
62,46.95,15.049999999999997
62,34.74,27.259999999999998
4,1.5880833598768382,2.4119166401231618
68,35.25187878787879,32.74812121212121
6,44.9225,-38.9225
16,20.115,-4.114999999999998
11,22.55125,-11.55125
62,29.37125,32.62875
20,37.295,-17.295
33,26.19,6.809999999999999
38,39.354523809523805,-1.3545238095238048
0,15.53,-15.53
4,1.5880833598768382,2.4119166401231618
39,42.719487179487174,-3.7194871794871744
71,42.50116666666667,28.49883333333333
11,26.099285714285717,-15.099285714285717
6,36.274476190476186,-30.274476190476186
38,31.675,6.324999999999999
46,44.41416666666666,1.5858333333333405
53,30.91,22.09
59,51.512666666666675,7.487333333333325
18,30.2,-12.2
27,35.69245238095239,-8.692452380952389
55,47.0047619047619,7.995238095238101
34,27.158076923076923,6.841923076923077
68,44.30166666666667,23.69833333333333
28,38.039112903225806,-10.039112903225806
71,56.69,14.310000000000002
29,33.79,-4.789999999999999
20,43.19888888888889,-23.198888888888888
37,34.80166666666667,2.1983333333333306
74,58.63333333333334,15.36666666666666
62,4.99,57.01
0,33.641666666666666,-33.641666666666666
33,30.618619047619045,2.3813809523809546
43,43.92616666666667,-0.926166666666667
38,37.895,0.10499999999999687
18,27.70333333333333,-9.70333333333333
60,56.627142857142864,3.3728571428571357
10,32.93000000000001,-22.930000000000007
43,37.33,5.670000000000002
59,58.46,0.5399999999999991
65,47.61121212121212,17.38878787878788
10,26.348000000000003,-16.348000000000003
0,18.47,-18.47
0,0.8180670404530781,-0.8180670404530781
45,46.5,-1.5
28,35.73266666666667,-7.732666666666667
41,39.65,1.3500000000000014
17,31.29875,-14.298749999999998
0,5.76,-5.76
74,36.026666666666664,37.973333333333336
48,28.93,19.07
58,53.645,4.354999999999997
45,29.595333333333336,15.404666666666664
85,65.042,19.958
16,13.48,2.5199999999999996
11,21.76,-10.760000000000002
0,0.0,0.0
0,37.4525,-37.4525
25,39.4875,-14.487499999999997
29,38.48,-9.479999999999997
12,31.581428571428567,-19.581428571428567
11,31.59,-20.59
68,57.22,10.780000000000001
25,34.4305,-9.430500000000002
21,38.65,-17.65
22,23.3925,-1.3924999999999983
44,40.53,3.469999999999999
39,40.7,-1.7000000000000028
67,58.555,8.445
24,37.834888888888884,-13.834888888888884
43,38.814166666666665,4.185833333333335
39,36.71083333333333,2.2891666666666666
26,29.41244343891403,-3.4124434389140283
31,37.65,-6.649999999999999
26,36.98,-10.979999999999997
78,65.04,12.959999999999994
0,12.03,-12.03
0,34.72177540003855,-34.72177540003855
87,83.6,3.4000000000000057
0,14.81,-14.81
50,34.27166666666667,15.728333333333332
18,23.42,-5.420000000000002
37,45.28666666666667,-8.286666666666669
10,28.59,-18.59
72,58.85528571428571,13.144714285714286
50,41.925,8.075000000000003
41,45.86333333333334,-4.863333333333337
58,55.53,2.469999999999999
18,39.02,-21.020000000000003
62,41.83428571428571,20.165714285714287
52,49.61791666666667,2.382083333333327
18,32.15,-14.149999999999999
50,26.6575,23.3425
34,28.878095238095238,5.121904761904762
11,24.3725,-13.372499999999999
0,0.63,-0.63
41,32.55375,8.44625
59,38.0775,20.9225
35,37.31,-2.3100000000000023
50,42.3225,7.677500000000002
23,29.6775,-6.677499999999998
0,6.77,-6.77
1,42.71166666666666,-41.71166666666666
1,25.356666666666666,-24.356666666666666
0,0.8180670404530781,-0.8180670404530781
24,24.81666666666667,-0.81666666666667
68,55.72,12.280000000000001
1,0.7776386172206022,0.22236138277939776
68,57.25,10.75
49,46.16,2.8400000000000034
21,32.89666666666667,-11.896666666666668
43,45.14666666666666,-2.146666666666661
21,43.02333333333334,-22.02333333333334
46,36.83,9.170000000000002
63,62.54,0.46000000000000085
40,40.455999999999996,-0.45599999999999596
17,43.96222222222222,-26.962222222222223
82,62.4875,19.512500000000003
12,18.47,-6.469999999999999
20,19.426666666666666,0.5733333333333341
26,38.379954545454545,-12.379954545454545
0,42.24916666666666,-42.24916666666666
31,33.88101893939393,-2.8810189393939325
50,48.54466666666667,1.4553333333333285
23,31.2385,-8.238499999999998
44,40.73,3.270000000000003
7,14.61,-7.609999999999999
12,28.71,-16.71
45,26.11807142857143,18.88192857142857
43,34.985,8.015
28,39.760999999999996,-11.760999999999996
20,29.953333333333333,-9.953333333333333
0,30.355,-30.355
31,38.092,-7.091999999999999
17,29.7885,-12.788499999999999
48,31.76,16.24
49,52.69125,-3.6912499999999966
0,3.589940476190476,-3.589940476190476
54,23.000326923076923,30.999673076923077
29,31.41276397515528,-2.412763975155279
12,36.391666666666666,-24.391666666666666
9,27.755,-18.755
39,31.645,7.355
70,65.87,4.1299999999999955
21,43.67766666666667,-22.677666666666667
46,41.25333333333334,4.746666666666663
57,42.29841666666667,14.701583333333332
70,68.45,1.5499999999999972
0,6.14,-6.14
17,12.521666666666668,4.478333333333332
5,34.9500961038961,-29.9500961038961
21,38.77,-17.770000000000003
22,32.92,-10.920000000000002
15,26.19792207792208,-11.19792207792208
10,19.17,-9.170000000000002
39,40.062083333333334,-1.0620833333333337
2,1.7647186147186142,0.23528138528138576
1,18.26151082251082,-17.26151082251082
57,51.07742857142857,5.92257142857143
0,5.119333333333333,-5.119333333333333
26,31.083333333333336,-5.083333333333336
45,42.2,2.799999999999997
0,0.0,0.0
45,63.445,-18.445
37,43.17711111111112,-6.177111111111117
19,34.81,-15.810000000000002
3,16.03047619047619,-13.03047619047619
0,2.4171428571428573,-2.4171428571428573
0,1.0,-1.0
57,49.13333333333333,7.866666666666667
17,37.27333333333333,-20.273333333333333
39,36.98,2.020000000000003
46,43.04,2.960000000000001
24,28.66,-4.66
17,22.195,-5.195
0,15.502540967804128,-15.502540967804128
0,1.05,-1.05
34,36.087,-2.0870000000000033
48,44.63,3.3699999999999974
43,37.36,5.640000000000001
10,21.488333333333333,-11.488333333333333
30,30.755079365079364,-0.7550793650793644
46,36.367,9.633000000000003
0,7.749166666666667,-7.749166666666667
19,26.09333333333333,-7.09333333333333
81,41.58166666666667,39.41833333333333
21,31.4,-10.399999999999999
72,66.07,5.930000000000007
33,46.580666666666666,-13.580666666666666
6,17.820204085946738,-11.820204085946738
51,52.3,-1.2999999999999972
15,31.755,-16.755
51,49.97,1.0300000000000011
76,35.51,40.49
0,0.34897937683231794,-0.34897937683231794
22,33.06,-11.060000000000002
0,23.085884989109996,-23.085884989109996
20,35.795119047619046,-15.795119047619046
59,41.591523809523814,17.408476190476186
54,26.67,27.33
0,6.13,-6.13
45,45.35333333333333,-0.3533333333333317
0,0.0,0.0
60,35.4453658008658,24.5546341991342
0,7.17525,-7.17525
26,37.1125,-11.112499999999997
0,1.31,-1.31
56,41.25,14.75
34,33.572857142857146,0.4271428571428544
38,33.93666666666667,4.063333333333333
53,38.343333333333334,14.656666666666666
52,50.38,1.6199999999999974
45,30.855,14.145
24,31.82125,-7.821249999999999
27,33.74,-6.740000000000002
8,13.73,-5.73
43,37.82,5.18
34,25.743148148148148,8.256851851851852
43,34.61516666666667,8.384833333333333
0,30.47,-30.47
22,39.24416666666667,-17.244166666666672
22,40.63666666666667,-18.63666666666667
43,41.93,1.0700000000000003
21,28.270588235294117,-7.270588235294117
45,43.2825,1.7175000000000011
42,25.756666666666664,16.243333333333336
21,35.656309523809526,-14.656309523809526
29,30.735,-1.7349999999999994
34,38.05,-4.049999999999997
0,3.98,-3.98
70,41.3912037037037,28.608796296296298
40,32.66909090909091,7.330909090909088
35,38.37,-3.3699999999999974
10,13.71,-3.710000000000001
20,26.375,-6.375
69,38.016,30.984
49,40.57866666666667,8.42133333333333
45,44.18,0.8200000000000003
54,31.0875,22.9125
43,39.384,3.6159999999999997
66,32.91119444444445,33.08880555555555
26,38.833333333333336,-12.833333333333336
44,29.50473015873016,14.495269841269842
50,33.99,16.009999999999998
6,30.28,-24.28
46,39.87775446775447,6.122245532245529
33,34.66461538461539,-1.664615384615388
28,31.98,-3.9800000000000004
38,30.105999999999998,7.894000000000002
64,45.78300366300366,18.21699633699634
0,2.34,-2.34
39,40.18333333333334,-1.1833333333333371
48,42.32,5.68
26,30.225,-4.225000000000001
10,14.035714285714285,-4.035714285714285
34,39.0575,-5.057499999999997
35,40.63666666666666,-5.636666666666663
44,29.72433333333333,14.27566666666667
53,39.558,13.442
20,20.88,-0.879999999999999
33,36.00833333333333,-3.008333333333333
10,29.235,-19.235
18,23.49,-5.489999999999998
0,0.33255337791370776,-0.33255337791370776
58,38.14,19.86
44,31.73333333333333,12.26666666666667
32,37.25333333333333,-5.25333333333333
24,28.215,-4.215
44,27.486595238095237,16.513404761904763
62,37.995,24.005000000000003
0,0.0,0.0
35,51.47533333333333,-16.47533333333333
37,34.766535714285716,2.233464285714284
5,26.918222222222216,-21.918222222222216
26,29.344761904761903,-3.344761904761903
0,14.255999999999998,-14.255999999999998
23,25.71666666666667,-2.7166666666666686
3,19.9,-16.9
54,32.745,21.255000000000003
29,41.4,-12.399999999999999
62,52.14,9.86
23,23.62,-0.620000000000001
41,42.01,-1.009999999999998
18,28.908,-10.908000000000001
0,4.63,-4.63
20,23.686,-3.686
44,45.22666666666666,-1.2266666666666595
28,29.68,-1.6799999999999997
37,36.31583333333333,0.6841666666666697
60,34.760714285714286,25.239285714285714
26,39.587,-13.587000000000003
50,42.84,7.159999999999997
69,45.4925,23.5075
43,39.635,3.365000000000002
1,11.219459651459651,-10.219459651459651
36,35.16,0.8400000000000034
46,32.812926184926184,13.187073815073816
12,15.59,-3.59
54,39.416666666666664,14.583333333333336
70,55.31857142857143,14.681428571428569
0,4.24,-4.24
54,37.031666666666666,16.968333333333334
62,22.425,39.575
41,36.67,4.329999999999998
39,36.65,2.3500000000000014
79,63.75075,15.249250000000004
0,9.71,-9.71
57,19.416666666666668,37.58333333333333
29,32.54718181818182,-3.5471818181818193
0,0.0,0.0
43,40.413333333333334,2.586666666666666
0,0.21112216741122164,-0.21112216741122164
19,28.64,-9.64
47,47.38,-0.38000000000000256
20,32.7675,-12.767499999999998
21,26.8575,-5.857500000000002
61,36.87433333333333,24.125666666666667
31,36.64966666666667,-5.649666666666668
19,37.455,-18.455
2,2.4231056998557,-0.4231056998557001
0,29.810833333333335,-29.810833333333335
59,22.02,36.980000000000004
22,37.43416666666666,-15.434166666666663
8,41.38246437075469,-33.38246437075469
49,42.229666666666674,6.770333333333326
18,23.98,-5.98
1,13.62658286349771,-12.62658286349771
48,46.63,1.3699999999999974
30,33.50828571428572,-3.5082857142857193
28,36.82083333333333,-8.820833333333333
22,30.880454545454544,-8.880454545454544
50,31.7745,18.2255
18,25.19,-7.190000000000001
35,42.52,-7.520000000000003
32,32.774025974025975,-0.7740259740259745
40,36.66156565656566,3.3384343434343435
41,41.01,-0.00999999999999801
44,40.035555555555554,3.964444444444446
57,33.8725,23.127499999999998
66,55.04642857142857,10.95357142857143
0,0.0,0.0
23,36.38166666666667,-13.381666666666668
35,24.17,10.829999999999998
56,42.71045454545454,13.289545454545461
21,22.53,-1.5300000000000011
0,2.7433333333333336,-2.7433333333333336
47,22.331999999999997,24.668000000000003
49,48.73,0.2700000000000031
39,36.61159090909091,2.388409090909093
39,33.975,5.024999999999999
20,41.63,-21.630000000000003
42,50.33,-8.329999999999998
0,1.4096269841269842,-1.4096269841269842
74,66.28571428571428,7.714285714285722
40,36.93,3.0700000000000003
46,49.02166666666666,-3.021666666666661
41,39.11,1.8900000000000006
42,33.46,8.54
18,28.655,-10.655000000000001
0,25.928002442002445,-25.928002442002445
54,45.586111111111116,8.413888888888884
43,36.034666666666666,6.965333333333334
46,49.111333333333334,-3.1113333333333344
19,25.41,-6.41
63,42.85833333333334,20.14166666666666
8,9.97,-1.9700000000000006
64,46.68191666666667,17.318083333333327
29,28.393302574618364,0.6066974253816362
0,8.35,-8.35
45,43.92,1.0799999999999983
70,47.10203663003663,22.89796336996337
59,36.48,22.520000000000003
48,46.8045,1.1955000000000027
0,48.07416666666666,-48.07416666666666
0,0.0,0.0
6,5.686095238095238,0.31390476190476235
0,31.211454991087344,-31.211454991087344
14,17.2,-3.1999999999999993
32,26.42,5.579999999999998
39,34.78,4.219999999999999
26,35.16,-9.159999999999997
18,27.403333333333336,-9.403333333333336
44,33.76642857142857,10.23357142857143
65,57.19,7.810000000000002
0,5.98,-5.98
55,54.96,0.03999999999999915
0,10.160909090909092,-10.160909090909092
42,31.981285714285715,10.018714285714285
0,4.61,-4.61
39,41.215166666666676,-2.2151666666666756
20,27.64181818181818,-7.641818181818181
0,1.1285357142857142,-1.1285357142857142
64,53.46105263157895,10.538947368421049
48,43.28666666666666,4.713333333333338
48,42.97944444444445,5.020555555555553
18,43.735,-25.735
66,38.71,27.29
39,33.87166666666666,5.128333333333337
0,0.8117584653908183,-0.8117584653908183
57,35.37,21.630000000000003
57,39.87866666666666,17.12133333333334
21,30.164615384615384,-9.164615384615384
94,87.92,6.079999999999998
18,25.51,-7.510000000000002
36,37.99,-1.990000000000002
0,1.22,-1.22
57,43.35,13.649999999999999
26,40.26988095238095,-14.269880952380952
0,0.1747644789616588,-0.1747644789616588
0,18.12375,-18.12375
48,35.58666666666667,12.413333333333327
39,41.43166666666667,-2.431666666666672
1,3.64,-2.64
21,34.176,-13.176000000000002
19,50.178999999999995,-31.178999999999995
40,39.507000000000005,0.492999999999995
61,36.14059523809524,24.859404761904763
44,43.01166666666666,0.9883333333333368
10,27.62666666666667,-17.62666666666667
43,39.93833333333333,3.0616666666666674
59,54.87666666666666,4.123333333333342
65,61.84599999999998,3.1540000000000177
9,18.0675,-9.067499999999999
46,37.62,8.380000000000003
41,41.32,-0.3200000000000003
13,17.651333333333334,-4.6513333333333335
47,31.824333333333335,15.175666666666665
0,41.48333333333333,-41.48333333333333
19,27.331666666666663,-8.331666666666663
32,39.275,-7.274999999999999
0,0.0,0.0
0,0.0,0.0
46,38.65,7.350000000000001
5,20.865,-15.864999999999998
27,33.61333333333334,-6.613333333333337
39,36.061816425120774,2.9381835748792255
20,34.25208333333333,-14.252083333333331
5,9.37,-4.369999999999999
26,35.45666666666666,-9.456666666666663
23,39.1,-16.1
14,31.15,-17.15
64,40.39476190476191,23.605238095238093
27,35.03909090909091,-8.039090909090909
0,0.0,0.0
51,41.5491111111111,9.450888888888898
69,57.38333333333333,11.616666666666667
3,25.20280952380952,-22.20280952380952
0,33.64,-33.64
59,50.51,8.490000000000002
36,41.51666666666666,-5.516666666666659
39,36.865,2.134999999999998
64,57.42,6.579999999999998
36,28.91,7.09
0,0.0,0.0
43,37.5425,5.457500000000003
29,23.23,5.77
55,48.37,6.630000000000003
31,28.29371212121212,2.7062878787878795
26,30.87333333333333,-4.873333333333331
72,34.7402380952381,37.2597619047619
0,14.58,-14.58
11,21.377142857142857,-10.377142857142857
54,50.11,3.8900000000000006
21,37.455714285714286,-16.455714285714286
54,29.682428571428566,24.317571428571434
55,44.211000000000006,10.788999999999994
32,38.71183333333333,-6.711833333333331
6,19.97,-13.969999999999999
52,45.551,6.448999999999998
49,31.093333333333334,17.906666666666666
49,36.405,12.594999999999999
0,0.08607016350075342,-0.08607016350075342
23,38.67,-15.670000000000002
0,29.40666666666667,-29.40666666666667
52,36.28516666666667,15.714833333333331
67,49.255,17.744999999999997
70,34.124,35.876
32,44.28495238095239,-12.28495238095239
2,0.4489474414474413,1.5510525585525587
59,52.40233333333334,6.597666666666662
0,16.75,-16.75
42,41.78166666666666,0.21833333333334082
45,43.36916666666666,1.6308333333333422
4,17.820204085946738,-13.820204085946738
53,44.13,8.869999999999997
57,43.7275,13.2725
18,26.92,-8.920000000000002
37,41.87333333333334,-4.873333333333342
2,5.181106229503537,-3.181106229503537
19,27.87,-8.870000000000001
58,45.276875,12.723125000000003
36,23.09,12.91
0,30.459333333333333,-30.459333333333333
0,33.49875630252101,-33.49875630252101
59,46.45666666666667,12.54333333333333
31,44.32,-13.32
75,43.470555555555556,31.529444444444444
70,32.50891227492315,37.49108772507685
0,0.0,0.0
0,0.0,0.0
0,2.09,-2.09
0,0.1,-0.1
51,32.51,18.490000000000002
24,31.345,-7.344999999999999
50,43.96133333333333,6.038666666666671
50,51.06,-1.0600000000000023
1,1.0,0.0
16,20.817833333333333,-4.817833333333333
32,37.70333333333333,-5.703333333333333
12,22.71,-10.71
60,31.395,28.605
45,44.38,0.6199999999999974
49,25.91,23.09
48,42.74,5.259999999999998
70,32.82380952380952,37.17619047619048
55,28.88714285714286,26.11285714285714
22,25.95767857142857,-3.95767857142857
35,38.87,-3.8699999999999974
66,0.5331034871131621,65.46689651288683
49,47.26372727272727,1.736272727272727
41,29.66,11.34
43,42.80333333333334,0.19666666666665833
4,24.673333333333332,-20.673333333333332
47,47.372666666666674,-0.3726666666666745
30,30.733142857142855,-0.7331428571428553
34,34.95,-0.9500000000000028
0,13.28,-13.28
74,59.351499999999994,14.648500000000006
20,26.06666666666667,-6.06666666666667
46,36.5,9.5
18,36.413000000000004,-18.413000000000004
19,34.52333333333333,-15.523333333333333
0,0.3661767464825841,-0.3661767464825841
18,30.403285714285715,-12.403285714285715
1,38.11,-37.11
41,49.7045467032967,-8.7045467032967
0,33.0,-33.0
0,10.904000000000002,-10.904000000000002
49,46.6025,2.397500000000001
54,39.889,14.110999999999997
26,29.3325,-3.3324999999999996
52,35.98657142857143,16.01342857142857
0,1.42377380952381,-1.42377380952381
66,61.34265954225512,4.65734045774488
5,44.01730014430014,-39.01730014430014
51,44.95472727272727,6.045272727272732
63,61.85,1.1499999999999986
63,34.77033333333333,28.229666666666667
49,36.414256410256414,12.585743589743586
51,50.47,0.5300000000000011
55,40.61995614035088,14.38004385964912
0,15.097882352941179,-15.097882352941179
67,32.405,34.595
62,26.9675,35.0325
0,31.657666666666664,-31.657666666666664
27,46.45,-19.450000000000003
41,40.61,0.39000000000000057
46,32.2075,13.792499999999997
27,38.95466666666666,-11.954666666666661
31,40.03666666666666,-9.036666666666662
16,37.0025,-21.002499999999998
38,37.58,0.4200000000000017
25,29.0625,-4.0625
2,5.181106229503537,-3.181106229503537
23,51.55,-28.549999999999997
63,45.3325,17.667499999999997
61,30.597619047619045,30.402380952380955
28,32.405,-4.405000000000001
34,39.73583333333333,-5.735833333333332
45,39.664,5.3359999999999985
36,33.469166666666666,2.5308333333333337
1,0.5926981906981905,0.4073018093018095
49,41.12166666666666,7.878333333333337
0,0.1765175173553656,-0.1765175173553656
74,38.185,35.815
34,41.03,-7.030000000000001
96,30.782878785430263,65.21712121456974
23,30.386,-7.385999999999999
22,24.0,-2.0
21,29.63,-8.629999999999999
39,40.21666666666667,-1.2166666666666686
57,44.36886363636364,12.631136363636358
0,2.93,-2.93
48,39.34343452380952,8.65656547619048
16,33.16416666666667,-17.164166666666667
32,20.486666666666665,11.513333333333335
0,47.49476190476191,-47.49476190476191
35,33.5,1.5
0,26.445,-26.445
0,2.3054545454545456,-2.3054545454545456
39,38.25,0.75
64,53.02,10.979999999999997
35,32.02642857142857,2.9735714285714323
0,6.13,-6.13
22,35.62952380952381,-13.62952380952381
53,35.923,17.076999999999998
60,57.56,2.4399999999999977
97,94.49,2.510000000000005
49,47.78,1.2199999999999989
27,39.61080769230769,-12.610807692307688
70,0.5204510489510487,69.47954895104895
48,45.745,2.2550000000000026
24,35.363,-11.363
27,26.51666666666667,0.48333333333333073
0,5.46,-5.46
0,12.03,-12.03
51,46.675,4.325000000000003
43,41.43333333333334,1.5666666666666629
0,0.0,0.0
38,36.71,1.2899999999999991
0,13.42,-13.42
2,0.29,1.71
40,34.253125,5.746875000000003
58,52.75,5.25
0,1.5309408369408368,-1.5309408369408368
29,35.0575,-6.057499999999997
62,38.33,23.67
25,24.49,0.5100000000000016
28,37.968333333333334,-9.968333333333334
69,37.304163780663785,31.695836219336215
19,47.27964285714286,-28.27964285714286
65,38.085181818181816,26.914818181818184
0,17.67,-17.67
40,38.605,1.3950000000000031
66,39.99333333333333,26.006666666666668
23,35.069,-12.069000000000003
37,36.655833333333334,0.3441666666666663
39,37.01333333333333,1.9866666666666717
29,46.16130434782609,-17.16130434782609
0,1.81,-1.81
13,37.905,-24.905
31,42.32892857142857,-11.32892857142857
40,35.53,4.469999999999999
44,40.272969696969696,3.727030303030304
1,0.956803929546159,0.043196070453840996
67,36.13133400809716,30.868665991902837
18,25.47,-7.469999999999999
24,29.0275,-5.0275
55,36.27321428571428,18.726785714285718
57,43.095,13.905000000000001
44,44.73166666666666,-0.731666666666662
39,40.25928571428572,-1.259285714285717
55,49.26666666666666,5.733333333333341
47,48.912,-1.911999999999999
32,31.51,0.48999999999999844
23,33.82848484848485,-10.828484848484848
0,6.43,-6.43
43,33.71433333333333,9.285666666666671
0,11.64,-11.64
70,53.83,16.17
68,36.00333333333334,31.996666666666663
23,27.16,-4.16
61,37.8625,23.137500000000003
0,15.28115909090909,-15.28115909090909
59,49.54708333333333,9.452916666666667
32,30.383333333333336,1.6166666666666636
26,32.31,-6.310000000000002
0,29.575,-29.575
44,45.83338888888889,-1.8333888888888907
48,44.37333333333334,3.626666666666658
35,46.51559523809524,-11.515595238095237
26,41.26,-15.259999999999998
63,44.15666666666666,18.84333333333334
46,43.333999999999996,2.666000000000004
62,35.67488888888889,26.325111111111113
37,38.095,-1.0949999999999989
60,52.53,7.469999999999999
41,38.74269841269842,2.2573015873015834
27,29.436333333333337,-2.4363333333333372
65,53.79,11.21
52,36.06273809523809,15.937261904761911
0,0.2779366605616604,-0.2779366605616604
60,34.63166666666667,25.368333333333332
21,28.31109848484848,-7.311098484848479
0,38.24928571428572,-38.24928571428572
65,38.23666666666667,26.76333333333333
46,28.4,17.6
67,61.52,5.479999999999997
16,25.73,-9.73
6,10.91,-4.91
39,46.8675,-7.8675
25,18.975,6.024999999999999
51,35.492,15.508000000000003
63,38.79871212121212,24.20128787878788
48,37.2435,10.756500000000003
73,70.29,2.7099999999999937
45,17.665,27.335
44,37.89,6.109999999999999
60,51.00333333333333,8.99666666666667
46,34.477333333333334,11.522666666666666
36,34.846428571428575,1.153571428571425
54,33.85,20.15
24,30.811623376623373,-6.811623376623373
0,0.58,-0.58
0,25.715,-25.715
26,40.946505376344085,-14.946505376344085
39,40.6425,-1.6424999999999983
38,38.5825,-0.5825000000000031
19,45.73,-26.729999999999997
61,41.825,19.174999999999997
0,0.95,-0.95
0,5.11,-5.11
59,35.365,23.634999999999998
0,8.336914862914863,-8.336914862914863
2,35.50096031746032,-33.50096031746032
32,36.546875,-4.546875
27,39.805,-12.805
28,29.74,-1.7399999999999984
43,38.902,4.097999999999999
6,26.496,-20.496
36,51.577999999999996,-15.577999999999996
25,25.45,-0.4499999999999993
21,29.602666666666664,-8.602666666666664
0,1.9425515873015868,-1.9425515873015868
53,38.39742424242424,14.602575757575757
16,21.86,-5.859999999999999
16,36.165,-20.165
0,11.041916666666665,-11.041916666666665
50,48.40666666666666,1.5933333333333408
38,30.19,7.809999999999999
79,1.8127064266940396,77.18729357330596
51,38.551428571428566,12.448571428571434
53,43.08,9.920000000000002
55,43.01390232337601,11.986097676623992
45,49.73166666666667,-4.731666666666669
42,47.165,-5.164999999999999
44,43.43,0.5700000000000003
23,32.387523809523806,-9.387523809523806
21,31.03,-10.030000000000001
46,37.30201731601732,8.69798268398268
19,39.5205,-20.5205
15,27.18,-12.18
1,2.36,-1.3599999999999999
22,38.323928571428574,-16.323928571428574
22,19.5,2.5
58,38.8125,19.1875
10,36.54066666666667,-26.540666666666667
57,53.026666666666664,3.9733333333333363
58,38.6,19.4
22,40.482,-18.482
66,58.12172727272728,7.878272727272723
60,46.84,13.159999999999997
20,32.605,-12.604999999999997
0,0.0,0.0
2,5.181106229503537,-3.181106229503537
76,32.126666666666665,43.873333333333335
22,25.57,-3.5700000000000003
66,30.120000000000005,35.879999999999995
55,38.59565367965368,16.40434632034632
0,5.146666666666667,-5.146666666666667
60,50.53,9.469999999999999
6,20.734499999999997,-14.734499999999997
1,13.62658286349771,-12.62658286349771
27,32.44571428571428,-5.445714285714281
44,38.52,5.479999999999997
20,48.602380952380955,-28.602380952380955
80,77.23,2.769999999999996
45,40.19,4.810000000000002
29,36.28504761904762,-7.285047619047617
1,0.20534523809523805,0.7946547619047619
0,14.47,-14.47
22,26.76,-4.760000000000002
16,21.57596736596737,-5.575967365967369
41,38.90707936507936,2.092920634920638
32,38.1,-6.100000000000001
42,34.8675,7.1325
25,34.10333333333333,-9.103333333333332
0,0.0,0.0
19,27.23,-8.23
70,43.77,26.229999999999997
48,43.4325,4.567500000000003
76,40.98833333333334,35.01166666666666
36,37.665,-1.6649999999999991
60,48.52,11.479999999999997
32,25.64,6.359999999999999
54,41.28333333333333,12.716666666666669
8,8.31870634920635,-0.31870634920634977
0,0.08150668775668775,-0.08150668775668775
1,0.33255337791370776,0.6674466220862922
45,25.005,19.995
52,43.973333333333336,8.026666666666664
64,59.47,4.530000000000001
48,36.74,11.259999999999998
41,43.425109523809525,-2.4251095238095246
43,41.71514285714286,1.2848571428571418
49,43.335277777777776,5.664722222222224
54,33.775,20.225
37,36.64065476190476,0.3593452380952371
0,3.372809523809524,-3.372809523809524
72,61.23042307692308,10.769576923076919
49,47.97,1.0300000000000011
42,30.396593939393938,11.603406060606062
31,24.19,6.809999999999999
43,36.75,6.25
45,29.331666666666663,15.668333333333337
55,30.075,24.925
56,42.64146464646465,13.358535353535352
38,36.76,1.240000000000002
61,40.8382286229714,20.1617713770286
71,58.18,12.82
20,36.57327380952381,-16.573273809523812
57,40.33,16.67
45,19.763333333333335,25.236666666666665
21,25.26,-4.260000000000002
16,40.61028571428571,-24.61028571428571
2,0.9779170029317086,1.0220829970682914
58,53.04,4.960000000000001
38,43.84,-5.840000000000003
0,12.01,-12.01
22,38.146,-16.146
31,35.374722222222225,-4.374722222222225
59,59.0,0.0
55,36.0312012987013,18.968798701298702
21,35.459999999999994,-14.459999999999994
52,43.70857142857143,8.291428571428568
25,28.64074074074074,-3.640740740740739
69,68.24733333333336,0.7526666666666415
2,23.459500000000002,-21.459500000000002
0,0.0,0.0
42,33.90651515151515,8.093484848484849
73,70.01,2.989999999999995
24,43.34783333333334,-19.34783333333334
40,21.81857142857143,18.18142857142857
16,26.22,-10.219999999999999
31,42.16061946386946,-11.160619463869459
5,15.3,-10.3
0,3.2239999999999998,-3.2239999999999998
58,41.67,16.33
0,0.0,0.0
38,42.89,-4.890000000000001
0,0.44,-0.44
38,41.52166666666667,-3.5216666666666683
55,32.877916666666664,22.122083333333336
35,32.80166666666667,2.1983333333333306
22,27.93,-5.93
25,33.07,-8.07
88,81.43,6.569999999999993
21,34.14,-13.14
59,38.73224358974359,20.26775641025641
53,43.68,9.32
35,37.498000000000005,-2.4980000000000047
21,24.1275,-3.1275000000000013
37,34.28916666666667,2.7108333333333334
47,45.15,1.8500000000000014
67,54.336999999999996,12.663000000000004
59,39.40375,19.596249999999998
65,32.41,32.59
41,34.049166666666665,6.950833333333335
22,16.86,5.140000000000001
0,0.0,0.0
40,40.925,-0.9249999999999972
48,31.64,16.36
43,39.66,3.3400000000000034
57,40.34583333333333,16.65416666666667
36,31.21,4.789999999999999
61,43.3575,17.6425
27,41.73,-14.729999999999997
0,36.042,-36.042
53,38.88157894736842,14.118421052631582
49,42.84,6.159999999999997
42,40.23,1.7700000000000031
18,34.51,-16.509999999999998
49,41.98,7.020000000000003
40,38.029,1.9709999999999965
49,39.11,9.89
43,40.75,2.25
0,0.0,0.0
26,37.675,-11.674999999999997
45,40.91416666666667,4.085833333333333
0,30.31,-30.31
31,36.35,-5.350000000000001
48,43.6,4.399999999999999
41,33.57666666666667,7.423333333333332
47,44.54,2.460000000000001
26,31.35,-5.350000000000001
49,41.135,7.865000000000002
0,0.0,0.0
39,39.3,-0.29999999999999716
0,39.39977808302808,-39.39977808302808
82,44.84921352948952,37.15078647051048
45,44.26,0.740000000000002
49,41.61192729216788,7.388072707832123
65,63.94,1.0600000000000023
2,0.7294642251453394,1.2705357748546606
57,52.77857142857143,4.221428571428568
77,63.87142857142857,13.128571428571433
55,29.44,25.56
59,57.27,1.7299999999999969
64,54.39375,9.606250000000003
79,70.72,8.280000000000001
39,54.697034188034195,-15.697034188034195
0,1.73,-1.73
46,33.393,12.607
45,46.17,-1.1700000000000017
16,23.6,-7.600000000000001
36,32.52094327894328,3.479056721056722
60,57.07,2.9299999999999997
37,35.59904761904762,1.4009523809523827
16,20.89,-4.890000000000001
60,52.08708333333334,7.912916666666661
61,43.4175,17.582500000000003
31,38.36,-7.359999999999999
23,26.38,-3.379999999999999
28,27.1,0.8999999999999986
68,60.99666666666666,7.003333333333337
0,1.5866666666666667,-1.5866666666666667
37,36.37428571428572,0.625714285714281
9,13.863333333333335,-4.863333333333335
37,33.44416666666667,3.5558333333333323
33,34.66,-1.6599999999999966
0,2.56,-2.56
73,59.02,13.979999999999997
0,6.455,-6.455
14,24.97,-10.969999999999999
68,37.2625,30.737499999999997
71,59.286,11.713999999999999
50,38.343333333333334,11.656666666666666
53,49.14555555555555,3.8544444444444466
0,27.595,-27.595
52,48.68,3.3200000000000003
61,38.2416437060393,22.758356293960702
24,28.161666666666665,-4.161666666666665
29,29.08333333333333,-0.0833333333333286
29,24.89,4.109999999999999
21,36.40199242424242,-15.401992424242422
18,18.24142857142857,-0.2414285714285711
64,58.18,5.82
73,72.38,0.6200000000000045
0,0.03382892731669073,-0.03382892731669073
79,67.24125,11.758750000000006
56,48.18666666666667,7.813333333333333
51,50.51860317460318,0.48139682539682127
51,49.6975,1.302500000000002
56,35.22212121212121,20.77787878787879
72,37.42851648351649,34.57148351648351
70,45.73,24.270000000000003
36,33.76,2.240000000000002
52,44.945,7.055
51,48.85285714285715,2.1471428571428532
32,33.086261904761905,-1.0862619047619049
45,42.555,2.4450000000000003
0,36.87333333333333,-36.87333333333333
57,31.974728061793275,25.025271938206725
63,38.47,24.53
0,0.0,0.0
7,16.284166666666664,-9.284166666666664
29,32.17,-3.1700000000000017
42,38.78333333333333,3.2166666666666686
47,43.62333333333333,3.3766666666666723
28,44.205,-16.205
35,31.42,3.5799999999999983
69,58.4,10.600000000000001
29,37.77,-8.770000000000003
37,39.19666666666667,-2.1966666666666725
28,30.5,-2.5
43,41.25,1.75
9,26.01666666666667,-17.01666666666667
24,33.11,-9.11
3,38.777700922266135,-35.777700922266135
0,39.107501400560224,-39.107501400560224
39,49.02333333333334,-10.02333333333334
66,47.66,18.340000000000003
25,32.86,-7.859999999999999
19,41.82,-22.82
67,57.74,9.259999999999998
30,40.63595238095238,-10.635952380952382
35,33.22922558922559,1.7707744107744077
20,24.38,-4.379999999999999
62,59.00333333333333,2.9966666666666697
35,43.57923076923077,-8.579230769230769
22,26.9592731934732,-4.9592731934732015
0,9.908736804861801,-9.908736804861801
0,29.75090909090909,-29.75090909090909
23,27.33,-4.329999999999998
47,44.63,2.3699999999999974
10,15.3,-5.300000000000001
11,34.27364285714286,-23.27364285714286
43,35.067,7.933
47,37.149523809523814,9.850476190476186
59,34.06,24.939999999999998
36,44.90571428571428,-8.905714285714282
79,74.0,5.0
15,35.70333333333333,-20.703333333333333
23,40.420476190476194,-17.420476190476194
38,36.23,1.7700000000000031
4,20.6655,-16.6655
52,31.00625,20.99375
0,5.42,-5.42
39,27.644000000000002,11.355999999999998
40,39.58,0.4200000000000017
32,27.97285714285714,4.027142857142859
0,40.6137380952381,-40.6137380952381
34,33.44,0.5600000000000023
65,34.02744230769231,30.97255769230769
60,34.08990476190476,25.910095238095238
62,44.44,17.560000000000002
60,41.528045454545456,18.471954545454544
11,15.0,-4.0
46,34.584895104895104,11.415104895104896
0,2.82375,-2.82375
45,42.555,2.4450000000000003
83,38.49609877344877,44.50390122655123
18,24.058333333333334,-6.058333333333334
23,43.3725,-20.372500000000002
40,43.07333333333333,-3.0733333333333306
11,16.961199999999998,-5.961199999999998
28,21.73,6.27
41,37.24666666666667,3.7533333333333303
37,33.48166666666667,3.518333333333331
0,0.96,-0.96
21,32.87083333333333,-11.87083333333333
63,31.19833333333333,31.80166666666667
25,29.965238095238092,-4.965238095238092
36,41.19537878787879,-5.195378787878788
32,44.70666666666666,-12.706666666666663
55,44.964,10.036000000000001
20,37.226787878787874,-17.226787878787874
77,31.396,45.604
2,3.1150873015873013,-1.1150873015873013
26,16.83,9.170000000000002
34,50.8,-16.799999999999997
41,42.63666666666666,-1.6366666666666632
42,35.16992857142857,6.830071428571429
20,27.53027777777778,-7.53027777777778
0,51.41161904761904,-51.41161904761904
66,61.612142857142864,4.387857142857136
56,15.255,40.745
43,29.3925,13.607500000000002
35,43.178999999999995,-8.178999999999995
25,51.52,-26.520000000000003
60,46.641333333333336,13.358666666666664
41,40.4,0.6000000000000014
33,32.958,0.04200000000000159
22,18.92,3.0799999999999983
56,49.74,6.259999999999998
59,29.070478632478636,29.929521367521364
44,40.53418269230769,3.465817307692312
19,40.126666666666665,-21.126666666666665
39,37.49,1.509999999999998
45,43.17666666666667,1.8233333333333306
0,15.889805795511672,-15.889805795511672
47,44.19,2.8100000000000023
60,58.04,1.9600000000000009
42,38.4,3.6000000000000014
0,21.96,-21.96
0,3.4558058952674418,-3.4558058952674418
76,43.312,32.688
18,28.75833333333333,-10.75833333333333
57,41.1,15.899999999999999
66,55.712954545454544,10.287045454545456
38,46.24472222222223,-8.24472222222223
25,25.6,-0.6000000000000014
55,32.084666666666664,22.915333333333336
45,42.17,2.8299999999999983
45,29.0,16.0
38,38.48,-0.4799999999999969
44,38.37,5.630000000000003
0,15.486666666666665,-15.486666666666665
38,33.26696428571429,4.7330357142857125
18,26.147142857142857,-8.147142857142857
17,16.03333333333333,0.9666666666666686
2,28.7,-26.7
13,35.79,-22.79
39,33.11,5.890000000000001
0,14.569999999999999,-14.569999999999999
21,28.09,-7.09
58,52.26333333333334,5.7366666666666575
0,1.01,-1.01
57,38.415166666666664,18.584833333333336
51,36.11083333333333,14.889166666666668
20,23.815,-3.8150000000000013
71,70.26,0.7399999999999949
43,45.75911904761905,-2.759119047619052
0,1.24,-1.24
21,36.615358974358976,-15.615358974358976
1,14.255999999999998,-13.255999999999998
46,33.393,12.607
0,23.279993460709132,-23.279993460709132
0,15.66,-15.66
0,0.0,0.0
53,39.01,13.990000000000002
26,46.4,-20.4
0,9.66,-9.66
19,30.696666666666665,-11.696666666666665
66,48.21816666666667,17.78183333333333
20,37.545833333333334,-17.545833333333334
24,33.88666666666667,-9.88666666666667
22,34.76,-12.759999999999998
45,39.928333333333335,5.071666666666665
20,39.901666666666664,-19.901666666666664
21,29.914,-8.914000000000001
18,21.63,-3.629999999999999
30,40.65,-10.649999999999999
3,1.1851534347448085,1.8148465652551915
46,42.52,3.479999999999997
36,35.58314102564103,0.41685897435897346
38,38.0,0.0
51,37.901666666666664,13.098333333333336
28,23.1,4.899999999999999
38,36.93,1.0700000000000003
49,50.758,-1.7580000000000027
32,37.885,-5.884999999999998
0,22.6975,-22.6975
27,25.143333333333334,1.8566666666666656
0,28.23447619047619,-28.23447619047619
12,29.953333333333333,-17.953333333333333
22,20.045,1.9549999999999983
5,3.749054834054835,1.250945165945165
40,34.66119047619048,5.338809523809523
21,19.810769230769232,1.1892307692307682
37,45.12,-8.119999999999997
51,39.61333333333334,11.386666666666663
68,53.83,14.170000000000002
47,41.493500000000004,5.5064999999999955
37,40.04,-3.039999999999999
1,0.42991345361593225,0.5700865463840677
19,23.18,-4.18
13,23.279993460709132,-10.279993460709132
30,40.805,-10.805
32,47.84,-15.840000000000003
48,44.27666666666667,3.723333333333329
28,33.29495238095238,-5.294952380952381
59,36.7,22.299999999999997
49,43.01333333333333,5.986666666666672
50,37.02333333333333,12.976666666666667
46,45.5,0.5
22,33.04083333333333,-11.040833333333332
67,55.78,11.219999999999999
54,39.485,14.515
65,33.32,31.68
63,28.93,34.07
0,0.0,0.0
66,37.75651190476191,28.243488095238092
22,44.825,-22.825000000000003
40,31.437833333333334,8.562166666666666
48,34.003214285714286,13.996785714285714
80,66.6,13.400000000000006
0,8.9,-8.9
24,30.856190476190477,-6.856190476190477
1,1.1479938479658163,-0.14799384796581627
18,33.604,-15.604
20,22.5,-2.5
18,25.96,-7.960000000000001
35,29.434588235294118,5.565411764705882
65,29.465833333333336,35.534166666666664
21,28.245,-7.245000000000001
46,42.17133333333333,3.8286666666666704
51,33.31,17.689999999999998
23,13.93,9.07
15,24.551583333333337,-9.551583333333337
0,26.35916666666667,-26.35916666666667
15,27.42,-12.420000000000002
38,38.63008333333333,-0.6300833333333316
24,30.243333333333336,-6.243333333333336
26,43.95,-17.950000000000003
26,17.23,8.77
41,41.23,-0.22999999999999687
34,31.43,2.5700000000000003
29,31.022,-2.0219999999999985
10,21.24,-11.239999999999998
0,1.5946666666666667,-1.5946666666666667
1,57.843333333333334,-56.843333333333334
44,37.575,6.424999999999997
0,2.407754253056884,-2.407754253056884
58,34.27776983218917,23.722230167810828
47,50.87372549019607,-3.8737254901960725
0,13.497750000000002,-13.497750000000002
43,41.9,1.1000000000000014
0,1.45,-1.45
40,40.44,-0.4399999999999977
3,1.8127064266940396,1.1872935733059604
56,48.68,7.32
18,17.02883333333333,0.9711666666666687
0,9.908736804861801,-9.908736804861801
5,44.01730014430014,-39.01730014430014
34,35.32452380952381,-1.3245238095238108
69,17.84,51.16
18,20.42,-2.4200000000000017
41,38.23833333333334,2.761666666666663
63,41.45625,21.543750000000003
0,1.0,-1.0
32,33.96,-1.9600000000000009
33,22.796,10.204
48,44.5675,3.4324999999999974
14,18.825,-4.824999999999999
56,56.0,0.0
53,42.14,10.86
19,28.79,-9.79
38,33.562916666666666,4.437083333333334
35,33.488749999999996,1.511250000000004
39,33.43333333333333,5.56666666666667
20,23.081999999999997,-3.081999999999997
24,32.0675,-8.067500000000003
28,45.27166666666666,-17.27166666666666
0,9.219833333333332,-9.219833333333332
0,36.321666666666665,-36.321666666666665
19,33.14833333333333,-14.148333333333333
73,38.699666666666666,34.300333333333334
14,35.411545893719804,-21.411545893719804
72,69.37333333333333,2.626666666666665
52,37.211,14.789000000000001
30,38.015,-8.015
17,44.865,-27.865000000000002
5,19.896666666666665,-14.896666666666665
45,43.22166666666667,1.7783333333333289
68,38.86,29.14
7,3.750757898147607,3.249242101852393
0,18.2,-18.2
41,33.25,7.75
21,22.15333333333333,-1.1533333333333289
34,30.625999999999998,3.3740000000000023
0,12.54,-12.54
67,42.217063492063495,24.782936507936505
59,52.42833333333333,6.5716666666666725
10,26.401,-16.401
70,65.50285714285714,4.497142857142862
27,24.56,2.4400000000000013
65,46.36,18.64
50,45.42166666666667,4.578333333333333
16,24.395833333333336,-8.395833333333336
40,31.942888888888888,8.057111111111112
34,31.41666666666667,2.5833333333333286
20,27.375,-7.375
27,37.76452380952381,-10.764523809523808
55,44.74,10.259999999999998
54,41.355,12.645000000000003
0,0.13516509214819886,-0.13516509214819886
1,16.431463414634145,-15.431463414634145
51,48.95083333333333,2.0491666666666717
1,39.53933333333333,-38.53933333333333
66,37.45039682539682,28.549603174603178
21,27.34,-6.34
52,41.61,10.39
0,0.956803929546159,-0.956803929546159
37,34.67,2.3299999999999983
19,34.52250000000001,-15.522500000000008
35,36.08,-1.0799999999999983
32,38.31,-6.310000000000002
29,40.192,-11.192
53,50.47,2.530000000000001
23,23.47,-0.46999999999999886
0,2.321595238095239,-2.321595238095239
60,51.053999999999995,8.946000000000005
58,48.3,9.700000000000003
42,39.02397435897436,2.976025641025643
4,10.7,-6.699999999999999
52,44.30083333333334,7.699166666666663
0,3.09,-3.09
36,43.42285714285714,-7.42285714285714
60,35.55,24.450000000000003
16,29.29,-13.29
0,34.89,-34.89
52,45.6,6.399999999999999
53,51.94,1.0600000000000023
0,45.888000000000005,-45.888000000000005
51,35.740500000000004,15.259499999999996
18,19.67142857142857,-1.6714285714285708
65,61.82,3.1799999999999997
0,0.2808135258704144,-0.2808135258704144
24,49.5145,-25.514499999999998
46,40.559,5.4410000000000025
19,44.0,-25.0
39,38.34166666666667,0.6583333333333314
0,0.42991345361593225,-0.42991345361593225
49,48.205,0.7950000000000017
29,40.995,-11.994999999999997
31,29.47,1.5300000000000011
0,0.0,0.0
48,32.053333333333335,15.946666666666665
29,32.165,-3.164999999999999
64,32.34,31.659999999999997
21,27.01,-6.010000000000002
0,16.21,-16.21
26,33.69433333333333,-7.694333333333333
0,0.5503035831669275,-0.5503035831669275
24,26.721500000000002,-2.7215000000000025
27,33.76,-6.759999999999998
37,52.529523809523816,-15.529523809523816
67,66.02,0.980000000000004
25,37.62307692307692,-12.623076923076923
45,44.84166666666666,0.15833333333333854
0,25.0835,-25.0835
0,8.649025907557997,-8.649025907557997
29,30.525,-1.5249999999999986
41,26.75240909090909,14.24759090909091
19,35.675,-16.674999999999997
6,20.16888888888889,-14.16888888888889
1,40.12536212121211,-39.12536212121211
46,44.95399999999999,1.0460000000000065
33,34.085,-1.0850000000000009
60,41.93768530020704,18.062314699792957
18,21.984523809523807,-3.9845238095238074
66,35.35328571428572,30.646714285714282
63,56.88408333333333,6.115916666666671
44,50.935,-6.935000000000002
56,50.78,5.219999999999999
0,0.42,-0.42
43,38.24214285714286,4.757857142857141
37,36.66333333333333,0.3366666666666731
33,20.63416666666667,12.365833333333331
42,36.57833333333333,5.421666666666667
66,56.33716666666666,9.662833333333339
4,3.92,0.08000000000000007
25,33.71333333333334,-8.713333333333338
21,21.5,-0.5
0,0.2807992125263796,-0.2807992125263796
70,46.033,23.967
63,57.38083333333334,5.619166666666658
0,0.63,-0.63
31,29.44,1.5599999999999987
18,30.415,-12.415
49,37.79555555555556,11.20444444444444
21,37.3,-16.299999999999997
49,51.22,-2.219999999999999
48,49.7,-1.7000000000000028
24,35.5355,-11.535499999999999
48,19.05,28.95
52,35.63967857142857,16.36032142857143
78,65.61833333333334,12.38166666666666
45,26.516190476190477,18.483809523809523
46,39.04966666666667,6.950333333333333
40,39.009,0.9909999999999997
47,28.276666666666664,18.723333333333336
22,25.099549549549547,-3.099549549549547
45,36.13,8.869999999999997
34,38.335,-4.335000000000001
0,3.838333333333334,-3.838333333333334
87,81.06,5.939999999999998
57,28.778036519036522,28.221963480963478
16,24.08,-8.079999999999998
73,49.825500000000005,23.174499999999995
33,37.737500000000004,-4.737500000000004
50,37.82775,12.172249999999998
1,13.62658286349771,-12.62658286349771
44,34.89292857142856,9.107071428571437
43,29.01,13.989999999999998
61,59.97,1.0300000000000011
58,39.545,18.455
21,43.3715,-22.371499999999997
73,72.65,0.3499999999999943
9,36.0,-27.0
36,45.18449633699633,-9.184496336996332
40,33.38196581196581,6.618034188034187
63,36.972,26.028
32,27.11,4.890000000000001
0,9.81,-9.81
17,29.161875787408402,-12.161875787408402
1,29.980619047619047,-28.980619047619047
34,38.40003036437247,-4.400030364372469
64,60.13,3.8699999999999974
63,52.73222222222223,10.267777777777773
0,0.06317060649478182,-0.06317060649478182
16,37.02285714285714,-21.02285714285714
1,26.396,-25.396
0,9.85,-9.85
46,35.10491666666667,10.895083333333332
46,47.55,-1.5499999999999972
15,20.05,-5.050000000000001
18,41.02416666666666,-23.02416666666666
24,28.7875,-4.787500000000001
1,3.75,-2.75
63,38.76,24.240000000000002
65,63.21,1.7899999999999991
26,29.609487876254178,-3.609487876254178
40,31.41,8.59
46,45.96561904761906,0.03438095238094263
44,43.56,0.4399999999999977
34,32.32,1.6799999999999997
25,28.64074074074074,-3.640740740740739
66,62.7825,3.217500000000001
29,27.06327285124576,1.9367271487542403
66,63.73166666666666,2.268333333333338
46,43.57,2.4299999999999997
34,33.232,0.7680000000000007
44,44.79,-0.7899999999999991
55,49.63,5.369999999999997
0,3.42,-3.42
45,44.69,0.3100000000000023
10,20.61583333333333,-10.615833333333331
25,29.36,-4.359999999999999
18,25.74,-7.739999999999998
58,39.945,18.055
26,33.03666666666667,-7.036666666666669
12,29.03,-17.03
44,37.74,6.259999999999998
2,7.886870245743534,-5.886870245743534
45,43.96,1.0399999999999991
22,40.74171428571428,-18.74171428571428
0,0.0,0.0
7,7.7506666666666675,-0.7506666666666675
19,30.82,-11.82
30,26.405,3.594999999999999
47,45.21,1.7899999999999991
47,41.1,5.899999999999999
18,23.22,-5.219999999999999
0,13.650051587301588,-13.650051587301588
22,42.16133333333333,-20.16133333333333
5,26.19125,-21.19125
44,39.917,4.082999999999998
10,28.723333333333336,-18.723333333333336
34,37.93,-3.9299999999999997
49,45.5185064935065,3.4814935064935
66,40.36666666666666,25.63333333333334
25,32.885999999999996,-7.885999999999996
61,53.50727272727273,7.492727272727272
24,34.97735164835165,-10.97735164835165
65,49.98,15.020000000000003
47,47.676,-0.6760000000000019
61,53.49416666666666,7.505833333333342
25,27.105,-2.1050000000000004
52,36.47666666666667,15.523333333333333
0,33.485,-33.485
24,30.2025,-6.202500000000001
0,10.413482635198816,-10.413482635198816
32,30.635,1.3649999999999984
42,40.555,1.4450000000000003
24,35.86,-11.86
58,52.72,5.280000000000001
8,32.41692307692308,-24.416923076923077
59,49.11,9.89
38,34.985181818181815,3.0148181818181854
0,0.07239832455621265,-0.07239832455621265
36,36.54,-0.5399999999999991
41,23.62222222222222,17.37777777777778
29,37.18,-8.18
44,28.381,15.619
40,34.31333333333333,5.686666666666667
0,45.198214285714286,-45.198214285714286
21,34.73,-13.729999999999997
1,50.724853174603176,-49.724853174603176
28,40.61333333333334,-12.613333333333337
71,57.738,13.262
52,34.78,17.22
50,26.953000000000003,23.046999999999997
26,30.72653846153846,-4.7265384615384605
45,38.81166666666667,6.188333333333333
39,44.61625,-5.616250000000001
1,10.04103448275862,-9.04103448275862
48,38.65072463768116,9.349275362318842
60,19.810285714285715,40.18971428571429
32,39.67388888888889,-7.673888888888889
0,1.5999880952380956,-1.5999880952380956
30,25.61,4.390000000000001
0,0.13516509214819886,-0.13516509214819886
0,18.79,-18.79
5,38.18666666666667,-33.18666666666667
0,0.0,0.0
29,34.944,-5.944000000000003
13,36.6515,-23.6515
66,32.5105,33.4895
25,34.541666666666664,-9.541666666666664
35,38.51833333333333,-3.518333333333331
0,0.43,-0.43
21,27.545,-6.545000000000002
68,45.01,22.990000000000002
0,3.43564059504879,-3.43564059504879
26,27.95,-1.9499999999999993
39,37.864333333333335,1.1356666666666655
36,37.553333333333335,-1.5533333333333346
51,34.047222222222224,16.952777777777776
27,28.05,-1.0500000000000007
27,27.92,-0.9200000000000017
40,38.115,1.884999999999998
17,31.36338157894737,-14.363381578947369
46,43.925,2.075000000000003
42,42.1675,-0.16749999999999687
40,36.93,3.0700000000000003
0,16.654166666666665,-16.654166666666665
28,21.631999999999998,6.368000000000002
7,8.2855,-1.2855000000000008
45,43.17,1.8299999999999983
52,46.46666666666667,5.533333333333331
0,11.75,-11.75
36,35.54,0.46000000000000085
67,29.325,37.675
47,43.97690476190476,3.0230952380952374
30,30.674,-0.6739999999999995
33,18.55,14.45
19,34.43033333333333,-15.43033333333333
0,0.01,-0.01
0,6.548178806929892,-6.548178806929892
56,36.824,19.176000000000002
10,27.58,-17.58
42,39.25,2.75
23,38.93333333333334,-15.933333333333337
1,1.8127064266940396,-0.8127064266940396
2,3.4558058952674418,-1.4558058952674418
67,56.8075,10.192500000000003
41,32.174454545454545,8.825545454545455
52,40.391999999999996,11.608000000000004
61,35.20875,25.791249999999998
57,56.98,0.020000000000003126
43,40.21963768115942,2.780362318840581
59,37.45414285714286,21.545857142857137
26,31.83,-5.829999999999998
47,22.16,24.84
0,3.37,-3.37
0,0.0,0.0
9,16.2,-7.199999999999999
0,0.0,0.0
48,30.03857142857143,17.96142857142857
18,32.0,-14.0
0,14.273333333333335,-14.273333333333335
41,37.6675,3.332500000000003
47,25.11835714285714,21.88164285714286
5,13.81,-8.81
56,46.59,9.409999999999997
39,29.792115384615386,9.207884615384614
71,62.44785714285714,8.552142857142861
39,41.832019536019544,-2.832019536019544
49,43.32333333333333,5.676666666666669
22,26.62,-4.620000000000001
13,34.92,-21.92
2,10.47988034188034,-8.47988034188034
28,39.70367797888386,-11.70367797888386
0,34.81,-34.81
55,35.5925,19.4075
47,45.26,1.740000000000002
49,46.3225,2.677500000000002
43,29.47262679559003,13.527373204409969
24,26.25,-2.25
76,42.891000000000005,33.108999999999995
59,36.541666666666664,22.458333333333336
25,33.63745238095238,-8.637452380952382
53,44.46,8.54
55,45.12,9.880000000000003
33,37.66,-4.659999999999997
0,18.26151082251082,-18.26151082251082
74,80.36201731601732,-6.362017316017315
22,34.455,-12.454999999999998
18,34.90920879120879,-16.90920879120879
57,45.40473809523809,11.595261904761912
24,28.08,-4.079999999999998
0,0.3750751339545305,-0.3750751339545305
16,15.43,0.5700000000000003
0,12.22,-12.22
0,0.10058983471266915,-0.10058983471266915
46,28.8275,17.1725
31,30.61,0.39000000000000057
35,35.255,-0.25500000000000256
38,39.03,-1.0300000000000011
14,28.760166666666663,-14.760166666666663
52,37.7475,14.252499999999998
37,36.734928571428576,0.2650714285714244
41,41.74,-0.740000000000002
49,42.906000000000006,6.093999999999994
60,54.65,5.350000000000001
9,41.03,-32.03
35,20.274464285714288,14.725535714285712
73,46.3430551378446,26.6569448621554
77,30.43,46.57
0,0.33,-0.33
59,44.57666666666666,14.42333333333334
37,37.52272727272727,-0.5227272727272734
32,37.85,-5.850000000000001
0,0.88,-0.88
36,28.609333333333336,7.3906666666666645
60,31.1,28.9
44,24.797152661064423,19.202847338935577
50,48.33,1.6700000000000017
5,32.91,-27.909999999999997
26,25.5125,0.4875000000000007
52,42.93833333333333,9.061666666666667
32,27.675238095238097,4.324761904761903
37,40.17333333333333,-3.173333333333332
80,61.44,18.560000000000002
30,33.8775,-3.8774999999999977
18,32.705,-14.704999999999998
21,38.596380952380954,-17.596380952380954
51,41.43166666666667,9.568333333333328
0,34.486,-34.486
45,38.156666666666666,6.843333333333334
65,62.38,2.6199999999999974
35,34.48416666666667,0.5158333333333331
70,64.43,5.569999999999993
41,38.2038538961039,2.796146103896099
0,0.0,0.0
66,49.20450000000001,16.79549999999999
24,23.84,0.16000000000000014
37,39.342333333333336,-2.342333333333336
15,29.315,-14.315000000000001
18,25.55,-7.550000000000001
53,39.38041666666666,13.619583333333338
58,53.19,4.810000000000002
47,29.6,17.4
53,33.59,19.409999999999997
0,0.0,0.0
9,32.91,-23.909999999999997
62,37.985,24.015
49,45.38499999999999,3.615000000000009
31,36.665587719298244,-5.6655877192982445
53,51.14,1.8599999999999994
5,14.5925,-9.5925
67,44.15875,22.841250000000002
27,37.03666666666666,-10.036666666666662
29,33.15072027972028,-4.150720279720282
73,66.51,6.489999999999995
29,34.78990196078431,-5.789901960784313
21,38.935,-17.935000000000002
0,0.0,0.0
15,24.405,-9.405000000000001
0,26.35916666666667,-26.35916666666667
50,41.59,8.409999999999997
47,40.67,6.329999999999998
54,54.11,-0.10999999999999943
67,54.968333333333334,12.031666666666666
48,44.98666666666667,3.0133333333333283
0,0.0,0.0
73,59.02,13.979999999999997
0,0.0,0.0
18,22.88,-4.879999999999999
48,37.851,10.149000000000001
29,31.556663043478267,-2.5566630434782667
0,34.65,-34.65
37,38.437,-1.4369999999999976
9,45.71,-36.71
0,6.34,-6.34
0,0.0,0.0
20,32.72,-12.719999999999999
20,25.84333333333333,-5.84333333333333
0,0.0,0.0
23,33.055,-10.055
21,38.791111111111114,-17.791111111111114
0,0.0,0.0
79,78.4491843098422,0.5508156901578047
44,46.59,-2.5900000000000034
59,46.221666666666664,12.778333333333336
4,15.828627819548874,-11.828627819548874
73,71.98,1.019999999999996
47,41.579375,5.420625000000001
29,32.645,-3.645000000000003
33,28.88,4.120000000000001
45,41.755,3.2449999999999974
21,23.493333333333336,-2.493333333333336
68,53.42238095238095,14.577619047619052
39,41.85473015873016,-2.8547301587301632
32,37.006,-5.006
24,42.77277192982456,-18.772771929824557
1,5.85,-4.85
21,7.660939862644312,13.339060137355688
46,38.604285714285716,7.395714285714284
4,1.7632386606603196,2.2367613393396804
26,27.82833333333333,-1.8283333333333296
16,35.18166666666667,-19.181666666666672
47,45.065,1.9350000000000023
61,43.69,17.310000000000002
0,2.400714285714286,-2.400714285714286
44,43.56,0.4399999999999977
13,20.196666666666665,-7.196666666666665
26,30.378666666666668,-4.378666666666668
0,0.06317060649478182,-0.06317060649478182
60,37.39107142857143,22.60892857142857
7,47.13,-40.13
19,19.83,-0.8299999999999983
0,0.18133651560368758,-0.18133651560368758
49,47.25,1.75
42,37.125,4.875
0,0.0,0.0
48,44.54,3.460000000000001
47,44.452,2.548000000000002
55,34.031666666666666,20.968333333333334
21,28.09,-7.09
29,27.093249999999998,1.9067500000000024
0,16.38,-16.38
0,13.661,-13.661
0,0.0,0.0
19,36.14954545454545,-17.149545454545454
0,6.7951392169492,-6.7951392169492
39,45.09,-6.090000000000003
0,17.0,-17.0
22,27.810551433976457,-5.810551433976457
13,13.581428571428571,-0.581428571428571
39,40.275,-1.2749999999999986
40,35.525,4.475000000000001
57,34.29907255244755,22.700927447552452
41,44.9625,-3.9624999999999986
0,1.33,-1.33
19,29.57111111111111,-10.571111111111112
63,57.78,5.219999999999999
47,44.67,2.3299999999999983
50,35.62777168045532,14.372228319544682
46,38.10071428571428,7.899285714285718
50,48.26333333333333,1.7366666666666717
1,0.27857492507492493,0.721425074925075
24,29.345,-5.344999999999999
39,35.385,3.615000000000002
1,18.289047619047622,-17.289047619047622
26,28.0575,-2.057500000000001
53,34.88166666666667,18.118333333333332
30,14.27032258064516,15.72967741935484
48,46.275,1.7250000000000014
45,33.71666666666667,11.283333333333331
69,12.8475,56.1525
9,37.221666666666664,-28.221666666666664
79,3.13,75.87
3,3.1150873015873013,-0.1150873015873013
68,66.47445238095239,1.5255476190476145
62,51.10666666666667,10.89333333333333
26,30.25,-4.25
42,25.761999999999997,16.238000000000003
47,42.44833333333333,4.551666666666669
20,29.83,-9.829999999999998
38,47.80333333333334,-9.803333333333342
40,36.38,3.6199999999999974
72,65.3225,6.677499999999995
37,27.596833333333333,9.403166666666667
45,39.74666666666667,5.25333333333333
22,33.5575,-11.557499999999997
37,43.265,-6.265000000000001
36,48.03,-12.030000000000001
70,57.58333333333334,12.416666666666657
26,37.78508333333333,-11.785083333333333
46,50.74166666666666,-4.74166666666666
28,36.688,-8.688000000000002
59,32.3625,26.637500000000003
51,25.18333333333333,25.81666666666667
58,38.02,19.979999999999997
75,70.14833333333333,4.851666666666674
31,33.3,-2.299999999999997
54,50.01,3.990000000000002
54,52.2,1.7999999999999972
51,50.14,0.8599999999999994
43,42.075,0.9249999999999972
0,0.23,-0.23
33,38.63666666666666,-5.636666666666663
55,46.78,8.219999999999999
45,33.61966666666667,11.380333333333333
21,24.393333333333334,-3.3933333333333344
30,36.1575,-6.157499999999999
25,37.38,-12.380000000000003
66,38.95166666666667,27.048333333333332
48,37.8125,10.1875
0,28.01,-28.01
46,41.033500000000004,4.966499999999996
1,2.7612267023654704,-1.7612267023654704
8,15.29,-7.289999999999999
50,47.83333333333333,2.1666666666666714
56,49.45,6.549999999999997
66,64.61,1.3900000000000006
49,46.53,2.469999999999999
50,41.77,8.229999999999997
45,35.645,9.354999999999997
26,29.32333333333333,-3.3233333333333306
62,49.5575,12.442500000000003
2,0.7294642251453394,1.2705357748546606
0,19.26415476190476,-19.26415476190476
0,4.846,-4.846
39,25.92,13.079999999999998
1,30.058928571428574,-29.058928571428574
38,47.26166666666666,-9.261666666666663
0,5.76,-5.76
38,33.4175,4.582500000000003
39,41.755,-2.7550000000000026
32,34.725,-2.7250000000000014
49,36.3,12.700000000000003
37,31.94273333333333,5.057266666666671
57,53.44983870967742,3.5501612903225777
49,42.53857142857143,6.46142857142857
0,0.020917194059227734,-0.020917194059227734
47,46.81,0.18999999999999773
56,54.13,1.8699999999999974
2,43.36583333333334,-41.36583333333334
0,0.25530952380952365,-0.25530952380952365
52,50.272,1.7280000000000015
8,15.004166666666668,-7.004166666666668
47,46.04,0.9600000000000009
22,22.410783140814083,-0.4107831408140825
49,31.169126984126983,17.830873015873017
67,65.24,1.7600000000000051
65,40.27,24.729999999999997
29,27.947619047619046,1.052380952380954
39,31.63973684210526,7.360263157894739
16,33.233333333333334,-17.233333333333334
35,33.74,1.259999999999998
54,38.42214285714286,15.577857142857141
26,29.6,-3.6000000000000014
0,4.035173142303174,-4.035173142303174
0,4.8,-4.8
34,42.141111111111115,-8.141111111111115
57,47.14,9.86
59,38.89207142857143,20.107928571428573
64,52.49,11.509999999999998
50,36.425,13.575000000000003
32,31.196998484848486,0.8030015151515144
40,38.71,1.2899999999999991
35,44.14,-9.14
62,33.98042857142857,28.01957142857143
32,32.46316666666666,-0.46316666666665895
39,44.86,-5.859999999999999
41,39.21,1.7899999999999991
47,46.76,0.240000000000002
38,31.87857142857143,6.12142857142857
24,41.25366666666667,-17.253666666666668
0,2.89,-2.89
46,40.90714285714286,5.092857142857142
22,25.32,-3.3200000000000003
18,28.23,-10.23
76,47.94,28.060000000000002
0,0.0,0.0
1,8.945,-7.945
48,32.45,15.549999999999997
31,29.11916666666667,1.8808333333333316
20,21.795,-1.7950000000000017
22,33.43875,-11.438749999999999
38,36.09,1.9099999999999966
0,19.26415476190476,-19.26415476190476
30,37.949999999999996,-7.949999999999996
52,26.85333333333333,25.14666666666667
48,50.44,-2.4399999999999977
1,0.22765873015873006,0.7723412698412699
0,7.1,-7.1
51,45.4825,5.517499999999998
43,40.272954545454546,2.727045454545454
27,41.08592857142857,-14.085928571428568
18,19.56,-1.5599999999999987
0,5.34,-5.34
0,7.42,-7.42
43,43.19,-0.18999999999999773
27,22.796666666666667,4.203333333333333
43,36.46047619047619,6.539523809523807
16,40.905833333333334,-24.905833333333334
63,30.21221153846154,32.78778846153846
50,35.9,14.100000000000001
52,46.04022727272728,5.959772727272721
39,42.16520833333334,-3.1652083333333394
41,39.795,1.2049999999999983
65,55.57333333333334,9.426666666666662
0,44.21,-44.21
70,56.14,13.86
13,39.306999999999995,-26.306999999999995
55,51.03666666666667,3.963333333333331
67,39.73,27.270000000000003
34,37.49842455242967,-3.498424552429668
28,38.24,-10.240000000000002
20,22.47,-2.469999999999999
47,47.214285714285715,-0.2142857142857153
39,41.825,-2.825000000000003
72,39.38,32.62
0,12.08,-12.08
52,40.19833333333334,11.801666666666662
35,31.839320346320346,3.1606796536796544
41,34.26666666666667,6.733333333333327
35,39.01664114832536,-4.016641148325363
22,26.945,-4.945
36,36.8175,-0.8175000000000026
58,37.916666666666664,20.083333333333336
0,14.66,-14.66
30,48.547,-18.546999999999997
37,41.88333333333333,-4.883333333333333
1,37.52222222222222,-36.52222222222222
0,7.36,-7.36
48,24.04,23.96
59,38.5775,20.4225
33,35.313,-2.3130000000000024
39,35.23333333333333,3.766666666666673
59,39.895,19.104999999999997
33,27.988000000000003,5.011999999999997
1,2.7612267023654704,-1.7612267023654704
0,0.0,0.0
29,44.93166666666666,-15.931666666666658
68,64.16666666666667,3.8333333333333286
39,43.21,-4.210000000000001
40,35.9125,4.087499999999999
27,29.367666666666665,-2.367666666666665
18,30.155952380952385,-12.155952380952385
0,6.79,-6.79
23,26.480384615384615,-3.480384615384615
46,45.28,0.7199999999999989
0,0.0,0.0
73,31.1425,41.8575
45,39.73352272727273,5.266477272727272
26,26.78,-0.7800000000000011
17,17.45,-0.4499999999999993
0,28.3,-28.3
29,36.15,-7.149999999999999
25,28.62,-3.620000000000001
73,57.295,15.704999999999998
0,0.0,0.0
43,42.80177777777778,0.19822222222222052
0,2.9900000000000007,-2.9900000000000007
47,46.41166666666666,0.5883333333333383
35,32.88648484848485,2.113515151515152
21,37.994379310344826,-16.994379310344826
17,18.15,-1.1499999999999986
0,0.1399166666666666,-0.1399166666666666
38,36.905833333333334,1.0941666666666663
21,20.93,0.07000000000000028
0,5.595500000000002,-5.595500000000002
40,39.92,0.0799999999999983
41,40.138000000000005,0.8619999999999948
63,39.93,23.07
31,34.59904761904762,-3.5990476190476173
19,34.0,-15.0
35,35.04451282051282,-0.04451282051282135
50,44.87,5.130000000000003
54,44.21,9.79
34,39.090444444444444,-5.090444444444444
35,35.49366666666667,-0.4936666666666696
36,36.57,-0.5700000000000003
19,20.75416666666667,-1.75416666666667
52,45.060251082251085,6.939748917748915
31,37.31904040404041,-6.319040404040408
3,19.38706227106227,-16.38706227106227
57,33.155833333333334,23.844166666666666
23,32.288333333333334,-9.288333333333334
0,1.6,-1.6
39,38.6,0.3999999999999986
0,0.0,0.0
49,42.13,6.869999999999997
44,41.98886544011544,2.0111345598845602
43,36.04,6.960000000000001
41,39.5,1.5
38,34.15428571428571,3.845714285714287
26,38.398476190476195,-12.398476190476195
0,0.0,0.0
49,33.625,15.375
64,35.9934696969697,28.006530303030303
53,40.585,12.415
28,29.58,-1.5799999999999983
40,42.33533333333333,-2.335333333333331
54,42.34,11.659999999999997
23,36.79380952380952,-13.793809523809522
19,31.548095238095232,-12.548095238095232
0,0.0,0.0
18,23.39,-5.390000000000001
59,30.513333333333332,28.486666666666668
38,23.845,14.155000000000001
34,35.589444444444446,-1.589444444444446
44,41.284,2.716000000000001
47,32.074,14.926000000000002
46,52.13583333333334,-6.135833333333338
21,31.56866666666667,-10.568666666666669
18,10.24,7.76
26,35.23666666666667,-9.236666666666672
23,31.55590909090909,-8.55590909090909
71,53.68,17.32
17,25.46,-8.46
3,5.138653792147563,-2.1386537921475632
31,33.675333333333334,-2.6753333333333345
63,38.31,24.689999999999998
21,27.3,-6.300000000000001
56,51.66760869565218,4.332391304347823
0,1.54,-1.54
39,36.59916666666667,2.400833333333331
41,36.215714285714284,4.784285714285716
52,34.35,17.65
32,32.66,-0.6599999999999966
33,30.01,2.9899999999999984
42,43.582,-1.5820000000000007
40,35.37,4.630000000000003
18,41.185,-23.185000000000002
36,45.44866666666667,-9.448666666666668
71,35.50666666666667,35.49333333333333
45,35.49529761904762,9.50470238095238
47,46.295,0.7049999999999983
18,28.898200000000003,-10.898200000000003
46,44.685,1.3149999999999977
58,49.08833333333334,8.911666666666662
0,0.43796910768969577,-0.43796910768969577
52,44.14,7.859999999999999
22,35.19,-13.189999999999998
46,44.6,1.3999999999999986
22,28.553333333333335,-6.553333333333335
29,38.343333333333334,-9.343333333333334
1,0.5333285262102329,0.46667147378976714
71,58.93,12.07
34,31.3,2.6999999999999993
30,39.24923809523809,-9.249238095238091
0,29.575,-29.575
0,28.14214675520558,-28.14214675520558
55,32.94,22.060000000000002
0,0.88,-0.88
21,41.81,-20.810000000000002
56,53.096833333333336,2.903166666666664
22,36.16,-14.159999999999997
66,40.36666666666666,25.63333333333334
40,35.747166666666665,4.252833333333335
26,31.783333333333335,-5.783333333333335
75,73.53579831932774,1.4642016806722609
0,0.15560770733508344,-0.15560770733508344
61,53.67333333333334,7.326666666666661
20,32.42666666666666,-12.426666666666662
22,41.56283333333333,-19.56283333333333
65,54.08666666666666,10.913333333333341
46,39.99,6.009999999999998
11,25.37666666666667,-14.376666666666669
15,16.6,-1.6000000000000014
42,25.87833333333333,16.12166666666667
48,42.08833333333334,5.911666666666662
1,4.26,-3.26
73,63.85,9.149999999999999
36,44.379333333333335,-8.379333333333335
20,36.665,-16.665
0,18.21,-18.21
42,43.815,-1.8149999999999977
0,31.977666666666664,-31.977666666666664
5,37.01,-32.01
0,5.614322424017103,-5.614322424017103
41,43.32266666666666,-2.322666666666663
21,22.7475,-1.7474999999999987
67,62.57323015873015,4.426769841269852
17,25.39666666666667,-8.396666666666668
0,25.063035714285725,-25.063035714285725
41,38.83091257555654,2.169087424443461
68,57.32,10.68
51,28.03,22.97
47,35.22566666666667,11.774333333333331
53,48.22,4.780000000000001
38,40.401666666666664,-2.4016666666666637
16,36.17444444444445,-20.174444444444447
46,45.135,0.865000000000002
25,35.06875,-10.068750000000001
0,0.0,0.0
0,5.33,-5.33
1,18.1625,-17.1625
48,48.575,-0.5750000000000028
53,19.64,33.36
40,41.42,-1.4200000000000017
13,30.155714285714286,-17.155714285714286
53,32.82666666666667,20.173333333333332
28,39.75947619047619,-11.759476190476192
39,41.605,-2.604999999999997
67,62.65,4.350000000000001
0,9.8,-9.8
44,43.39,0.6099999999999994
25,28.49916666666667,-3.499166666666671
22,29.791166666666662,-7.791166666666662
40,39.66181818181818,0.33818181818182325
66,61.59,4.409999999999997
0,2.7438293650793657,-2.7438293650793657
37,28.61,8.39
29,43.76166666666666,-14.761666666666663
47,32.916111111111114,14.083888888888886
43,31.776136363636365,11.223863636363635
31,44.59,-13.590000000000003
23,28.24666666666667,-5.24666666666667
55,53.32,1.6799999999999997
0,23.46,-23.46
43,43.62,-0.6199999999999974
0,6.71,-6.71
9,11.875,-2.875
50,25.350263028638032,24.649736971361968
61,0.0,61.0
0,0.0,0.0
58,40.6975,17.302500000000002
1,4.240317313194788,-3.2403173131947884
59,54.934,4.0660000000000025
11,18.41,-7.41
0,6.7951392169492,-6.7951392169492
1,25.08136519036519,-24.08136519036519
60,42.8295303030303,17.170469696969697
21,31.88,-10.879999999999999
18,23.61,-5.609999999999999
20,40.236999999999995,-20.236999999999995
0,23.43333333333333,-23.43333333333333
42,33.265,8.735
47,43.81,3.1899999999999977
0,11.885984848484853,-11.885984848484853
40,40.01351648351649,-0.013516483516490041
0,16.19,-16.19
20,42.32875,-22.32875
38,21.13801515151515,16.86198484848485
61,28.68102443609022,32.31897556390978
41,34.324413793103446,6.675586206896554
48,40.70916666666667,7.290833333333332
33,36.7949298245614,-3.7949298245614003
22,19.554166666666664,2.4458333333333364
45,31.176666666666666,13.823333333333334
20,23.390454545454546,-3.3904545454545456
63,48.89560606060606,14.104393939393937
31,20.030833333333334,10.969166666666666
7,30.84,-23.84
27,46.63433333333333,-19.63433333333333
32,38.20666666666666,-6.2066666666666634
0,0.37,-0.37
28,29.165,-1.1649999999999991
56,31.499000000000002,24.500999999999998
0,9.17726807057705,-9.17726807057705
33,32.80512806637807,0.19487193362193267
66,63.19,2.8100000000000023
0,1.875,-1.875
54,30.148831168831165,23.851168831168835
28,21.76,6.239999999999998
72,57.44666666666667,14.553333333333327
18,32.700833333333335,-14.700833333333335
89,80.52950000000001,8.470499999999987
36,38.06625,-2.0662499999999966
39,39.79,-0.7899999999999991
11,13.386666666666667,-2.3866666666666667
35,36.2,-1.2000000000000028
48,52.75166666666666,-4.751666666666658
53,37.04452380952381,15.95547619047619
33,37.812333333333335,-4.812333333333335
0,0.0,0.0
17,35.16,-18.159999999999997
62,6.587143384221557,55.412856615778445
28,22.185833333333335,5.814166666666665
46,43.59,2.4099999999999966
25,25.494,-0.4939999999999998
48,46.09,1.9099999999999966
11,35.175666666666665,-24.175666666666665
38,39.475,-1.4750000000000014
24,32.03833333333333,-8.038333333333327
21,29.543999999999997,-8.543999999999997
33,42.36166666666667,-9.361666666666672
45,36.84,8.159999999999997
16,41.6525,-25.652500000000003
16,27.416470588235292,-11.416470588235292
39,31.00125,7.998750000000001
55,41.5075,13.4925
72,38.90533333333333,33.09466666666667
25,37.27,-12.270000000000003
21,29.12,-8.120000000000001
46,43.20650877192983,2.7934912280701667
44,47.85,-3.8500000000000014
44,41.968999999999994,2.031000000000006
23,30.13791666666667,-7.137916666666669
49,31.96,17.04
46,38.343333333333334,7.656666666666666
17,31.83,-14.829999999999998
35,38.736176444074616,-3.7361764440746157
19,30.79,-11.79
15,37.86,-22.86
73,68.25797577422577,4.74202422577423
1,4.240317313194788,-3.2403173131947884
18,42.3575,-24.3575
30,39.821,-9.820999999999998
43,36.48,6.520000000000003
0,31.35520833333333,-31.35520833333333
63,42.0615,20.938499999999998
44,38.51111111111111,5.488888888888887
4,4.546540080257085,-0.5465400802570848
41,40.44,0.5600000000000023
5,26.26212121212121,-21.26212121212121
18,37.17333333333333,-19.173333333333332
0,0.44,-0.44
0,14.318285714285716,-14.318285714285716
11,28.357261904761902,-17.357261904761902
52,43.557333333333325,8.442666666666675
33,37.29789484126984,-4.297894841269837
48,44.37,3.6300000000000026
41,45.34333333333334,-4.343333333333341
27,39.90687301587302,-12.906873015873018
61,43.29666666666666,17.70333333333334
0,38.105,-38.105
49,32.89,16.11
28,23.260833333333334,4.739166666666666
54,42.870470779220774,11.129529220779226
19,22.5275,-3.5275
1,14.26277777777778,-13.26277777777778
0,54.663226190476195,-54.663226190476195
46,36.52777777777778,9.472222222222221
21,37.845,-16.845
3,5.181106229503537,-2.181106229503537
47,47.968,-0.9680000000000035
27,44.89583333333333,-17.89583333333333
40,28.218000000000004,11.781999999999996
71,38.75,32.25
0,16.75,-16.75
80,64.32,15.680000000000007
56,39.71333333333333,16.28666666666667
27,24.595,2.405000000000001
18,30.69385714285714,-12.69385714285714
50,48.665166666666664,1.3348333333333358
49,53.41666666666666,-4.416666666666657
21,39.8985,-18.8985
0,1.39,-1.39
25,43.248738095238096,-18.248738095238096
66,59.24,6.759999999999998
52,45.28333333333334,6.7166666666666615
53,45.75833333333333,7.241666666666667
43,34.87095238095238,8.129047619047618
25,36.1,-11.100000000000001
0,36.872048433048434,-36.872048433048434
0,2.36,-2.36
65,49.68,15.32
70,42.13916666666666,27.86083333333334
47,42.406000000000006,4.593999999999994
68,54.45,13.549999999999997
0,9.97,-9.97
19,32.85166666666667,-13.851666666666667
60,54.81833333333333,5.181666666666672
31,42.175,-11.174999999999997
0,17.369,-17.369
40,39.62,0.38000000000000256
0,14.6,-14.6
62,55.755,6.244999999999997
0,14.1,-14.1
0,3.22,-3.22
28,33.57771428571428,-5.577714285714279
36,30.393,5.606999999999999
47,42.71,4.289999999999999
45,41.85,3.1499999999999986
36,34.56,1.4399999999999977
47,17.445,29.555
19,24.971,-5.971
57,48.474444444444444,8.525555555555556
72,62.81,9.189999999999998
0,2.68,-2.68
0,4.85,-4.85
50,47.36,2.6400000000000006
63,62.34,0.6599999999999966
18,39.68208333333333,-21.68208333333333
60,36.246483516483515,23.753516483516485
0,0.48333333333333334,-0.48333333333333334
18,24.283333333333335,-6.283333333333335
72,35.895,36.105
21,24.91,-3.91
18,35.855384615384615,-17.855384615384615
49,33.8735,15.1265
58,39.0025,18.997500000000002
44,26.096666666666664,17.903333333333336
50,48.88,1.1199999999999974
39,36.2175,2.782499999999999
10,32.58133333333333,-22.581333333333333
0,0.43,-0.43
54,35.840833333333336,18.159166666666664
57,46.797,10.203000000000003
60,56.43,3.5700000000000003
15,19.03,-4.030000000000001
45,44.997,0.0030000000000001137
24,38.585,-14.585
23,31.35916666666667,-8.35916666666667
1,0.2628809523809523,0.7371190476190477
60,50.39,9.61
0,10.27,-10.27
47,30.84895238095238,16.15104761904762
51,43.76,7.240000000000002
35,36.18,-1.1799999999999997
45,40.0375,4.962499999999999
45,43.71,1.2899999999999991
3,2.11,0.8900000000000001
56,40.21,15.79
41,42.14142857142857,-1.1414285714285697
20,28.781111111111112,-8.781111111111112
24,43.56854166666667,-19.56854166666667
71,57.29,13.71
60,31.943019480519478,28.056980519480522
0,1.14,-1.14
24,36.498333333333335,-12.498333333333335
0,35.20555555555555,-35.20555555555555
23,22.51,0.48999999999999844
66,38.977619047619044,27.022380952380956
0,36.619,-36.619
33,31.36,1.6400000000000006
53,34.4,18.6
0,14.79,-14.79
70,60.56,9.439999999999998
42,39.85666666666667,2.143333333333331
23,30.65,-7.649999999999999
55,44.74,10.259999999999998
51,40.501053030303034,10.498946969696966
41,35.985,5.015000000000001
8,27.29,-19.29
36,25.63,10.370000000000001
44,36.04,7.960000000000001
23,36.05674603174603,-13.05674603174603
69,64.96,4.040000000000006
51,25.57,25.43
0,11.78,-11.78
52,36.03132575757576,15.968674242424242
37,38.68,-1.6799999999999997
44,38.25,5.75
55,33.91,21.090000000000003
23,39.095,-16.095
70,14.911198412698413,55.08880158730159
68,59.255,8.744999999999997
22,36.68728174603175,-14.68728174603175
41,32.63469635343618,8.365303646563817
45,34.714285714285715,10.285714285714285
41,40.58,0.4200000000000017
0,8.655,-8.655
21,34.37,-13.369999999999997
54,52.86,1.1400000000000006
0,16.04536507936508,-16.04536507936508
13,20.83333333333333,-7.833333333333329
18,35.161428571428566,-17.161428571428566
22,25.86,-3.8599999999999994
22,33.65875,-11.658749999999998
38,34.8125,3.1875
21,25.14,-4.140000000000001
2,38.12833333333334,-36.12833333333334
34,36.75666666666667,-2.7566666666666677
24,40.300357142857145,-16.300357142857145
27,28.15,-1.1499999999999986
21,29.85212121212121,-8.852121212121212
59,51.4425,7.557499999999997
70,59.28285714285714,10.71714285714286
26,27.395,-1.3949999999999996
5,37.185,-32.185
46,42.37337719298246,3.62662280701754
49,42.33666666666666,6.663333333333341
60,51.854,8.146
13,28.905,-15.905000000000001
0,37.910666666666664,-37.910666666666664
25,62.24,-37.24
30,33.78583333333333,-3.785833333333329
0,12.939166666666665,-12.939166666666665
52,40.178333333333335,11.821666666666665
0,0.0,0.0
65,39.595742424242424,25.404257575757576
1,0.32990909090909076,0.6700909090909093
51,39.568333333333335,11.431666666666665
20,40.9,-20.9
0,4.18,-4.18
58,54.19,3.8100000000000023
30,27.726999999999997,2.2730000000000032
0,10.199043638052773,-10.199043638052773
53,44.82666666666667,8.173333333333332
0,39.83,-39.83
43,33.09133333333333,9.908666666666669
33,34.52,-1.5200000000000031
0,0.26,-0.26
67,30.66,36.34
21,39.655,-18.655
58,36.44314285714286,21.55685714285714
0,1.1851534347448085,-1.1851534347448085
18,34.53,-16.53
58,54.84,3.1599999999999966
20,25.97,-5.969999999999999
46,41.569250000000004,4.430749999999996
0,22.234080086580093,-22.234080086580093
76,74.26,1.7399999999999949
69,53.702,15.298000000000002
20,23.99,-3.9899999999999984
0,0.9341683592209,-0.9341683592209
0,29.088,-29.088
23,19.19,3.8099999999999987
45,39.06497619047619,5.935023809523813
0,19.865,-19.865
60,50.950136363636375,9.049863636363625
69,46.262904226492466,22.737095773507534
43,41.45,1.5499999999999972
68,60.85,7.149999999999999
0,15.008181818181818,-15.008181818181818
43,40.83857142857143,2.161428571428573
67,42.62904761904761,24.37095238095239
63,53.775,9.225000000000001
36,36.80505128205129,-0.8050512820512878
34,32.163333333333334,1.836666666666666
42,39.05,2.950000000000003
58,41.265,16.735
21,31.78,-10.780000000000001
0,2.25,-2.25
33,32.48350000000001,0.5164999999999935
25,31.61,-6.609999999999999
37,40.21590909090909,-3.2159090909090935
42,33.16,8.840000000000003
5,26.679523809523808,-21.679523809523808
43,27.444666666666667,15.555333333333333
0,3.197457935985858,-3.197457935985858
66,65.39,0.6099999999999994
60,51.57227272727273,8.427727272727267
22,28.22,-6.219999999999999
57,31.17,25.83
55,38.1425,16.8575
0,2.1775,-2.1775
56,35.36,20.64
48,32.968333333333334,15.031666666666666
26,26.647142857142857,-0.6471428571428568
19,35.47083333333333,-16.47083333333333
11,26.921333333333333,-15.921333333333333
50,48.49519230769231,1.5048076923076934
57,50.32,6.68
34,33.111666666666665,0.8883333333333354
0,27.12,-27.12
82,0.0,82.0
68,60.7,7.299999999999997
62,43.51666666666666,18.48333333333334
62,31.86,30.14
1,0.15560770733508344,0.8443922926649166
21,25.51,-4.510000000000002
49,35.000952380952384,13.999047619047616
48,36.40478354978355,11.595216450216448
0,0.13516509214819886,-0.13516509214819886
41,37.52955128205128,3.4704487179487202
65,42.44,22.560000000000002
45,36.135,8.865000000000002
0,9.17726807057705,-9.17726807057705
54,43.44,10.560000000000002
30,36.0,-6.0
39,31.657095238095234,7.342904761904766
24,25.605,-1.6050000000000004
53,30.834848484848486,22.165151515151514
49,31.55,17.45
60,49.16,10.840000000000003
27,38.7755,-11.775500000000001
4,38.04666666666667,-34.04666666666667
0,0.03382892731669073,-0.03382892731669073
23,27.3,-4.300000000000001
15,10.127809523809526,4.8721904761904735
28,35.76030303030303,-7.760303030303028
37,40.251642857142855,-3.251642857142855
74,28.901999999999997,45.098
23,39.29394736842105,-16.29394736842105
0,2.954571428571429,-2.954571428571429
20,22.68166666666667,-2.6816666666666684
35,36.0775,-1.0775000000000006
25,32.01,-7.009999999999998
46,43.69,2.3100000000000023
53,44.53,8.469999999999999
45,43.098333333333336,1.9016666666666637
50,37.37083333333334,12.629166666666663
18,34.175,-16.174999999999997
38,37.4,0.6000000000000014
40,34.515,5.484999999999999
26,37.88547619047619,-11.88547619047619
20,28.267862903225804,-8.267862903225804
22,32.117561919504645,-10.117561919504645
85,67.77566666666667,17.224333333333334
41,41.18166666666666,-0.18166666666665776
65,53.08,11.920000000000002
45,40.34,4.659999999999997
56,27.601845552297164,28.398154447702836
0,6.7266666666666675,-6.7266666666666675
42,42.695,-0.6950000000000003
0,0.1408037948594382,-0.1408037948594382
43,35.529476190476196,7.4705238095238045
38,38.7,-0.7000000000000028
0,0.7,-0.7
27,37.60333333333333,-10.603333333333332
4,26.679761904761907,-22.679761904761907
55,54.28,0.7199999999999989
36,19.13,16.87
60,53.088690476190465,6.9113095238095354
63,38.15036324786325,24.849636752136753
13,36.03,-23.03
39,33.11,5.890000000000001
54,44.54,9.46
44,36.83777777777778,7.162222222222219
49,39.455,9.545000000000002
1,3.847435897435898,-2.847435897435898
23,33.6375,-10.637500000000003
55,39.51333333333333,15.486666666666672
0,0.048700593435096716,-0.048700593435096716
0,31.828380952380954,-31.828380952380954
20,38.04633333333334,-18.046333333333337
36,31.280833333333334,4.719166666666666
66,59.61,6.390000000000001
46,43.409,2.591000000000001
66,45.56183333333333,20.438166666666667
0,12.430434782608694,-12.430434782608694
33,28.0,5.0
29,37.34,-8.340000000000003
23,22.82,0.17999999999999972
0,1.8127064266940396,-1.8127064266940396
24,34.98,-10.979999999999997
44,33.33,10.670000000000002
66,16.305,49.695
32,29.046666666666667,2.953333333333333
56,39.35,16.65
52,44.59,7.409999999999997
3,0.4759067590638421,2.524093240936158
49,40.509910714285716,8.490089285714284
70,47.688125,22.311875
65,47.26,17.740000000000002
53,36.916666666666664,16.083333333333336
53,18.342,34.658
47,42.85285714285715,4.147142857142853
22,24.17280534351145,-2.172805343511449
56,37.23844444444445,18.761555555555553
33,34.55333333333333,-1.5533333333333275
0,0.0,0.0
58,41.759787878787876,16.240212121212124
20,30.576,-10.576
45,41.95833333333333,3.0416666666666714
43,40.69,2.3100000000000023
44,35.08009523809524,8.91990476190476
12,30.366,-18.366
35,42.578,-7.578000000000003
24,26.983333333333334,-2.9833333333333343
27,39.31875,-12.318750000000001
23,25.18,-2.1799999999999997
56,51.02637931034483,4.973620689655171
78,67.25,10.75
0,5.186836054395568,-5.186836054395568
43,37.4,5.600000000000001
44,40.19,3.8100000000000023
0,4.0,-4.0
4,7.447380952380953,-3.4473809523809527
66,56.33716666666666,9.662833333333339
48,41.33,6.670000000000002
50,35.154895104895104,14.845104895104896
45,21.99222222222222,23.00777777777778
19,21.6475,-2.647500000000001
54,17.545214285714284,36.45478571428572
21,39.7118013136289,-18.711801313628897
40,37.37761904761905,2.6223809523809507
48,37.93,10.07
1,0.5176175768675769,0.4823824231324231
18,39.66911904761905,-21.66911904761905
0,9.41,-9.41
40,35.553333333333335,4.446666666666665
0,19.78666666666667,-19.78666666666667
23,32.58309523809523,-9.583095238095233
33,34.165,-1.1649999999999991
2,9.24,-7.24
19,37.58,-18.58
19,19.104666666666667,-0.10466666666666669
34,36.36333333333334,-2.363333333333337
68,54.077,13.923000000000002
66,44.724,21.276000000000003
31,31.22,-0.21999999999999886
0,2.4636779074414283,-2.4636779074414283
8,37.2625,-29.262500000000003
16,34.385,-18.384999999999998
12,35.015,-23.015
79,63.75075,15.249250000000004
36,34.25832814212641,1.741671857873591
0,0.0,0.0
24,41.17516666666666,-17.175166666666662
1,6.422729769933182,-5.422729769933182
38,29.4175,8.5825
38,31.64,6.359999999999999
39,35.41,3.5900000000000034
36,36.02569526143791,-0.025695261437910233
0,5.614322424017103,-5.614322424017103
68,58.985,9.015
1,1.0228270895770892,-0.022827089577089232
49,46.21683333333334,2.7831666666666592
67,54.9,12.100000000000001
39,34.94397619047619,4.056023809523808
48,42.121,5.878999999999998
45,38.97,6.030000000000001
40,39.152857142857144,0.8471428571428561
0,0.13516509214819886,-0.13516509214819886
44,43.793833333333325,0.20616666666667527
71,56.542307692307695,14.457692307692305
58,50.32666666666667,7.673333333333332
22,32.635,-10.634999999999998
0,0.27843124642815026,-0.27843124642815026
0,0.08607016350075342,-0.08607016350075342
71,61.145,9.854999999999997
6,39.504999999999995,-33.504999999999995
60,55.320263157894736,4.679736842105264
21,35.22,-14.219999999999999
68,55.785,12.215000000000003
31,31.7725,-0.7725000000000009
68,38.444738095238094,29.555261904761906
23,34.51,-11.509999999999998
21,37.167142857142856,-16.167142857142856
42,40.18214285714286,1.817857142857143
65,61.93,3.0700000000000003
39,31.31,7.690000000000001
53,58.79971428571429,-5.799714285714288
47,45.15,1.8500000000000014
0,0.4332448711419299,-0.4332448711419299
37,22.16,14.84
40,31.99,8.010000000000002
29,28.545,0.4549999999999983
14,28.9,-14.899999999999999
47,31.18916666666667,15.810833333333331
78,37.45039682539682,40.54960317460318
71,64.27714285714286,6.722857142857137
13,32.15090909090909,-19.15090909090909
33,37.891,-4.890999999999998
59,38.12916666666666,20.870833333333337
63,48.63833333333334,14.361666666666657
0,14.82875,-14.82875
28,40.05,-12.049999999999997
40,39.165,0.8350000000000009
62,59.46,2.539999999999999
69,62.72416666666666,6.275833333333338
54,50.2275,3.772500000000001
28,45.50333333333334,-17.503333333333337
39,41.58,-2.5799999999999983
24,20.653333333333336,3.346666666666664
20,30.87166666666667,-10.87166666666667
90,46.75899999999999,43.24100000000001
19,28.15,-9.149999999999999
0,0.3345847763347763,-0.3345847763347763
57,56.25,0.75
46,41.99,4.009999999999998
0,10.711805302275668,-10.711805302275668
55,47.69383333333333,7.30616666666667
17,13.36,3.6400000000000006
50,48.52,1.4799999999999969
5,15.425,-10.425
26,26.4,-0.3999999999999986
54,47.605,6.395000000000003
56,52.41,3.5900000000000034
0,31.455,-31.455
45,44.65,0.3500000000000014
16,26.73,-10.73
59,34.848045454545456,24.151954545454544
5,27.88,-22.88
18,39.751666666666665,-21.751666666666665
0,1.1285357142857142,-1.1285357142857142
25,37.56166666666667,-12.561666666666667
41,54.085,-13.085
61,49.74196969696969,11.25803030303031
44,37.41,6.590000000000003
41,30.31714285714286,10.682857142857141
0,20.062787563313876,-20.062787563313876
47,41.199,5.801000000000002
62,34.00666666666667,27.993333333333332
68,57.66590909090909,10.33409090909091
25,39.4975,-14.497500000000002
8,30.956666666666663,-22.956666666666663
23,39.67,-16.67
12,23.70714285714286,-11.707142857142859
45,42.63,2.3699999999999974
63,62.04,0.9600000000000009
44,39.14,4.859999999999999
52,39.18,12.82
27,26.38,0.620000000000001
35,28.16,6.84
5,14.07,-9.07
59,30.78,28.22
40,37.321999999999996,2.6780000000000044
23,32.56508064516129,-9.565080645161288
22,35.82,-13.82
52,39.46928571428572,12.530714285714282
41,32.931999999999995,8.068000000000005
26,39.802,-13.802
42,30.61,11.39
40,37.802166666666665,2.1978333333333353
30,44.59323809523809,-14.593238095238092
29,34.019,-5.018999999999998
21,34.44266666666667,-13.442666666666668
29,21.385,7.614999999999998
16,24.4,-8.399999999999999
0,41.93333333333334,-41.93333333333334
37,43.69166666666667,-6.69166666666667
56,27.33333333333333,28.66666666666667
0,0.23285339368234098,-0.23285339368234098
34,31.615714285714283,2.384285714285717
43,42.712888888888884,0.2871111111111162
57,37.830416666666665,19.169583333333335
0,0.03382892731669073,-0.03382892731669073
50,48.45333333333333,1.5466666666666669
22,36.245411764705885,-14.245411764705885
56,32.791,23.209000000000003
30,32.28,-2.280000000000001
57,44.21472222222223,12.785277777777772
0,10.09,-10.09
36,38.16,-2.1599999999999966
49,49.1675,-0.16749999999999687
23,23.43,-0.4299999999999997
48,37.98,10.020000000000003
50,36.748000000000005,13.251999999999995
0,20.213333333333335,-20.213333333333335
41,39.538333333333334,1.461666666666666
56,34.55806397306397,21.441936026936027
58,52.53216666666667,5.467833333333331
46,37.975,8.024999999999999
25,30.384444444444444,-5.384444444444444
25,35.13166666666667,-10.131666666666668
36,33.886642857142846,2.1133571428571543
1,2.12,-1.12
31,38.63,-7.630000000000003
24,31.03,-7.030000000000001
27,29.03095238095238,-2.0309523809523817
36,38.17,-2.1700000000000017
69,25.568333333333335,43.431666666666665
56,35.06633333333333,20.933666666666667
19,45.69833333333333,-26.69833333333333
54,44.09,9.909999999999997
22,36.071666666666665,-14.071666666666665
43,42.8,0.20000000000000284
27,41.7,-14.700000000000003
17,23.798282051282047,-6.798282051282047
27,31.188928571428573,-4.188928571428573
26,38.85636363636364,-12.856363636363639
69,46.262904226492466,22.737095773507534
72,70.16,1.8400000000000034
44,44.01,-0.00999999999999801
32,32.15,-0.14999999999999858
24,32.93343997668998,-8.933439976689982
52,32.80145363408521,19.198546365914787
0,1.45,-1.45
55,44.34,10.659999999999997
55,46.631,8.369
23,25.025,-2.0249999999999986
58,33.83333333333333,24.16666666666667
67,61.13500000000001,5.864999999999988
38,39.719166666666666,-1.7191666666666663
19,30.02,-11.02
43,42.44,0.5600000000000023
64,42.2375,21.762500000000003
21,36.34,-15.340000000000003
23,34.028666666666666,-11.028666666666666
38,38.564166666666665,-0.5641666666666652
16,33.18,-17.18
39,41.086499999999994,-2.086499999999994
40,37.728,2.2719999999999985
37,41.35,-4.350000000000001
28,31.5775,-3.5775000000000006
54,31.418333333333337,22.581666666666663
69,43.28607843137255,25.71392156862745
60,42.26265034965036,17.737349650349643
58,35.8975,22.1025
1,1.2831944444444445,-0.2831944444444445
0,0.03382892731669073,-0.03382892731669073
25,28.924285714285716,-3.924285714285716
44,40.72457142857142,3.275428571428577
28,32.4225,-4.422499999999999
12,18.875440476190477,-6.875440476190477
53,44.38928571428571,8.610714285714288
20,29.17590476190476,-9.17590476190476
12,27.435,-15.434999999999999
72,41.57633333333333,30.42366666666667
62,31.265,30.735
0,0.0,0.0
0,0.6001299468333524,-0.6001299468333524
38,37.32,0.6799999999999997
0,0.95,-0.95
53,53.0,0.0
59,38.59,20.409999999999997
42,36.73,5.270000000000003
22,22.51,-0.5100000000000016
58,33.769571428571425,24.230428571428575
31,32.2,-1.2000000000000028
21,28.212916666666665,-7.212916666666665
26,18.68,7.32
31,26.31,4.690000000000001
36,37.1,-1.1000000000000014
60,39.063,20.936999999999998
41,28.28333333333333,12.716666666666669
24,37.13,-13.130000000000003
0,2.7189774776852396,-2.7189774776852396
35,41.16,-6.159999999999997
43,42.33,0.6700000000000017
71,42.297,28.703000000000003
0,3.41,-3.41
50,39.85857142857142,10.141428571428577
40,41.02,-1.0200000000000031
44,44.29,-0.28999999999999915
0,1.1407629870129872,-1.1407629870129872
12,26.6575,-14.657499999999999
42,43.393815789473685,-1.3938157894736847
27,28.12,-1.120000000000001
34,36.765,-2.7650000000000006
54,36.34166666666667,17.65833333333333
38,41.87166666666667,-3.8716666666666697
23,30.93,-7.93
29,41.655,-12.655000000000001
49,42.71,6.289999999999999
51,40.78333333333333,10.216666666666669
69,51.79657142857144,17.20342857142856
0,5.75,-5.75
0,6.188714231760672,-6.188714231760672
83,51.047567987568,31.952432012432
0,0.06317060649478182,-0.06317060649478182
42,28.52,13.48
0,2.773333333333333,-2.773333333333333
1,1.4233549783549784,-0.4233549783549784
1,0.5606253467894335,0.43937465321056646
53,46.4925,6.5075
0,22.234080086580093,-22.234080086580093
44,19.13,24.87
82,43.966166666666666,38.033833333333334
78,71.14002777777777,6.8599722222222255
35,39.836999999999996,-4.836999999999996
19,34.66133333333333,-15.661333333333332
45,34.735,10.265
52,49.46,2.539999999999999
46,27.35333333333333,18.64666666666667
74,52.9,21.1
25,25.763333333333332,-0.7633333333333319
34,36.395,-2.395000000000003
14,25.889,-11.889
13,19.38,-6.379999999999999
28,38.735,-10.735
52,40.55083333333334,11.449166666666663
0,12.168125,-12.168125
0,1.09,-1.09
50,48.56,1.4399999999999977
9,25.78,-16.78
36,35.66,0.3400000000000034
73,67.86902597402597,5.130974025974027
0,6.9165714285714275,-6.9165714285714275
23,36.344142857142856,-13.344142857142856
4,14.82,-10.82
0,41.04357142857143,-41.04357142857143
37,27.14,9.86
0,5.186836054395568,-5.186836054395568
13,24.359897047397045,-11.359897047397045
19,23.51,-4.510000000000002
23,35.74666666666667,-12.74666666666667
48,37.38,10.619999999999997
62,40.868,21.131999999999998
49,36.67166666666667,12.328333333333333
22,22.84,-0.8399999999999999
12,36.911,-24.911
23,40.51,-17.509999999999998
66,55.46,10.54
38,41.76716666666667,-3.767166666666668
19,27.41,-8.41
45,41.92333333333333,3.076666666666668
51,34.99,16.009999999999998
41,29.52366758241758,11.47633241758242
39,39.36,-0.35999999999999943
0,0.0,0.0
51,49.13333333333334,1.86666666666666
43,35.6225,7.377499999999998
19,31.821000000000005,-12.821000000000005
62,61.82611435786436,0.1738856421356374
37,39.636944444444445,-2.6369444444444454
0,14.145,-14.145
56,44.4,11.600000000000001
58,37.87156956201693,20.12843043798307
57,47.93,9.07
64,44.60625,19.393749999999997
56,38.55307692307692,17.446923076923078
53,39.58785714285714,13.412142857142861
11,35.156666666666666,-24.156666666666666
73,64.125,8.875
10,32.94571428571428,-22.94571428571428
40,28.05722222222222,11.942777777777781
45,35.93130434782609,9.068695652173908
21,41.77216666666667,-20.77216666666667
31,34.09666666666667,-3.096666666666671
40,17.563333333333336,22.436666666666664
48,41.6,6.399999999999999
55,40.41,14.590000000000003
1,0.1747644789616588,0.8252355210383412
10,32.5,-22.5
38,44.52448051948052,-6.5244805194805195
23,41.528928571428565,-18.528928571428565
69,38.46133333333333,30.53866666666667
30,34.365,-4.365000000000002
0,39.448571428571434,-39.448571428571434
43,43.72,-0.7199999999999989
42,42.13,-0.13000000000000256
35,42.73,-7.729999999999997
56,33.1175,22.8825
18,24.942666666666664,-6.942666666666664
41,26.8,14.2
17,27.08,-10.079999999999998
0,1.3172355422355424,-1.3172355422355424
60,48.7273076923077,11.272692307692303
19,25.77,-6.77
0,9.17726807057705,-9.17726807057705
1,19.953333333333333,-18.953333333333333
28,27.629761904761907,0.3702380952380935
0,31.2,-31.2
34,23.574136904761904,10.425863095238096
25,29.116,-4.116
60,57.12,2.8800000000000026
0,0.0,0.0
38,36.99,1.009999999999998
23,41.73,-18.729999999999997
74,34.33,39.67
0,0.0,0.0
43,30.53,12.469999999999999
46,37.77576767676768,8.224232323232322
49,30.91111111111111,18.08888888888889
0,6.603853005813606,-6.603853005813606
53,24.211715686274506,28.788284313725494
50,26.35,23.65
39,39.34,-0.3400000000000034
1,8.3,-7.300000000000001
0,1.02,-1.02
49,39.806999999999995,9.193000000000005
51,39.27666666666667,11.72333333333333
0,0.98,-0.98
0,0.0,0.0
29,26.325,2.6750000000000007
45,31.477809523809523,13.522190476190477
1,7.286047619047618,-6.286047619047618
38,26.563026315789475,11.436973684210525
18,41.386,-23.386000000000003
21,41.58333333333334,-20.583333333333343
38,30.47,7.530000000000001
0,1.33,-1.33
0,0.257038361775823,-0.257038361775823
65,56.730714285714285,8.269285714285715
49,47.3,1.7000000000000028
61,51.9025,9.097499999999997
20,19.1935,0.8064999999999998
34,48.205,-14.204999999999998
25,40.37007142857143,-15.370071428571428
57,35.45,21.549999999999997
67,54.9,12.100000000000001
0,23.76,-23.76
17,28.662,-11.661999999999999
34,44.79,-10.79
45,40.620000000000005,4.3799999999999955
26,29.821666666666665,-3.8216666666666654
0,15.35,-15.35
0,0.20534523809523805,-0.20534523809523805
32,24.613249999999997,7.386750000000003
60,52.52,7.479999999999997
55,45.395,9.604999999999997
0,24.925,-24.925
41,34.604166666666664,6.395833333333336
19,40.161833333333334,-21.161833333333334
17,22.128,-5.128
29,38.928820512820515,-9.928820512820515
24,38.34,-14.340000000000003
5,10.45,-5.449999999999999
57,30.543571428571433,26.456428571428567
20,20.45,-0.4499999999999993
26,34.77,-8.770000000000003
47,40.55,6.450000000000003
68,57.15,10.850000000000001
25,42.692857142857136,-17.692857142857136
53,40.445,12.555
43,34.678000000000004,8.321999999999996
56,35.68238095238095,20.317619047619047
12,29.68,-17.68
20,36.67714864864865,-16.677148648648647
2,1.8127064266940396,0.18729357330596041
74,63.96625,10.033749999999998
85,47.68896864111498,37.31103135888502
52,44.662,7.338000000000001
19,42.10392857142857,-23.10392857142857
28,43.045,-15.045000000000002
5,3.3390431576077844,1.6609568423922156
20,32.4,-12.399999999999999
24,30.894166666666663,-6.8941666666666634
1,7.09,-6.09
23,37.81,-14.810000000000002
17,27.24,-10.239999999999998
47,43.84,3.1599999999999966
35,40.23833333333333,-5.23833333333333
36,36.56,-0.5600000000000023
0,0.0,0.0
43,42.11,0.8900000000000006
20,32.035,-12.034999999999997
35,36.58416666666667,-1.5841666666666683
35,30.604,4.396000000000001
55,44.50617647058824,10.493823529411763
36,43.42,-7.420000000000002
72,60.772285714285715,11.227714285714285
43,36.14923913043478,6.850760869565221
18,36.596,-18.595999999999997
4,35.73422619047619,-31.734226190476193
29,33.09,-4.090000000000003
33,29.961444444444442,3.0385555555555577
13,18.74,-5.739999999999998
1,4.4664153281359145,-3.4664153281359145
19,17.73,1.2699999999999996
39,38.47784210526316,0.5221578947368428
45,43.29,1.7100000000000009
41,40.68333333333333,0.31666666666667
61,53.72,7.280000000000001
70,30.19,39.81
54,29.8025,24.1975
20,36.748511904761905,-16.748511904761905
39,40.27166666666667,-1.2716666666666683
63,37.77,25.229999999999997
24,23.926666666666666,0.07333333333333414
56,47.06375,8.936250000000001
39,31.773948564005703,7.226051435994297
24,43.736999999999995,-19.736999999999995
45,44.54,0.46000000000000085
72,57.10285714285714,14.89714285714286
27,33.61,-6.609999999999999
62,44.24,17.759999999999998
39,37.24153846153846,1.758461538461539
62,51.91844444444445,10.081555555555553
66,45.38,20.619999999999997
3,35.17633333333333,-32.17633333333333
22,38.84957142857142,-16.849571428571423
38,37.69500000000001,0.3049999999999926
31,36.292,-5.292000000000002
19,37.31333333333333,-18.313333333333333
29,31.245,-2.245000000000001
33,45.07452380952381,-12.07452380952381
26,31.86,-5.859999999999999
32,33.87,-1.8699999999999974
79,64.28333333333333,14.716666666666669
52,35.705,16.295
26,28.07681818181818,-2.0768181818181795
0,0.0,0.0
38,36.84,1.1599999999999966
36,35.35538820455394,0.6446117954460604
48,31.508000000000003,16.491999999999997
0,17.24,-17.24
21,35.015,-14.015
1,41.76,-40.76
52,40.77333333333333,11.226666666666667
76,67.598,8.402000000000001
11,29.525833333333335,-18.525833333333335
0,27.58458333333333,-27.58458333333333
4,1.1532498291524909,2.846750170847509
40,36.3,3.700000000000003
40,35.553333333333335,4.446666666666665
0,6.324,-6.324
89,44.03166666666666,44.96833333333334
70,57.36,12.64
32,33.66,-1.6599999999999966
30,28.77,1.2300000000000004
0,6.84,-6.84
58,57.07,0.9299999999999997
63,43.80114285714286,19.198857142857143
45,43.96,1.0399999999999991
17,32.41272727272727,-15.412727272727267
28,42.242,-14.241999999999997
41,37.7655,3.234499999999997
20,27.191111111111113,-7.191111111111113
21,31.65,-10.649999999999999
13,25.02,-12.02
28,28.01,-0.010000000000001563
34,38.65,-4.649999999999999
19,33.01315789473684,-14.013157894736842
24,22.89666666666667,1.1033333333333317
60,26.88,33.120000000000005
26,28.91,-2.91
58,43.76342712842714,14.23657287157286
0,12.64625,-12.64625
1,18.684272727272727,-17.684272727272727
36,39.97383333333334,-3.9738333333333387
28,33.66,-5.659999999999997
31,29.705857487922703,1.294142512077297
39,40.58353333333333,-1.5835333333333281
0,0.0,0.0
18,35.01333333333333,-17.01333333333333
46,38.97075,7.0292499999999976
21,29.6775,-8.677499999999998
0,0.20263888888888879,-0.20263888888888879
0,27.484,-27.484
43,34.61516666666667,8.384833333333333
12,27.87,-15.870000000000001
50,39.42,10.579999999999998
0,4.422238095238096,-4.422238095238096
48,44.19228571428572,3.807714285714283
56,49.644,6.356000000000002
48,35.82,12.18
39,37.46666666666667,1.5333333333333314
59,37.81916666666667,21.180833333333332
28,20.76,7.239999999999998
37,36.04666666666667,0.9533333333333331
4,27.10666666666667,-23.10666666666667
65,54.044,10.956000000000003
38,38.48,-0.4799999999999969
40,32.12,7.880000000000003
1,9.78,-8.78
0,3.4558058952674418,-3.4558058952674418
82,42.37,39.63
51,20.413333333333334,30.586666666666666
53,48.235,4.765000000000001
54,43.56742105263157,10.432578947368427
7,25.27348484848485,-18.27348484848485
31,37.07166666666667,-6.0716666666666725
55,27.97,27.03
10,39.92611111111111,-29.926111111111112
1,25.285,-24.285
51,45.56263492063493,5.4373650793650725
56,49.5025,6.497500000000002
22,28.730512820512818,-6.730512820512818
13,33.06177777777778,-20.061777777777777
41,39.124,1.8759999999999977
21,22.455,-1.4549999999999983
58,50.97333333333333,7.026666666666671
49,42.05104761904762,6.948952380952377
0,0.65,-0.65
46,40.90714285714286,5.092857142857142
0,11.434214285714285,-11.434214285714285
22,33.9352380952381,-11.935238095238098
61,52.18,8.82
0,9.4015,-9.4015
47,42.73105263157895,4.268947368421053
39,35.05466666666667,3.9453333333333305
57,37.56242857142856,19.437571428571438
43,38.095,4.905000000000001
22,14.128333333333332,7.871666666666668
40,33.33333333333333,6.666666666666671
18,24.59,-6.59
25,30.11981837606838,-5.11981837606838
34,41.53616666666667,-7.5361666666666665
60,38.09,21.909999999999997
67,36.311166666666665,30.688833333333335
37,36.019558823529415,0.9804411764705847
15,33.06430303030303,-18.06430303030303
48,35.48118129571578,12.518818704284222
58,41.24666666666667,16.75333333333333
48,47.04,0.9600000000000009
39,29.568,9.431999999999999
0,15.47,-15.47
56,25.63333333333333,30.36666666666667
10,42.56,-32.56
3,10.31,-7.3100000000000005
1,0.0,1.0
0,8.505,-8.505
38,36.18,1.8200000000000003
57,51.45688235294117,5.543117647058828
24,28.795,-4.795000000000002
0,42.00549999999999,-42.00549999999999
0,0.0,0.0
23,34.695,-11.695
17,30.3525,-13.3525
19,33.491,-14.491
0,37.43730994152047,-37.43730994152047
49,26.524,22.476
47,42.75557692307692,4.244423076923077
17,19.805075757575757,-2.8050757575757572
16,23.14,-7.140000000000001
0,0.22139725844653843,-0.22139725844653843
0,0.22139725844653843,-0.22139725844653843
64,56.2,7.799999999999997
0,26.598333333333336,-26.598333333333336
58,53.12,4.880000000000003
52,40.13333333333333,11.866666666666667
44,51.45500000000001,-7.4550000000000125
39,28.97,10.030000000000001
64,56.49,7.509999999999998
18,34.1975,-16.197499999999998
0,0.0,0.0
42,39.56,2.4399999999999977
0,9.98,-9.98
50,34.053333333333335,15.946666666666665
76,60.411476190476186,15.588523809523814
66,63.635,2.365000000000002
0,39.39977808302808,-39.39977808302808
67,36.97138888888889,30.02861111111111
51,39.872095238095234,11.127904761904766
22,29.386666666666667,-7.386666666666667
0,10.5225,-10.5225
32,47.202666666666666,-15.202666666666666
13,28.612222222222222,-15.612222222222222
27,29.148000000000003,-2.1480000000000032
33,27.57,5.43
21,24.895,-3.8949999999999996
0,1.2348416583416582,-1.2348416583416582
29,40.1275,-11.127499999999998
51,38.01,12.990000000000002
45,26.185,18.815
32,30.63,1.370000000000001
0,32.19403846153846,-32.19403846153846
54,44.83,9.170000000000002
50,23.89,26.11
39,30.611149122807014,8.388850877192986
67,38.42204761904762,28.577952380952382
26,34.71000000000001,-8.710000000000008
26,33.07,-7.07
0,38.65062433862434,-38.65062433862434
37,32.89595238095238,4.10404761904762
57,40.67666666666666,16.323333333333338
52,34.5525,17.447499999999998
43,43.14666666666666,-0.14666666666666117
28,21.751481481481477,6.248518518518523
10,26.050466666666665,-16.050466666666665
0,0.08607016350075342,-0.08607016350075342
44,34.92090909090909,9.079090909090908
16,28.49666666666667,-12.49666666666667
51,38.11666666666667,12.883333333333333
30,37.885,-7.884999999999998
29,32.36266666666667,-3.3626666666666694
76,55.72,20.28
0,56.44,-56.44
20,20.21,-0.21000000000000085
26,39.473333333333336,-13.473333333333336
0,15.434444444444443,-15.434444444444443
12,18.46,-6.460000000000001
42,36.704,5.295999999999999
21,36.18600000000001,-15.186000000000007
20,45.66,-25.659999999999997
4,37.70625,-33.70625
48,31.116666666666664,16.883333333333336
16,43.95563909774436,-27.95563909774436
22,34.12666666666667,-12.126666666666672
0,1.1532498291524909,-1.1532498291524909
37,39.07,-2.0700000000000003
19,36.29,-17.29
44,43.64057142857142,0.3594285714285803
44,29.5825,14.4175
56,49.93333333333334,6.066666666666663
9,25.49,-16.49
43,46.82333333333334,-3.8233333333333377
33,27.122,5.878
21,27.65166666666667,-6.651666666666671
72,43.40555555555556,28.59444444444444
63,43.99872748917749,19.00127251082251
39,30.81264009661836,8.18735990338164
25,28.46,-3.460000000000001
37,35.14071428571428,1.8592857142857184
0,0.08607016350075342,-0.08607016350075342
19,39.86234848484848,-20.862348484848482
0,19.8425,-19.8425
35,39.25816666666667,-4.258166666666668
24,24.76366666666667,-0.7636666666666692
39,39.01,-0.00999999999999801
81,32.36734523809523,48.63265476190477
46,46.586000000000006,-0.5860000000000056
0,9.14,-9.14
68,67.83,0.1700000000000017
12,17.108853535353536,-5.108853535353536
50,48.67,1.3299999999999983
41,43.46,-2.460000000000001
62,33.446111111111115,28.553888888888885
0,28.160714285714285,-28.160714285714285
0,0.0,0.0
10,20.761666666666667,-10.761666666666667
47,44.41,2.5900000000000034
8,12.285,-4.285
0,0.0,0.0
2,4.714333333333333,-2.7143333333333333
0,0.0,0.0
42,41.826,0.1739999999999995
45,41.446588235294115,3.553411764705885
54,48.04,5.960000000000001
25,33.12403318903319,-8.124033189033192
26,38.93508333333333,-12.935083333333331
23,40.81933333333333,-17.819333333333333
18,19.51,-1.5100000000000016
55,50.939499999999995,4.060500000000005
24,26.336349206349205,-2.3363492063492046
60,55.1525,4.847499999999997
0,32.044303030303034,-32.044303030303034
48,34.25357142857143,13.746428571428567
38,41.76083333333334,-3.7608333333333377
21,27.94,-6.940000000000001
38,39.608000000000004,-1.608000000000004
0,0.5908208735708735,-0.5908208735708735
33,28.15,4.850000000000001
25,30.155,-5.155000000000001
59,43.82333333333333,15.17666666666667
41,36.72,4.280000000000001
46,42.5,3.5
19,32.85,-13.850000000000001
60,31.004166666666666,28.995833333333334
36,31.626190476190477,4.373809523809523
48,40.08,7.920000000000002
55,36.306666666666665,18.693333333333335
9,20.885,-11.885000000000002
50,42.99,7.009999999999998
56,50.581708333333324,5.418291666666676
30,39.77,-9.770000000000003
0,4.22,-4.22
21,18.03558803827751,2.96441196172249
61,53.375,7.625
47,49.6,-2.6000000000000014
51,46.57,4.43
24,31.316666666666666,-7.316666666666666
0,0.0,0.0
12,22.5582530941405,-10.5582530941405
17,23.741,-6.741
45,34.32333333333334,10.676666666666662
43,41.71514285714286,1.2848571428571418
12,13.99,-1.9900000000000002
48,29.591428571428573,18.408571428571427
44,42.9525,1.0474999999999994
61,37.42,23.58
59,49.74,9.259999999999998
58,44.85,13.149999999999999
51,36.31998484848484,14.680015151515157
11,24.4,-13.399999999999999
11,21.950678433535575,-10.950678433535575
35,37.75714285714286,-2.75714285714286
0,12.62,-12.62
43,38.825,4.174999999999997
55,49.99,5.009999999999998
34,36.147587719298244,-2.1475877192982438
0,0.0,0.0
51,44.21,6.789999999999999
30,31.295166666666663,-1.2951666666666632
7,22.48,-15.48
48,39.63,8.369999999999997
40,40.32,-0.3200000000000003
55,31.61,23.39
24,36.22,-12.219999999999999
43,41.82,1.1799999999999997
0,2.81,-2.81
53,50.46333333333333,2.536666666666669
37,35.55,1.4500000000000028
44,39.43333333333333,4.56666666666667
34,36.89,-2.8900000000000006
62,42.129670329670326,19.870329670329674
0,12.268888888888888,-12.268888888888888
47,36.56716666666667,10.432833333333328
0,2.1191002886002885,-2.1191002886002885
57,37.3135119047619,19.686488095238097
21,27.884,-6.884
1,14.036666666666667,-13.036666666666667
45,43.86,1.1400000000000006
41,41.66333333333333,-0.6633333333333269
37,33.38852941176471,3.611470588235292
58,44.99,13.009999999999998
66,58.42333333333333,7.576666666666668
23,25.246666666666666,-2.246666666666666
55,31.833333333333336,23.166666666666664
26,27.827142857142857,-1.8271428571428565
24,37.6875,-13.6875
44,41.17,2.8299999999999983
39,38.858000000000004,0.1419999999999959
72,67.84,4.159999999999997
1,1.7171904761904762,-0.7171904761904762
23,38.6275,-15.627499999999998
12,40.25489393939394,-28.254893939393938
47,25.427486263736263,21.572513736263737
33,45.43011111111111,-12.43011111111111
20,20.245,-0.245000000000001
56,31.499000000000002,24.500999999999998
59,55.34,3.6599999999999966
10,27.622857142857143,-17.622857142857143
0,4.03,-4.03
0,6.84,-6.84
0,37.565,-37.565
46,41.04,4.960000000000001
16,16.65,-0.6499999999999986
31,37.068333333333335,-6.068333333333335
73,61.59,11.409999999999997
51,50.52,0.4799999999999969
31,43.01219047619047,-12.012190476190469
0,6.058333333333334,-6.058333333333334
5,33.345333333333336,-28.345333333333336
60,21.722571428571438,38.27742857142856
7,25.45940476190476,-18.45940476190476
0,0.257038361775823,-0.257038361775823
41,48.81166666666667,-7.811666666666667
21,31.35,-10.350000000000001
0,2.94,-2.94
43,35.65,7.350000000000001
36,30.63333333333333,5.366666666666671
57,44.97,12.030000000000001
21,35.27357142857143,-14.27357142857143
66,55.47,10.530000000000001
27,37.59833333333333,-10.59833333333333
37,38.5075,-1.5075000000000003
0,40.85833333333333,-40.85833333333333
44,36.87,7.130000000000003
15,16.8,-1.8000000000000007
21,44.633,-23.633000000000003
51,46.784,4.216000000000001
41,39.83,1.1700000000000017
56,34.38123774509804,21.61876225490196
65,62.79,2.210000000000001
55,46.985,8.015
65,58.775,6.225000000000001
40,30.0,10.0
46,44.74,1.259999999999998
11,26.3,-15.3
0,37.221851851851845,-37.221851851851845
58,50.37978571428572,7.620214285714283
63,51.36,11.64
1,0.829534992784993,0.17046500721500701
20,18.05,1.9499999999999993
0,0.5504328865578865,-0.5504328865578865
77,44.307142857142864,32.692857142857136
31,41.278333333333336,-10.278333333333336
69,59.06333333333333,9.936666666666667
54,38.055142857142854,15.944857142857146
24,44.465,-20.465000000000003
30,31.48436781609195,-1.4843678160919502
56,52.67444444444445,3.325555555555553
0,0.35,-0.35
20,31.4,-11.399999999999999
21,33.64,-12.64
43,35.17166666666667,7.828333333333333
40,33.57524242424242,6.424757575757582
3,0.7166253746253743,2.2833746253746257
16,22.53153846153846,-6.53153846153846
58,40.020380952380954,17.979619047619046
35,40.68035714285714,-5.68035714285714
70,43.194250000000004,26.805749999999996
26,47.235,-21.235
1,4.92,-3.92
0,37.858000000000004,-37.858000000000004
61,41.9175,19.082500000000003
10,24.491428571428568,-14.491428571428568
54,41.615,12.384999999999998
87,83.6,3.4000000000000057
29,33.62,-4.619999999999997
33,37.38666666666667,-4.38666666666667
48,45.05,2.950000000000003
16,28.537,-12.536999999999999
28,32.34685714285715,-4.3468571428571465
0,1.891869047619048,-1.891869047619048
13,20.6275,-7.627500000000001
0,1.92,-1.92
46,37.218333333333334,8.781666666666666
49,51.04113636363636,-2.0411363636363618
39,37.803333333333335,1.1966666666666654
0,14.32,-14.32
17,32.4,-15.399999999999999
51,34.23166666666667,16.76833333333333
33,23.44,9.559999999999999
15,37.11333333333334,-22.113333333333337
44,37.97,6.030000000000001
25,29.525,-4.524999999999999
0,23.184,-23.184
7,33.472,-26.472
59,56.25,2.75
16,25.11,-9.11
56,57.15630447330448,-1.1563044733044805
55,48.990666666666655,6.009333333333345
40,33.66,6.340000000000003
84,64.86,19.14
34,34.20416666666667,-0.20416666666667282
62,52.782333333333334,9.217666666666666
80,77.54,2.4599999999999937
44,38.1375,5.862499999999997
47,44.44,2.5600000000000023
17,24.97,-7.969999999999999
14,17.49,-3.4899999999999984
28,37.63,-9.630000000000003
23,19.06,3.9400000000000013
47,30.57,16.43
0,0.5606253467894335,-0.5606253467894335
22,20.78,1.2199999999999989
56,45.30333333333334,10.696666666666658
1,3.43564059504879,-2.43564059504879
37,47.39464285714286,-10.394642857142863
21,25.11,-4.109999999999999
53,52.58,0.4200000000000017
47,47.07,-0.07000000000000028
20,30.097083333333334,-10.097083333333334
22,35.245,-13.244999999999997
83,30.785833333333336,52.214166666666664
20,29.754,-9.754000000000001
29,18.3,10.7
24,24.95,-0.9499999999999993
31,36.4,-5.399999999999999
80,41.9625,38.0375
12,18.0,-6.0
26,37.32,-11.32
0,6.7825,-6.7825
13,12.55,0.4499999999999993
26,34.10999999999999,-8.109999999999992
23,35.739000000000004,-12.739000000000004
46,48.22428571428571,-2.2242857142857133
53,38.177955182072836,14.822044817927164
28,34.08,-6.079999999999998
0,3.36,-3.36
28,37.925666666666665,-9.925666666666665
22,40.663000000000004,-18.663000000000004
47,43.98,3.020000000000003
26,18.667261904761904,7.332738095238096
20,30.372833333333332,-10.372833333333332
47,43.94,3.0600000000000023
36,40.321714285714286,-4.321714285714286
74,51.214,22.786
0,1.2392631442919038,-1.2392631442919038
22,27.09,-5.09
0,23.089999999999996,-23.089999999999996
20,28.704,-8.704
58,36.995,21.005000000000003
56,50.70538095238096,5.294619047619037
21,30.69,-9.690000000000001
23,44.864444444444445,-21.864444444444445
43,34.04642857142857,8.95357142857143
62,40.9202380952381,21.079761904761902
61,43.27707936507936,17.72292063492064
4,10.199043638052773,-6.199043638052773
31,32.91,-1.9099999999999966
66,51.49,14.509999999999998
3,9.56,-6.5600000000000005
70,56.4275,13.572499999999998
1,37.46044300144299,-36.46044300144299
0,1.55,-1.55
63,53.11,9.89
50,27.733238095238097,22.266761904761903
36,42.24683333333333,-6.246833333333328
36,38.74916666666667,-2.7491666666666674
12,33.45317948717948,-21.453179487179483
23,43.58197619047619,-20.58197619047619
68,37.30348484848484,30.696515151515158
63,37.94333333333333,25.056666666666672
62,42.23,19.770000000000003
32,32.08,-0.0799999999999983
22,28.54483333333333,-6.5448333333333295
17,12.8,4.199999999999999
19,27.520833333333336,-8.520833333333336
11,22.78,-11.780000000000001
0,12.8,-12.8
26,42.86714285714286,-16.86714285714286
59,49.15830952380952,9.841690476190479
23,32.68333333333333,-9.68333333333333
67,64.9,2.0999999999999943
66,36.11933333333334,29.880666666666663
20,24.52,-4.52
51,48.73,2.270000000000003
5,34.313,-29.313000000000002
68,57.203125,10.796875
14,36.16,-22.159999999999997
21,25.266190476190477,-4.266190476190477
54,30.473540501165502,23.526459498834498
51,44.9,6.100000000000001
46,38.68075438596491,7.31924561403509
8,19.81,-11.809999999999999
0,19.55,-19.55
32,41.1275,-9.127499999999998
57,56.33,0.6700000000000017
1,3.3700238095238104,-2.3700238095238104
15,27.888333333333335,-12.888333333333335
41,36.35748106060606,4.642518939393938
35,27.246785714285714,7.753214285714286
37,41.48916666666667,-4.489166666666669
20,21.53889743589744,-1.5388974358974394
0,0.07239832455621265,-0.07239832455621265
22,36.55,-14.549999999999997
40,29.078857142857135,10.921142857142865
39,45.57392857142857,-6.573928571428567
0,4.07,-4.07
21,39.96333333333334,-18.96333333333334
45,39.4,5.600000000000001
43,37.64878114478115,5.351218855218853
31,20.521555555555555,10.478444444444445
12,37.696666666666665,-25.696666666666665
68,36.79464285714286,31.20535714285714
0,12.695,-12.695
0,41.82538461538461,-41.82538461538461
62,22.79,39.21
62,51.03,10.969999999999999
50,33.63,16.369999999999997
75,72.66049999999998,2.3395000000000152
19,42.346666666666664,-23.346666666666664
0,0.6116666666666667,-0.6116666666666667
57,39.78333333333333,17.21666666666667
32,38.7975,-6.797499999999999
31,44.2925,-13.292499999999997
22,30.82,-8.82
17,28.27,-11.27
31,35.60581481481481,-4.6058148148148135
0,12.4875,-12.4875
33,36.89,-3.8900000000000006
61,48.915,12.085
20,31.289055555555557,-11.289055555555557
65,38.019926948051946,26.980073051948054
8,8.55,-0.5500000000000007
27,33.657696969696964,-6.657696969696964
16,25.575833333333332,-9.575833333333332
45,45.62954545454546,-0.6295454545454575
1,5.7940661283161266,-4.7940661283161266
38,42.33277777777777,-4.332777777777771
0,15.889805795511672,-15.889805795511672
33,37.415000000000006,-4.415000000000006
49,40.148690476190474,8.851309523809526
19,23.5,-4.5
39,39.52,-0.5200000000000031
32,31.461666666666666,0.538333333333334
22,31.115333333333332,-9.115333333333332
55,45.07094202898551,9.929057971014487
25,24.475,0.5249999999999986
51,41.3875,9.612499999999997
55,49.23583333333334,5.764166666666661
22,30.575,-8.575
23,40.97,-17.97
22,25.51,-3.5100000000000016
48,43.28666666666666,4.713333333333338
22,35.861999999999995,-13.861999999999995
24,24.78,-0.7800000000000011
43,26.2125,16.7875
0,35.1875,-35.1875
47,36.178666666666665,10.821333333333335
17,32.38545454545454,-15.385454545454543
44,33.532,10.468000000000004
37,30.367245999614426,6.6327540003855745
43,39.8825,3.1174999999999997
0,13.62658286349771,-13.62658286349771
53,35.39,17.61
3,2.3745119047619045,0.6254880952380955
0,32.467,-32.467
9,22.12,-13.120000000000001
0,5.614322424017103,-5.614322424017103
46,42.65533333333333,3.3446666666666687
41,39.55733333333333,1.4426666666666677
58,26.06083333333333,31.93916666666667
75,62.31333333333333,12.686666666666667
0,6.02,-6.02
46,45.33333333333334,0.6666666666666572
31,37.233000000000004,-6.233000000000004
67,40.41077777777778,26.58922222222222
8,30.704,-22.704
19,44.24966666666667,-25.24966666666667
56,46.28666666666666,9.713333333333338
48,31.38,16.62
25,32.01,-7.009999999999998
40,45.16071428571429,-5.160714285714292
0,0.0,0.0
1,1.1479938479658163,-0.14799384796581627
52,41.25,10.75
0,18.73166666666667,-18.73166666666667
33,32.029782051282055,0.970217948717945
31,34.06633333333333,-3.0663333333333327
31,33.87,-2.8699999999999974
49,44.8975,4.102499999999999
66,65.25,0.75
75,64.66199999999999,10.338000000000008
35,34.735,0.26500000000000057
0,0.7232299082989195,-0.7232299082989195
52,42.914375,9.085625
7,31.49159090909091,-24.49159090909091
43,35.61333333333334,7.386666666666663
22,23.44,-1.4400000000000013
53,43.96459122632103,9.035408773678967
0,0.2083797313797313,-0.2083797313797313
37,31.565000000000005,5.434999999999995
1,0.8206825396825396,0.17931746031746043
55,23.53666666666667,31.46333333333333
27,29.787,-2.786999999999999
20,29.26,-9.260000000000002
5,23.2,-18.2
38,38.27,-0.2700000000000031
64,53.47,10.530000000000001
0,39.835,-39.835
2,0.7031768688827513,1.2968231311172487
35,35.98,-0.9799999999999969
63,43.733714285714285,19.266285714285715
21,23.76,-2.7600000000000016
19,19.60611111111111,-0.6061111111111117
40,39.46,0.5399999999999991
0,16.260833333333334,-16.260833333333334
55,44.57625,10.423749999999998
57,54.05,2.950000000000003
33,37.83380952380953,-4.833809523809528
2,2.79,-0.79
44,35.53218181818182,8.467818181818181
0,0.14867513788091916,-0.14867513788091916
25,31.75,-6.75
33,35.24,-2.240000000000002
24,40.165,-16.165
67,62.98,4.020000000000003
33,38.16383333333333,-5.163833333333329
38,28.5,9.5
25,36.533166666666666,-11.533166666666666
0,1.497519403173443,-1.497519403173443
48,42.95833333333334,5.041666666666657
39,39.266666666666666,-0.2666666666666657
27,43.96787878787878,-16.96787878787878
51,40.318333333333335,10.681666666666665
79,71.075,7.924999999999997
33,18.167,14.832999999999998
1,15.497777777777777,-14.497777777777777
0,20.75,-20.75
57,42.49142857142857,14.508571428571429
29,33.01,-4.009999999999998
35,35.42,-0.4200000000000017
0,0.956803929546159,-0.956803929546159
41,40.29756703296704,0.7024329670329621
62,36.71047619047619,25.289523809523807
50,36.61157569391393,13.388424306086073
44,43.89,0.10999999999999943
40,35.77,4.229999999999997
21,22.84166666666667,-1.8416666666666686
38,41.04311111111111,-3.0431111111111093
25,31.491428571428568,-6.4914285714285676
32,23.405,8.594999999999999
36,25.705,10.295000000000002
66,65.29,0.7099999999999937
23,31.91,-8.91
47,35.17430952380953,11.825690476190474
44,44.26,-0.259999999999998
20,26.77,-6.77
0,0.0,0.0
11,23.75,-12.75
71,57.04,13.96
24,19.043333333333337,4.9566666666666634
77,74.42,2.5799999999999983
57,48.67133333333333,8.32866666666667
20,36.42,-16.42
45,45.03666666666666,-0.03666666666666174
45,39.479166666666664,5.520833333333336
33,31.09777777777778,1.9022222222222211
0,2.73,-2.73
45,42.894285714285715,2.105714285714285
28,35.255,-7.255000000000003
71,39.18222222222222,31.817777777777778
23,37.23523809523809,-14.235238095238088
43,35.49,7.509999999999998
0,11.84,-11.84
81,54.508402777777775,26.491597222222225
80,63.07333333333333,16.92666666666667
37,31.91,5.09
9,21.67,-12.670000000000002
19,28.42,-9.420000000000002
54,49.90666666666666,4.093333333333341
25,35.83,-10.829999999999998
21,32.30287878787879,-11.30287878787879
43,36.81666666666666,6.183333333333337
26,44.37,-18.369999999999997
53,46.96,6.039999999999999
29,35.44,-6.439999999999998
39,31.212666666666664,7.787333333333336
58,53.42333333333333,4.576666666666668
36,46.68900000000001,-10.689000000000007
24,25.22,-1.2199999999999989
51,39.8525,11.1475
55,43.5875,11.412500000000001
43,46.665,-3.664999999999999
25,43.66738095238095,-18.667380952380952
20,13.26375,6.73625
33,31.41,1.5899999999999999
20,45.56,-25.560000000000002
0,3.838333333333334,-3.838333333333334
34,34.055,-0.054999999999999716
28,29.879991064491065,-1.8799910644910653
17,30.583,-13.582999999999998
80,6.015452380952379,73.98454761904762
2,1.497519403173443,0.5024805968265571
0,2.3625,-2.3625
35,33.62533333333333,1.3746666666666698
5,28.686,-23.686
17,42.98214285714286,-25.98214285714286
48,17.886,30.114
20,18.12,1.879999999999999
0,8.335914868607555,-8.335914868607555
64,42.6925,21.307499999999997
18,41.73661904761905,-23.73661904761905
19,32.479166666666664,-13.479166666666664
50,45.579333333333324,4.420666666666676
9,23.566785714285714,-14.566785714285714
46,38.326709956709955,7.673290043290045
71,58.78,12.219999999999999
56,51.4175,4.582500000000003
26,20.641,5.359000000000002
0,14.563333333333333,-14.563333333333333
26,25.49,0.5100000000000016
24,34.376666666666665,-10.376666666666665
58,48.307857142857145,9.692142857142855
1,1.62,-0.6200000000000001
22,31.1545,-9.154499999999999
54,48.32,5.68
21,40.495,-19.494999999999997
53,26.25,26.75
55,51.486000000000004,3.513999999999996
42,38.646796296296294,3.3532037037037057
48,43.70083333333334,4.2991666666666575
31,36.31666666666666,-5.316666666666663
13,37.37887362637363,-24.378873626373633
56,52.035,3.9650000000000034
52,40.391999999999996,11.608000000000004
37,39.42,-2.4200000000000017
41,34.306666666666665,6.693333333333335
58,50.391333333333336,7.6086666666666645
52,38.00833333333333,13.991666666666667
0,1.1851534347448085,-1.1851534347448085
53,28.52166666666667,24.47833333333333
51,38.53368421052632,12.466315789473683
47,46.643924242424234,0.35607575757576626
12,39.4365,-27.436500000000002
50,50.0,0.0
66,29.06,36.94
0,3.36,-3.36
18,34.27434782608696,-16.27434782608696
20,33.23,-13.229999999999997
62,59.89,2.1099999999999994
15,37.0,-22.0
60,54.79095238095238,5.209047619047617
60,53.74,6.259999999999998
47,46.1,0.8999999999999986
46,42.510625,3.4893750000000026
25,34.035,-9.034999999999997
21,24.13,-3.129999999999999
0,0.0,0.0
27,21.09166666666667,5.908333333333331
0,21.025,-21.025
19,27.766666666666666,-8.766666666666666
34,34.55416666666667,-0.5541666666666671
21,15.75,5.25
26,30.72,-4.719999999999999
24,39.97708333333333,-15.977083333333333
54,41.71,12.29
22,36.96,-14.96
21,25.8725,-4.872499999999999
47,35.151666666666664,11.848333333333336
37,35.49,1.509999999999998
21,28.07,-7.07
43,39.2,3.799999999999997
0,0.86,-0.86
40,40.046,-0.045999999999999375
46,29.585638528138524,16.414361471861476
0,13.46,-13.46
39,35.608333333333334,3.3916666666666657
32,29.55,2.4499999999999993
12,33.99886363636364,-21.998863636363637
44,43.84333333333334,0.15666666666665918
20,41.37,-21.369999999999997
0,6.12630772005772,-6.12630772005772
29,26.011999999999997,2.988000000000003
2,0.5893779553779551,1.4106220446220448
60,43.41666666666666,16.583333333333343
26,44.42606063122923,-18.426060631229227
0,0.15803832756585479,-0.15803832756585479
40,42.07833333333334,-2.0783333333333402
48,35.276666666666664,12.723333333333336
58,36.9,21.1
18,23.003333333333334,-5.003333333333334
37,37.7715,-0.7715000000000032
27,41.82695588235294,-14.82695588235294
35,40.05,-5.049999999999997
49,24.4885,24.5115
37,39.795,-2.7950000000000017
64,61.39,2.6099999999999994
26,23.436666666666664,2.563333333333336
44,44.26,-0.259999999999998
27,32.41166666666667,-5.411666666666669
56,45.375,10.625
22,32.80166666666666,-10.801666666666662
45,47.284166666666664,-2.284166666666664
26,32.50490082966036,-6.504900829660357
37,36.08,0.9200000000000017
34,31.613333333333333,2.3866666666666667
47,34.63363636363636,12.366363636363637
0,4.15,-4.15
68,63.08,4.920000000000002
63,59.79621212121212,3.203787878787878
19,30.035,-11.035
36,38.22,-2.219999999999999
51,48.979523809523805,2.020476190476195
45,45.91428571428572,-0.9142857142857181
55,34.190666666666665,20.809333333333335
0,0.15803832756585479,-0.15803832756585479
34,36.3,-2.299999999999997
23,38.425476190476196,-15.425476190476196
21,25.37166666666667,-4.37166666666667
63,61.95,1.0499999999999972
0,0.0,0.0
9,13.9,-4.9
60,49.26,10.740000000000002
21,23.13,-2.129999999999999
1,1.0,0.0
45,44.2,0.7999999999999972
0,0.03382892731669073,-0.03382892731669073
0,0.2859250471750471,-0.2859250471750471
53,31.554175094477845,21.445824905522155
42,42.27,-0.2700000000000031
55,41.32,13.68
0,0.9971428571428572,-0.9971428571428572
38,32.082,5.917999999999999
39,40.038000000000004,-1.0380000000000038
56,38.0425,17.957500000000003
40,25.11,14.89
26,28.693928571428568,-2.693928571428568
0,16.02892857142857,-16.02892857142857
0,17.357352941176472,-17.357352941176472
39,42.53303571428572,-3.5330357142857167
8,16.29,-8.29
54,40.36388095238095,13.636119047619047
0,8.715653582704599,-8.715653582704599
40,38.61,1.3900000000000006
24,24.47,-0.46999999999999886
42,23.1,18.9
45,37.71,7.289999999999999
46,44.53333333333334,1.4666666666666615
0,46.70555555555555,-46.70555555555555
52,36.51571428571428,15.484285714285718
69,64.33,4.670000000000002
57,54.94,2.0600000000000023
21,24.86,-3.8599999999999994
0,6.116666666666667,-6.116666666666667
62,55.05,6.950000000000003
45,41.327626262626254,3.6723737373737464
10,29.622,-19.622
9,31.265,-22.265
4,8.635,-4.635
22,30.713055555555556,-8.713055555555556
50,43.53,6.469999999999999
60,53.39,6.609999999999999
28,32.550588235294114,-4.550588235294114
57,37.60966666666667,19.39033333333333
73,40.164500000000004,32.835499999999996
35,34.105,0.8950000000000031
0,10.711805302275668,-10.711805302275668
80,63.6797619047619,16.320238095238103
56,32.275,23.725
32,38.50181818181818,-6.50181818181818
39,30.655,8.344999999999999
40,23.27,16.73
0,16.1575,-16.1575
3,7.804007391816988,-4.804007391816988
71,31.678333333333335,39.321666666666665
30,41.724,-11.723999999999997
30,29.54,0.46000000000000085
32,41.7925,-9.792499999999997
0,5.08,-5.08
81,74.77,6.230000000000004
24,23.46,0.5399999999999991
25,32.257,-7.256999999999998
43,38.89422222222222,4.1057777777777815
17,29.82,-12.82
50,40.29,9.71
33,33.94333333333334,-0.9433333333333422
32,38.15,-6.149999999999999
41,37.83095238095238,3.1690476190476176
79,75.05,3.950000000000003
30,27.024,2.975999999999999
31,45.292,-14.292000000000002
42,41.49,0.509999999999998
54,28.234285714285715,25.765714285714285
34,35.72666666666667,-1.7266666666666666
52,37.38031024531024,14.619689754689759
36,36.79,-0.7899999999999991
40,34.52583333333333,5.474166666666669
31,35.120594164456236,-4.120594164456236
39,38.190666666666665,0.8093333333333348
35,33.8575,1.1424999999999983
24,33.66848552754434,-9.668485527544341
47,29.205,17.795
60,31.395,28.605
51,45.254285714285714,5.7457142857142856
67,65.42666666666668,1.5733333333333235
17,21.16,-4.16
24,26.7,-2.6999999999999993
0,10.585714285714284,-10.585714285714284
34,38.17333333333333,-4.173333333333332
0,0.0,0.0
44,37.035,6.965000000000003
0,1.9425515873015868,-1.9425515873015868
22,31.736666666666668,-9.736666666666668
57,44.852666666666664,12.147333333333336
19,14.26,4.74
15,20.68,-5.68
44,43.74,0.259999999999998
0,14.516666666666666,-14.516666666666666
56,37.839,18.161
36,27.012285714285717,8.987714285714283
11,19.89,-8.89
51,46.83,4.170000000000002
1,18.85,-17.85
34,33.17066666666667,0.8293333333333308
63,31.79975,31.20025
59,46.71,12.29
46,41.66375,4.33625
23,33.73983333333334,-10.739833333333337
47,44.31,2.6899999999999977
42,39.325,2.674999999999997
33,35.87,-2.8699999999999974
34,39.262,-5.2620000000000005
40,36.29,3.710000000000001
50,33.90904761904761,16.090952380952388
41,35.55666666666667,5.443333333333328
59,32.759,26.241
37,30.5725,6.427499999999998
0,0.0,0.0
0,0.09821970062101638,-0.09821970062101638
45,37.603,7.3969999999999985
0,28.326,-28.326
70,31.66,38.34
55,36.306666666666665,18.693333333333335
21,27.174,-6.1739999999999995
10,33.96,-23.96
37,34.86055900621118,2.139440993788817
0,0.3,-0.3
48,43.62333333333334,4.376666666666658
0,30.4,-30.4
0,46.96,-46.96
0,10.585714285714284,-10.585714285714284
68,56.975,11.024999999999999
11,25.49,-14.489999999999998
25,31.03666666666667,-6.036666666666669
67,52.17,14.829999999999998
54,42.11,11.89
19,21.821682692307697,-2.8216826923076965
65,59.42,5.579999999999998
44,40.44,3.5600000000000023
60,54.1475,5.852499999999999
39,36.08,2.9200000000000017
21,21.25,-0.25
0,1.7779999999999998,-1.7779999999999998
20,40.6527380952381,-20.6527380952381
0,37.221851851851845,-37.221851851851845
8,22.95,-14.95
32,36.145714285714284,-4.145714285714284
26,27.9,-1.8999999999999986
1,1.28,-0.28
13,22.49,-9.489999999999998
5,15.47,-10.47
0,47.346678571428576,-47.346678571428576
24,33.5225,-9.5225
56,54.09,1.9099999999999966
22,35.15166666666667,-13.15166666666667
27,40.11385714285714,-13.113857142857142
59,40.861666666666665,18.138333333333335
50,43.58,6.420000000000002
54,32.405,21.595
19,35.676857142857145,-16.676857142857145
72,67.023,4.977000000000004
10,17.505,-7.504999999999999
25,26.99,-1.9899999999999984
45,43.70238095238094,1.297619047619058
27,37.03147619047619,-10.03147619047619
55,36.6,18.4
0,0.42991345361593225,-0.42991345361593225
42,39.68,2.3200000000000003
29,32.32742857142857,-3.3274285714285696
29,30.04,-1.0399999999999991
59,43.70201190476191,15.29798809523809
75,65.025,9.974999999999994
63,73.55357142857142,-10.553571428571416
17,30.05833333333333,-13.05833333333333
39,35.000476190476185,3.999523809523815
19,36.67733333333334,-17.677333333333337
0,10.600450216450215,-10.600450216450215
0,0.0,0.0
52,45.75326388888889,6.246736111111112
66,49.45180178155178,16.54819821844822
64,53.57,10.43
51,39.07830769230769,11.921692307692311
17,21.02466666666666,-4.024666666666661
60,59.76,0.240000000000002
0,0.6001299468333524,-0.6001299468333524
19,41.56833333333334,-22.568333333333342
27,44.20070833333333,-17.20070833333333
50,44.805,5.195
48,25.107142857142858,22.892857142857142
1,0.9881782751020538,0.011821724897946195
44,43.93,0.07000000000000028
29,31.04,-2.039999999999999
59,40.81201731601732,18.187982683982682
84,9.758333333333333,74.24166666666667
0,31.030454545454546,-31.030454545454546
10,26.404166666666665,-16.404166666666665
39,40.815714285714286,-1.8157142857142858
56,31.991666666666664,24.008333333333336
37,41.025,-4.024999999999999
21,34.61,-13.61
18,20.15,-2.1499999999999986
21,33.708333333333336,-12.708333333333336
0,0.0,0.0
45,42.63166666666666,2.3683333333333394
0,3.62,-3.62
55,42.94,12.060000000000002
0,9.445,-9.445
16,35.595,-19.595
35,32.88648484848485,2.113515151515152
21,30.62,-9.620000000000001
0,2.0542738095238104,-2.0542738095238104
0,0.0,0.0
80,73.11399999999999,6.88600000000001
47,39.695,7.305
0,0.25192685449225694,-0.25192685449225694
48,42.4925,5.5075
51,41.59,9.409999999999997
32,41.8625,-9.862499999999997
22,33.25,-11.25
2,8.1,-6.1
66,55.43083333333334,10.56916666666666
3,1.791,1.209
50,35.81214285714286,14.18785714285714
44,39.74,4.259999999999998
66,55.6025,10.3975
0,3.7,-3.7
76,53.95785714285714,22.042142857142863
45,37.245,7.755000000000003
35,37.667,-2.6670000000000016
22,25.14166666666667,-3.1416666666666693
48,35.83566666666667,12.164333333333332
0,0.6082433987581047,-0.6082433987581047
46,45.0,1.0
56,8.37,47.63
23,26.21077056277056,-3.210770562770559
75,36.51466666666667,38.48533333333333
65,38.73,26.270000000000003
0,1.586666666666667,-1.586666666666667
76,59.735,16.265
24,32.784285714285716,-8.784285714285716
61,47.83208333333333,13.16791666666667
0,8.96,-8.96
18,18.998,-0.9980000000000011
8,32.6425,-24.6425
57,48.38,8.619999999999997
71,48.12333333333334,22.876666666666658
21,26.486666666666665,-5.486666666666665
34,25.538333333333334,8.461666666666666
0,0.9114285714285714,-0.9114285714285714
67,61.73,5.270000000000003
64,54.4625,9.537500000000001
51,29.01,21.99
1,31.542666666666666,-30.542666666666666
1,3.33,-2.33
70,60.77,9.229999999999997
58,49.81,8.189999999999998
42,41.77,0.22999999999999687
76,70.79283333333333,5.207166666666666
57,50.67333333333333,6.326666666666668
22,41.464,-19.464
48,47.628,0.3719999999999999
49,43.385,5.615000000000002
38,38.24666666666666,-0.2466666666666626
73,60.125,12.875
54,34.79,19.21
26,44.32,-18.32
0,6.84,-6.84
54,40.1631798941799,13.836820105820102
26,23.99,2.0100000000000016
15,30.035,-15.035
69,32.739666666666665,36.260333333333335
65,61.8,3.200000000000003
71,32.134,38.866
35,35.7625,-0.7625000000000028
56,47.50848484848485,8.491515151515152
43,34.666666666666664,8.333333333333336
9,12.115,-3.115
28,34.465,-6.465000000000003
66,50.235,15.765
0,4.87,-4.87
28,43.91,-15.909999999999997
70,42.295,27.705
26,28.3325,-2.3324999999999996
37,35.30833333333334,1.6916666666666629
77,36.018,40.982
45,44.91,0.09000000000000341
23,21.11,1.8900000000000006
38,36.462916666666665,1.5370833333333351
21,32.865500000000004,-11.865500000000004
61,54.71,6.289999999999999
28,20.84791666666667,7.15208333333333
19,35.687999999999995,-16.687999999999995
44,45.39,-1.3900000000000006
27,35.58314102564103,-8.583141025641027
62,55.51,6.490000000000002
0,14.385,-14.385
21,16.67,4.329999999999998
29,19.94,9.059999999999999
38,37.37,0.6300000000000026
19,35.295,-16.295
50,42.99583333333334,7.004166666666663
17,25.425,-8.425
42,45.423833333333334,-3.4238333333333344
54,32.24333333333333,21.756666666666668
25,24.94,0.05999999999999872
20,36.123333333333335,-16.123333333333335
24,41.82142857142857,-17.82142857142857
52,47.8925,4.107500000000002
27,27.21,-0.21000000000000085
27,29.07,-2.0700000000000003
1,2.3,-1.2999999999999998
26,29.565,-3.5650000000000013
32,30.02,1.9800000000000004
49,21.084,27.916
20,38.126666666666665,-18.126666666666665
25,36.71089285714286,-11.71089285714286
24,33.266666666666666,-9.266666666666666
41,30.400166666666667,10.599833333333333
39,43.04,-4.039999999999999
0,39.041666666666664,-39.041666666666664
53,42.30107142857143,10.698928571428567
20,28.633333333333336,-8.633333333333336
32,39.87,-7.869999999999997
46,37.261701612903224,8.738298387096776
46,30.54,15.46
12,19.881,-7.881
1,23.940285714285714,-22.940285714285714
49,31.83,17.17
45,36.18,8.82
46,38.185,7.814999999999998
67,58.44,8.560000000000002
28,33.59,-5.590000000000003
37,43.6,-6.600000000000001
35,31.31,3.6900000000000013
67,39.66,27.340000000000003
62,35.6545,26.3455
0,5.1,-5.1
57,46.15,10.850000000000001
25,40.17742857142857,-15.177428571428571
37,35.57666666666667,1.423333333333332
39,19.81,19.19
60,44.2325,15.767499999999998
0,0.5606253467894335,-0.5606253467894335
45,26.715,18.285
45,28.32,16.68
34,37.27333333333333,-3.2733333333333334
19,27.072666666666663,-8.072666666666663
78,46.456288888888885,31.543711111111115
30,31.30300406504065,-1.3030040650406498
31,39.49,-8.490000000000002
36,28.49,7.510000000000002
34,33.7,0.29999999999999716
0,0.28347220837010667,-0.28347220837010667
17,25.083999999999996,-8.083999999999996
51,37.306,13.694000000000003
0,5.252999999999999,-5.252999999999999
0,42.1725,-42.1725
63,30.795646969989075,32.20435303001092
55,51.51,3.490000000000002
0,0.3750751339545305,-0.3750751339545305
45,48.45666666666667,-3.4566666666666706
63,55.43666666666666,7.56333333333334
0,0.3635672562731386,-0.3635672562731386
18,32.83,-14.829999999999998
64,59.06666666666666,4.933333333333337
46,50.09208333333333,-4.092083333333328
53,46.49602905982906,6.503970940170937
0,0.0,0.0
46,35.71,10.29
57,32.76,24.240000000000002
0,22.19,-22.19
0,31.423333333333336,-31.423333333333336
0,2.400714285714286,-2.400714285714286
25,40.1384126984127,-15.1384126984127
90,72.04583333333333,17.954166666666666
31,37.899,-6.899000000000001
40,64.86,-24.86
33,41.115,-8.115000000000002
0,0.9114285714285714,-0.9114285714285714
16,17.85,-1.8500000000000014
0,45.04557142857143,-45.04557142857143
0,0.36258423025192676,-0.36258423025192676
35,29.851111111111113,5.148888888888887
36,39.284666666666666,-3.2846666666666664
32,36.90542124542125,-4.905421245421252
14,30.265,-16.265
68,28.857587301587294,39.142412698412706
53,52.58,0.4200000000000017
53,50.19833333333333,2.8016666666666694
1,34.833333333333336,-33.833333333333336
44,38.86090909090909,5.1390909090909105
3,7.74,-4.74
68,37.93867965367966,30.061320346320343
59,40.1,18.9
0,0.0,0.0
28,30.68,-2.6799999999999997
24,40.56333333333333,-16.563333333333333
47,39.18761904761905,7.812380952380948
62,62.0,0.0
38,35.29416666666667,2.705833333333331
50,33.385642857142855,16.614357142857145
46,44.59,1.4099999999999966
36,47.58333333333334,-11.583333333333343
49,35.545,13.454999999999998
67,62.79,4.210000000000001
0,0.52,-0.52
0,2.102,-2.102
26,28.75,-2.75
17,32.51,-15.509999999999998
57,33.12,23.880000000000003
23,38.46,-15.46
0,1.449013148938827,-1.449013148938827
42,38.62444444444444,3.3755555555555574
0,15.09,-15.09
33,36.502857142857145,-3.5028571428571453
42,33.153333333333336,8.846666666666664
67,62.83,4.170000000000002
18,33.2175,-15.217500000000001
21,29.43,-8.43
21,19.21,1.7899999999999991
39,37.84142857142857,1.1585714285714275
0,0.0,0.0
0,27.2975,-27.2975
33,30.515064102564107,2.484935897435893
0,0.07239832455621265,-0.07239832455621265
23,40.73,-17.729999999999997
67,40.22878787878788,26.771212121212123
44,48.41866666666667,-4.418666666666667
61,40.67666666666666,20.323333333333338
0,5.7940661283161266,-5.7940661283161266
76,64.5325476190476,11.467452380952395
40,40.76544444444444,-0.7654444444444408
0,13.78,-13.78
79,40.04208333333334,38.95791666666666
44,24.211630724500274,19.788369275499726
0,0.86,-0.86
28,29.85,-1.8500000000000014
29,31.38,-2.379999999999999
40,36.28,3.719999999999999
56,45.89,10.11
2,4.932047619047619,-2.9320476190476192
18,31.19,-13.190000000000001
0,16.6,-16.6
22,26.79,-4.789999999999999
53,41.3955,11.604500000000002
27,45.15772222222222,-18.15772222222222
50,41.468333333333334,8.531666666666666
3,2.10132079032079,0.89867920967921
30,42.48266666666667,-12.482666666666667
40,36.54333333333334,3.4566666666666634
61,53.65,7.350000000000001
16,32.181666666666665,-16.181666666666665
50,41.80666666666666,8.193333333333342
44,40.23,3.770000000000003
42,40.58,1.4200000000000017
17,38.429,-21.429000000000002
28,31.263880952380955,-3.263880952380955
11,26.973404761904764,-15.973404761904764
1,1.4233549783549784,-0.4233549783549784
64,54.89,9.11
35,46.16192063492064,-11.16192063492064
62,59.33,2.6700000000000017
39,23.41,15.59
3,6.205571428571428,-3.205571428571428
10,13.02,-3.0199999999999996
48,40.407,7.5930000000000035
3,9.727830576490692,-6.7278305764906925
0,59.52843001443003,-59.52843001443003
49,29.95345382395383,19.04654617604617
0,13.85590909090909,-13.85590909090909
27,33.15,-6.149999999999999
40,34.37464285714286,5.6253571428571405
51,44.68,6.32
0,0.0,0.0
67,65.08666666666666,1.913333333333341
21,17.13866666666667,3.861333333333331
11,35.36,-24.36
27,26.14,0.8599999999999994
48,23.51,24.49
30,33.385999999999996,-3.3859999999999957
33,31.85,1.1499999999999986
29,29.418000000000003,-0.4180000000000028
43,41.5,1.5
29,39.205,-10.204999999999998
22,22.1,-0.10000000000000142
63,50.3675,12.6325
48,34.8,13.200000000000003
29,28.308166666666665,0.6918333333333351
57,43.285625,13.714374999999997
0,0.0,0.0
67,32.2225,34.7775
56,46.623999999999995,9.376000000000005
62,63.13750000000002,-1.137500000000017
33,27.183333333333334,5.816666666666666
21,30.45,-9.45
23,19.06,3.9400000000000013
46,44.2,1.7999999999999972
87,41.218,45.782
0,0.08607016350075342,-0.08607016350075342
35,34.85875,0.14124999999999943
0,0.13516509214819886,-0.13516509214819886
0,0.0,0.0
48,42.76,5.240000000000002
30,35.90166666666667,-5.901666666666671
20,31.776,-11.776
54,40.384743589743586,13.615256410256414
52,32.52,19.479999999999997
30,41.74,-11.740000000000002
42,38.66,3.3400000000000034
0,1.45,-1.45
43,44.76,-1.759999999999998
22,35.88166666666667,-13.881666666666668
40,39.464,0.5360000000000014
0,22.64,-22.64
52,26.813696292446295,25.186303707553705
49,41.00666666666666,7.993333333333339
45,36.31666666666667,8.68333333333333
0,0.1004560162060162,-0.1004560162060162
41,32.305,8.695
12,16.75,-4.75
62,55.45333333333333,6.546666666666667
40,37.45066666666666,2.549333333333337
21,20.78,0.21999999999999886
56,41.202,14.798000000000002
43,37.53526244081122,5.464737559188777
45,34.79,10.21
0,0.0,0.0
16,34.49666666666666,-18.496666666666663
24,36.92,-12.920000000000002
0,14.383333333333333,-14.383333333333333
44,43.56,0.4399999999999977
63,42.58333333333334,20.416666666666657
10,19.352833333333333,-9.352833333333333
67,58.5925,8.407499999999999
27,33.60527777777778,-6.605277777777779
55,43.005,11.994999999999997
11,41.01433333333333,-30.014333333333333
2,17.548436790718597,-15.548436790718597
65,38.54333333333333,26.45666666666667
40,41.152,-1.152000000000001
13,39.04333333333334,-26.043333333333337
0,1.22,-1.22
62,41.9325,20.067500000000003
1,0.55,0.44999999999999996
0,0.03382892731669073,-0.03382892731669073
38,38.4425,-0.44250000000000256
33,30.66,2.34
20,40.72207875457875,-20.722078754578753
8,25.02666666666667,-17.02666666666667
3,4.63,-1.63
28,41.825,-13.825000000000003
62,52.20659999999999,9.793400000000013
58,49.12285714285715,8.87714285714285
22,35.22833333333333,-13.228333333333332
29,31.568888888888893,-2.5688888888888926
22,37.41,-15.409999999999997
41,34.57,6.43
0,0.0,0.0
43,37.414500000000004,5.585499999999996
2,1.8200881211682727,0.17991187883172732
63,40.9,22.1
0,1.461861111111111,-1.461861111111111
56,53.68166666666667,2.318333333333328
1,6.53,-5.53
47,45.82,1.1799999999999997
21,33.829,-12.829
14,36.55416666666667,-22.554166666666667
42,34.155454545454546,7.844545454545454
30,41.608999999999995,-11.608999999999995
31,36.33666666666667,-5.336666666666673
37,35.54,1.4600000000000009
25,40.254239766081874,-15.254239766081874
50,44.71,5.289999999999999
19,24.65,-5.649999999999999
0,5.614322424017103,-5.614322424017103
25,35.022,-10.021999999999998
38,20.498333333333335,17.501666666666665
23,22.276666666666664,0.7233333333333363
21,36.96142857142857,-15.96142857142857
40,36.7233768115942,3.2766231884058
0,0.0,0.0
62,37.89,24.11
42,50.21447619047619,-8.21447619047619
36,34.638000000000005,1.3619999999999948
21,21.54,-0.5399999999999991
3,13.501527777777778,-10.501527777777778
43,40.10285714285714,2.8971428571428604
68,34.9425,33.0575
70,68.45,1.5499999999999972
54,41.84928571428571,12.150714285714287
0,2.3,-2.3
31,44.604530303030295,-13.604530303030295
15,27.35,-12.350000000000001
19,42.764833333333335,-23.764833333333335
53,47.33,5.670000000000002
64,38.977833333333336,25.022166666666664
36,38.266,-2.2659999999999982
54,35.10333333333333,18.89666666666667
60,36.716955273914834,23.283044726085166
0,15.984000000000002,-15.984000000000002
25,31.17,-6.170000000000002
43,33.46066666666667,9.539333333333332
45,37.0,8.0
50,45.579333333333324,4.420666666666676
84,78.61,5.390000000000001
20,37.056666666666665,-17.056666666666665
60,30.47,29.53
0,0.0,0.0
23,42.929835858585854,-19.929835858585854
67,49.99,17.009999999999998
48,40.3,7.700000000000003
23,36.5,-13.5
39,34.19378787878788,4.80621212121212
0,5.119944444444445,-5.119944444444445
44,43.34,0.6599999999999966
49,43.83,5.170000000000002
0,32.09,-32.09
74,69.93610689310687,4.063893106893133
57,42.14875,14.85125
50,43.0425,6.957500000000003
40,32.772,7.2280000000000015
2,3.945880952380952,-1.9458809523809522
48,36.882111111111115,11.117888888888885
23,15.13,7.869999999999999
20,31.130185185185184,-11.130185185185184
0,14.01,-14.01
22,31.88,-9.879999999999999
31,37.375262626262625,-6.375262626262625
10,25.43,-15.43
18,28.59583333333333,-10.595833333333331
40,38.498,1.5020000000000024
1,0.0,1.0
65,61.93,3.0700000000000003
32,35.07666666666667,-3.076666666666668
51,34.06,16.939999999999998
51,40.72095085470085,10.279049145299147
0,0.0,0.0
35,45.17,-10.170000000000002
41,33.385999999999996,7.614000000000004
48,36.4625,11.537500000000001
65,27.35416666666667,37.64583333333333
27,30.49,-3.4899999999999984
15,26.81,-11.809999999999999
30,44.27533333333333,-14.275333333333329
2,23.186666666666664,-21.186666666666664
39,34.80508928571428,4.194910714285719
24,22.761999999999997,1.238000000000003
1,0.07239832455621265,0.9276016754437874
14,25.354666666666667,-11.354666666666667
83,65.62349999999999,17.376500000000007
59,44.25857142857143,14.741428571428571
59,54.16,4.840000000000003
40,37.7525,2.2475000000000023
0,21.89,-21.89
24,13.35,10.65
21,36.51833333333334,-15.518333333333338
0,0.07541200886974668,-0.07541200886974668
0,0.3661767464825841,-0.3661767464825841
35,35.21,-0.21000000000000085
43,29.1,13.899999999999999
20,35.26,-15.259999999999998
0,27.01,-27.01
29,36.80942028985507,-7.809420289855069
43,41.88,1.1199999999999974
21,25.04623076923077,-4.046230769230771
56,52.86,3.1400000000000006
14,29.38,-15.379999999999999
18,34.315,-16.314999999999998
1,0.5926981906981905,0.4073018093018095
55,49.513999999999996,5.486000000000004
72,71.28,0.7199999999999989
0,0.0,0.0
9,28.23,-19.23
30,34.365,-4.365000000000002
66,52.659814814814816,13.340185185185184
23,35.985,-12.985
0,0.34897937683231794,-0.34897937683231794
56,50.29,5.710000000000001
61,39.74,21.259999999999998
22,41.668,-19.668
41,32.965,8.034999999999997
40,39.91,0.09000000000000341
0,23.63596481622953,-23.63596481622953
42,45.30279761904762,-3.3027976190476167
39,31.913333333333334,7.086666666666666
9,18.19857142857143,-9.19857142857143
66,41.77166666666666,24.22833333333334
27,27.63,-0.629999999999999
24,36.140166666666666,-12.140166666666666
50,45.37333333333333,4.626666666666672
56,58.52000000000001,-2.5200000000000102
27,35.62706060606061,-8.62706060606061
3,2.4666737984237983,0.5333262015762017
28,33.127428571428574,-5.127428571428574
24,36.705,-12.704999999999998
16,25.53,-9.530000000000001
45,19.8,25.2
73,14.446666666666665,58.553333333333335
39,41.27357142857143,-2.2735714285714295
22,37.47571428571428,-15.475714285714282
13,23.82,-10.82
27,43.81,-16.810000000000002
1,3.9444871794871794,-2.9444871794871794
0,0.9775168442668444,-0.9775168442668444
21,24.84,-3.84
24,34.65071428571429,-10.650714285714287
21,30.193333333333335,-9.193333333333335
63,30.49,32.510000000000005
15,22.04,-7.039999999999999
30,27.64464285714286,2.355357142857141
22,29.7775,-7.7775
57,45.41130952380952,11.588690476190479
48,26.28,21.72
45,31.97,13.030000000000001
0,39.39977808302808,-39.39977808302808
48,43.5595,4.4405
26,31.766538461538463,-5.766538461538463
12,17.8,-5.800000000000001
59,55.74666666666666,3.2533333333333374
51,28.94,22.06
56,11.854000000000001,44.146
77,64.42,12.579999999999998
23,23.23,-0.23000000000000043
44,39.51729581529581,4.48270418470419
31,42.917701149425284,-11.917701149425284
42,39.24,2.759999999999998
18,28.39166666666667,-10.39166666666667
0,10.48,-10.48
45,28.44,16.56
0,31.66232323232323,-31.66232323232323
17,33.800666666666665,-16.800666666666665
46,42.275,3.7250000000000014
53,49.437423076923075,3.562576923076925
78,31.031333333333333,46.968666666666664
48,44.17214285714286,3.827857142857141
54,48.87,5.130000000000003
21,28.13,-7.129999999999999
41,39.32,1.6799999999999997
0,2.96,-2.96
55,33.91,21.090000000000003
62,68.50416666666666,-6.504166666666663
26,35.74773913043478,-9.74773913043478
0,8.291021909463083,-8.291021909463083
19,34.907556561085975,-15.907556561085975
29,39.06984126984127,-10.06984126984127
22,49.15,-27.15
33,35.532,-2.5319999999999965
25,36.851333333333336,-11.851333333333336
77,73.45,3.549999999999997
61,55.56,5.439999999999998
18,30.788666666666664,-12.788666666666664
54,41.140249999999995,12.859750000000005
41,34.64785714285714,6.352142857142859
26,31.15,-5.149999999999999
0,0.26525815850815837,-0.26525815850815837
36,32.885,3.115000000000002
29,28.736666666666668,0.26333333333333186
47,45.63,1.3699999999999974
19,20.901333333333334,-1.9013333333333335
32,34.98,-2.979999999999997
45,43.46,1.5399999999999991
28,32.28633333333334,-4.286333333333339
32,35.646158730158724,-3.6461587301587244
48,44.65909090909091,3.3409090909090935
1,2.321595238095239,-1.321595238095239
1,0.5532274062796511,0.44677259372034894
3,9.536000000000001,-6.536000000000001
56,40.21,15.79
53,49.72,3.280000000000001
38,38.39333333333334,-0.393333333333338
41,38.08,2.9200000000000017
21,38.3475,-17.347499999999997
44,45.71,-1.7100000000000009
39,36.93666666666667,2.0633333333333326
8,23.241,-15.241
49,36.35328571428571,12.646714285714289
44,39.30888888888889,4.691111111111113
0,0.22139725844653843,-0.22139725844653843
20,24.41,-4.41
47,43.005,3.9949999999999974
36,40.83,-4.829999999999998
32,32.342,-0.34199999999999875
65,54.33,10.670000000000002
55,40.25,14.75
23,33.94277777777778,-10.942777777777778
21,32.375,-11.375
2,3.43,-1.4300000000000002
8,28.028095238095233,-20.028095238095233
62,51.120589271151964,10.879410728848036
0,0.0,0.0
22,31.47,-9.469999999999999
63,55.68,7.32
50,38.19,11.810000000000002
37,37.0025,-0.0024999999999977263
43,37.022,5.9780000000000015
44,43.06,0.9399999999999977
40,39.50888888888889,0.4911111111111097
37,39.257,-2.256999999999998
62,55.21,6.789999999999999
20,26.11,-6.109999999999999
52,34.585,17.415
78,59.906666666666666,18.093333333333334
38,45.56857142857143,-7.568571428571431
66,52.59,13.409999999999997
0,13.24,-13.24
59,51.84,7.159999999999997
53,37.12258620689655,15.87741379310345
1,0.048700593435096716,0.9512994065649033
50,37.02583333333333,12.974166666666669
51,50.6,0.3999999999999986
0,4.18,-4.18
53,48.41833333333334,4.5816666666666634
0,15.06,-15.06
33,41.42333333333334,-8.42333333333334
35,35.86083333333333,-0.860833333333332
20,26.063499999999998,-6.063499999999998
24,45.84,-21.840000000000003
53,46.55,6.450000000000003
57,52.38,4.619999999999997
0,0.79,-0.79
22,34.59291666666667,-12.592916666666667
56,32.52,23.479999999999997
0,0.0,0.0
48,40.6125,7.387500000000003
77,1.855740213582788,75.14425978641721
39,41.00666666666667,-2.0066666666666677
37,37.77,-0.7700000000000031
1,17.6,-16.6
23,24.17,-1.1700000000000017
0,0.956803929546159,-0.956803929546159
16,29.06,-13.059999999999999
0,8.8,-8.8
54,47.89647619047619,6.103523809523807
53,46.3075,6.692500000000003
63,53.06,9.939999999999998
55,31.1425,23.8575
57,40.424,16.576
20,30.21,-10.21
0,20.806111111111115,-20.806111111111115
54,46.17333333333334,7.826666666666661
23,24.9175,-1.9175000000000004
26,30.13,-4.129999999999999
2,1.475435015313727,0.524564984686273
46,44.89,1.1099999999999994
33,27.866982680795125,5.133017319204875
42,37.608333333333334,4.391666666666666
0,26.51692063492063,-26.51692063492063
0,16.11145923520924,-16.11145923520924
53,35.7312037037037,17.2687962962963
60,40.99,19.009999999999998
24,22.91416666666667,1.0858333333333299
21,29.39333333333333,-8.39333333333333
49,44.96666666666666,4.0333333333333385
78,63.78733333333333,14.21266666666667
0,15.394,-15.394
5,5.956883477633477,-0.9568834776334771
22,17.9,4.100000000000001
0,13.43,-13.43
43,24.644166666666663,18.355833333333337
48,29.56,18.44
62,59.26366666666668,2.73633333333332
21,39.73238095238096,-18.732380952380957
34,31.415714285714284,2.5842857142857163
0,38.23070175438597,-38.23070175438597
0,0.0,0.0
31,41.66515151515152,-10.665151515151521
23,40.92,-17.92
47,40.2425,6.7575
50,49.04,0.9600000000000009
11,29.329333333333334,-18.329333333333334
18,34.30855555555556,-16.308555555555557
53,40.455714285714286,12.544285714285714
70,69.62720093795095,0.37279906204905444
51,30.79393939393939,20.20606060606061
32,34.871770562770564,-2.871770562770564
27,39.796,-12.796
0,3.9586870542598116,-3.9586870542598116
14,27.346125,-13.346125
43,40.44571428571428,2.5542857142857187
17,25.09,-8.09
35,32.08142857142857,2.9185714285714326
62,53.794,8.206000000000003
36,36.81,-0.8100000000000023
65,52.74,12.259999999999998
0,43.601111111111116,-43.601111111111116
39,30.451111111111114,8.548888888888886
32,32.63,-0.6300000000000026
53,41.68600000000001,11.313999999999993
62,29.11,32.89
35,29.912333333333336,5.087666666666664
47,47.01,-0.00999999999999801
54,49.92,4.079999999999998
62,51.3,10.700000000000003
34,33.229,0.7710000000000008
34,48.09883333333333,-14.098833333333332
16,19.89,-3.8900000000000006
70,68.65,1.3499999999999943
23,38.924166666666665,-15.924166666666665
48,40.29416666666666,7.705833333333338
41,41.32166666666666,-0.32166666666665833
54,24.31,29.69
1,1.449013148938827,-0.44901314893882693
50,40.076,9.924
1,4.240317313194788,-3.2403173131947884
46,36.64,9.36
43,25.654,17.346
30,40.26,-10.259999999999998
66,45.34333333333334,20.65666666666666
22,34.92378787878788,-12.923787878787877
42,40.23,1.7700000000000031
2,9.09,-7.09
34,35.08,-1.0799999999999983
0,3.29,-3.29
1,5.75,-4.75
37,32.32,4.68
76,71.43,4.569999999999993
0,2.7845992063492067,-2.7845992063492067
0,15.5,-15.5
0,1.83,-1.83
58,48.62,9.380000000000003
41,40.64,0.35999999999999943
35,37.20360916860917,-2.2036091686091694
32,33.117285714285714,-1.117285714285714
28,30.39,-2.3900000000000006
19,31.393151515151512,-12.393151515151512
70,61.001845238095214,8.998154761904786
24,23.67,0.3299999999999983
52,46.8,5.200000000000003
60,34.882666666666665,25.117333333333335
20,41.288000000000004,-21.288000000000004
63,39.513333333333335,23.486666666666665
58,36.47828571428572,21.521714285714282
16,18.06714285714286,-2.0671428571428585
54,40.71692592592592,13.28307407407408
0,43.49833333333334,-43.49833333333334
1,0.7776386172206022,0.22236138277939776
39,39.675,-0.6749999999999972
35,23.75666666666667,11.243333333333329
45,41.510277777777766,3.489722222222234
27,29.62,-2.620000000000001
0,1.41,-1.41
36,41.76833333333334,-5.768333333333338
28,24.426493506493507,3.5735064935064926
40,29.71416666666667,10.28583333333333
40,34.971666666666664,5.028333333333336
31,38.04,-7.039999999999999
50,35.602,14.398000000000003
37,36.505714285714284,0.49428571428571644
5,38.129999999999995,-33.129999999999995
22,22.445,-0.4450000000000003
15,18.37,-3.370000000000001
1,13.538001780898844,-12.538001780898844
21,36.75833333333333,-15.758333333333333
18,31.398666666666667,-13.398666666666667
54,32.5725,21.427500000000002
60,35.86333333333334,24.136666666666663
56,57.75,-1.75
12,20.225,-8.225000000000001
7,14.14,-7.140000000000001
0,47.653333333333336,-47.653333333333336
21,41.102619047619044,-20.102619047619044
43,34.6275,8.372500000000002
55,29.31056277056277,25.68943722943723
58,26.32,31.68
0,33.62866666666666,-33.62866666666666
63,59.43,3.5700000000000003
54,29.796729344729346,24.203270655270654
71,45.058,25.942
27,36.38033333333333,-9.380333333333333
50,42.24589285714286,7.754107142857137
18,36.44806818181818,-18.44806818181818
55,33.51241666666667,21.487583333333333
82,69.85,12.150000000000006
48,45.38,2.6199999999999974
41,33.934625000000004,7.065374999999996
22,30.67,-8.670000000000002
22,23.31,-1.3099999999999987
83,73.2015405555332,9.7984594444668
52,21.977952517039203,30.022047482960797
22,30.14522727272727,-8.145227272727269
23,31.63416666666667,-8.634166666666669
0,0.0,0.0
12,18.56,-6.559999999999999
63,36.10807692307692,26.891923076923078
40,38.03333333333333,1.9666666666666686
51,47.52473684210527,3.47526315789473
24,35.34,-11.340000000000003
23,29.655,-6.655000000000001
0,0.66,-0.66
55,36.306666666666665,18.693333333333335
10,23.973333333333336,-13.973333333333336
41,40.54,0.46000000000000085
25,26.35,-1.3500000000000014
2,8.715653582704599,-6.715653582704599
43,46.284166666666664,-3.284166666666664
24,41.56833333333334,-17.568333333333342
41,41.44,-0.4399999999999977
2,14.82,-12.82
0,0.5926981906981905,-0.5926981906981905
58,49.07,8.93
6,12.035,-6.035
0,0.06317060649478182,-0.06317060649478182
0,0.8477032558514758,-0.8477032558514758
74,64.3,9.700000000000003
33,36.42028571428571,-3.4202857142857113
61,40.12833333333334,20.871666666666663
54,42.96541666666667,11.03458333333333
51,37.901666666666664,13.098333333333336
13,36.48,-23.479999999999997
22,34.32,-12.32
33,32.6225,0.3774999999999977
21,34.48475,-13.484749999999998
52,42.07,9.93
0,0.0,0.0
21,31.62,-10.620000000000001
0,0.95,-0.95
46,38.808952380952384,7.191047619047616
29,37.476960784313725,-8.476960784313725
56,31.393333333333334,24.606666666666666
49,50.3575,-1.3575000000000017
0,42.869188034188035,-42.869188034188035
44,41.10916666666666,2.8908333333333402
55,45.74416666666666,9.255833333333342
13,26.72,-13.719999999999999
74,72.52666666666667,1.4733333333333292
77,72.9975,4.002499999999998
0,0.5,-0.5
0,11.84,-11.84
62,60.29,1.7100000000000009
0,42.473928571428566,-42.473928571428566
23,40.04402380952381,-17.044023809523807
25,25.44494047619047,-0.44494047619047095
60,52.244,7.756
26,31.696666666666665,-5.696666666666665
16,38.15,-22.15
1,2.21,-1.21
36,31.615,4.385000000000002
68,47.955,20.045
0,0.62,-0.62
48,27.101999999999997,20.898000000000003
42,37.039809523809524,4.960190476190476
37,44.56,-7.560000000000002
0,0.07559347433612137,-0.07559347433612137
43,34.625,8.375
46,36.419000000000004,9.580999999999996
22,28.082666666666668,-6.082666666666668
67,55.99,11.009999999999998
22,26.17,-4.170000000000002
20,26.42,-6.420000000000002
53,25.655,27.345
53,48.84519607843137,4.154803921568629
48,24.77,23.23
33,34.8985,-1.8984999999999985
51,47.43,3.5700000000000003
25,37.34,-12.340000000000003
0,19.5,-19.5
42,43.00833333333334,-1.00833333333334
70,44.16733333333334,25.83266666666666
43,47.3,-4.299999999999997
0,0.0,0.0
28,36.613214285714285,-8.613214285714285
75,74.05,0.9500000000000028
32,27.696666666666665,4.303333333333335
33,36.232,-3.2319999999999993
70,43.77,26.229999999999997
84,2.7612267023654704,81.23877329763452
50,48.44,1.5600000000000023
41,40.42071428571428,0.5792857142857173
21,38.665,-17.665
48,35.58666666666667,12.413333333333327
66,57.505,8.494999999999997
12,22.415,-10.415
57,36.48,20.520000000000003
79,67.73,11.269999999999996
0,0.0,0.0
68,47.26,20.740000000000002
56,51.38833333333334,4.6116666666666575
4,18.525,-14.524999999999999
45,40.03458333333333,4.96541666666667
52,46.38,5.619999999999997
39,37.81939393939394,1.1806060606060598
0,58.52000000000001,-58.52000000000001
71,68.09,2.9099999999999966
24,30.43,-6.43
61,29.72,31.28
21,39.726,-18.726
62,59.34,2.6599999999999966
23,36.02857142857143,-13.028571428571432
22,40.10785714285714,-18.107857142857142
19,35.87181818181818,-16.871818181818178
29,36.954,-7.954000000000001
27,28.287058823529414,-1.2870588235294136
38,33.79765435139573,4.202345648604272
26,35.95392857142857,-9.95392857142857
22,28.60425,-6.60425
70,65.49,4.510000000000005
67,61.46,5.539999999999999
40,34.97474358974359,5.025256410256411
36,36.9,-0.8999999999999986
9,28.9625,-19.9625
12,34.03,-22.03
1,12.48,-11.48
63,42.61333333333334,20.386666666666663
55,24.956666666666663,30.043333333333337
66,64.1,1.9000000000000057
68,36.18,31.82
43,38.066,4.9339999999999975
36,37.64533687943262,-1.6453368794326195
51,40.10071428571428,10.899285714285718
0,16.55666666666667,-16.55666666666667
47,34.845,12.155000000000001
19,26.97,-7.969999999999999
39,41.09777777777777,-2.0977777777777717
51,23.343888888888888,27.656111111111112
71,52.6,18.4
35,47.02154761904762,-12.021547619047617
46,42.89,3.1099999999999994
46,37.28634928229665,8.713650717703352
27,40.93325,-13.933250000000001
24,43.85666666666666,-19.856666666666662
37,28.01090909090909,8.989090909090908
41,41.09,-0.09000000000000341
40,32.15119407894737,7.84880592105263
19,43.82828571428572,-24.82828571428572
44,33.93,10.07
73,59.43,13.57
41,31.49,9.510000000000002
18,22.97,-4.969999999999999
0,11.350666666666665,-11.350666666666665
63,49.64,13.36
52,40.46714285714286,11.53285714285714
21,29.321666666666665,-8.321666666666665
49,42.42148809523809,6.5785119047619105
64,25.61,38.39
26,22.85,3.1499999999999986
61,45.0775,15.9225
69,35.16102941176471,33.83897058823529
29,15.128333333333332,13.871666666666668
71,66.17,4.829999999999998
58,58.0,0.0
0,23.953461038961045,-23.953461038961045
71,67.85,3.1500000000000057
44,24.94658333333333,19.05341666666667
78,50.151065335753174,27.848934664246826
59,36.54,22.46
26,35.129263888888886,-9.129263888888886
33,39.02166666666667,-6.021666666666668
38,44.1,-6.100000000000001
47,43.645,3.354999999999997
69,48.110014652014655,20.889985347985345
45,44.235,0.7650000000000006
28,39.7325,-11.732500000000002
66,51.63,14.369999999999997
2,19.06,-17.06
81,67.23666666666666,13.763333333333335
46,48.1925,-2.1925000000000026
68,66.59,1.4099999999999966
49,46.07285714285714,2.9271428571428615
10,38.32166666666667,-28.321666666666673
58,50.542,7.457999999999998
43,25.6275,17.3725
42,28.73,13.27
36,43.35,-7.350000000000001
41,46.095083333333335,-5.095083333333335
23,44.48944444444445,-21.48944444444445
37,29.193412698412693,7.806587301587307
37,36.42,0.5799999999999983
63,50.5,12.5
73,30.733333333333334,42.266666666666666
0,0.0,0.0
29,29.27,-0.2699999999999996
73,34.56933333333333,38.43066666666667
52,47.626000000000005,4.373999999999995
0,0.0,0.0
41,43.20190476190477,-2.201904761904771
47,10.667333333333334,36.33266666666667
65,54.2625,10.737499999999997
59,54.87,4.130000000000003
33,38.54877777777778,-5.548777777777779
10,11.96,-1.9600000000000009
23,30.55,-7.550000000000001
47,41.017818181818186,5.9821818181818145
52,26.87,25.13
52,28.545,23.455
65,61.48333333333334,3.5166666666666586
31,31.76877396817364,-0.7687739681736403
34,34.70444444444444,-0.7044444444444409
48,44.83833333333334,3.1616666666666617
40,41.52,-1.5200000000000031
22,36.12171428571428,-14.121714285714283
18,25.813666666666666,-7.813666666666666
48,33.165,14.835
17,24.07333333333333,-7.073333333333331
12,38.76,-26.759999999999998
7,20.51,-13.510000000000002
24,25.37,-1.370000000000001
31,31.830357142857142,-0.8303571428571423
0,0.0,0.0
38,37.123333333333335,0.8766666666666652
0,38.035,-38.035
43,45.64,-2.6400000000000006
44,41.49,2.509999999999998
33,40.21,-7.210000000000001
19,29.891404328430195,-10.891404328430195
0,29.51,-29.51
50,39.777,10.222999999999999
45,35.71,9.29
0,33.37247619047619,-33.37247619047619
63,52.1275,10.872500000000002
54,44.88933333333333,9.110666666666667
3,9.56,-6.5600000000000005
0,2.53,-2.53
0,5.71,-5.71
18,41.63694642857143,-23.636946428571427
1,3.0815714285714284,-2.0815714285714284
44,38.48,5.520000000000003
6,35.907023809523814,-29.907023809523814
22,27.92,-5.920000000000002
53,26.43666666666667,26.56333333333333
38,42.27666666666667,-4.276666666666671
0,23.55189655172414,-23.55189655172414
40,44.27333333333333,-4.273333333333333
53,41.24,11.759999999999998
54,48.93333333333333,5.06666666666667
0,0.89,-0.89
54,47.413000000000004,6.586999999999996
48,46.75,1.25
54,50.12,3.8800000000000026
0,33.25083333333333,-33.25083333333333
58,50.55333333333334,7.446666666666658
46,39.63,6.369999999999997
51,49.18,1.8200000000000003
22,25.74,-3.7399999999999984
22,27.945,-5.945
29,40.550030303030304,-11.550030303030304
0,0.0,0.0
44,43.3,0.7000000000000028
32,25.84,6.16
0,22.92,-22.92
24,24.162333333333333,-0.16233333333333277
53,41.0985,11.901499999999999
23,29.36,-6.359999999999999
0,22.645,-22.645
45,47.38399999999999,-2.3839999999999932
16,29.55173913043478,-13.551739130434779
46,44.00753623188406,1.9924637681159396
26,12.31,13.69
23,24.665,-1.6649999999999991
14,33.49,-19.490000000000002
28,36.348333333333336,-8.348333333333336
23,28.383333333333336,-5.383333333333336
6,39.80733333333333,-33.80733333333333
0,1.87,-1.87
52,36.33,15.670000000000002
0,0.03382892731669073,-0.03382892731669073
46,41.34,4.659999999999997
71,71.72,-0.7199999999999989
80,65.6,14.400000000000006
57,31.97,25.03
0,11.57,-11.57
37,36.0025,0.9975000000000023
20,23.84,-3.84
28,41.63716666666667,-13.637166666666673
41,37.8875,3.112499999999997
54,40.3575,13.642499999999998
51,45.35,5.649999999999999
58,34.426,23.573999999999998
56,49.64166666666666,6.358333333333341
41,29.055,11.945
0,0.06317060649478182,-0.06317060649478182
39,34.407500000000006,4.592499999999994
46,38.00666666666667,7.993333333333332
42,41.085,0.9149999999999991
73,63.42,9.579999999999998
44,44.03242424242424,-0.032424242424241356
64,59.891833333333345,4.108166666666655
19,28.57,-9.57
58,52.095,5.905000000000001
54,41.59733333333334,12.402666666666661
34,34.04803571428572,-0.04803571428571729
0,0.0,0.0
84,66.15166666666666,17.848333333333343
2,2.4666737984237983,-0.4666737984237983
13,14.784,-1.7840000000000007
7,18.44,-11.440000000000001
61,43.05733333333333,17.942666666666668
49,35.400666666666666,13.599333333333334
58,23.27,34.730000000000004
41,27.09455065359477,13.90544934640523
38,38.785,-0.7849999999999966
1,4.240317313194788,-3.2403173131947884
45,31.984,13.015999999999998
17,35.148888888888884,-18.148888888888884
47,41.388075396825386,5.611924603174614
64,42.04,21.96
23,28.016666666666666,-5.016666666666666
53,36.49,16.509999999999998
33,42.17833333333334,-9.178333333333342
39,36.385999999999996,2.6140000000000043
19,40.69,-21.689999999999998
19,29.964285714285715,-10.964285714285715
70,61.65,8.350000000000001
37,36.1825,0.8175000000000026
53,46.51333333333333,6.486666666666672
56,55.52,0.4799999999999969
0,0.0,0.0
85,83.3,1.7000000000000028
59,48.14,10.86
36,26.0465,9.953499999999998
40,38.671,1.3290000000000006
57,56.56333333333333,0.4366666666666674
1,1.2226888944388943,-0.22268889443889428
25,35.586060606060606,-10.586060606060606
57,52.37999999999999,4.620000000000012
0,0.0,0.0
0,2.1191002886002885,-2.1191002886002885
5,36.689590053737106,-31.689590053737106
15,32.88494444444444,-17.884944444444443
2,43.657,-41.657
35,37.875,-2.875
0,0.0,0.0
8,29.07,-21.07
57,57.0,0.0
43,43.58044444444444,-0.5804444444444385
42,43.74926587301587,-1.7492658730158723
39,36.06,2.9399999999999977
24,41.44,-17.439999999999998
36,33.71,2.289999999999999
23,33.79,-10.79
10,20.82,-10.82
21,39.650999999999996,-18.650999999999996
29,30.421,-1.4209999999999994
0,0.1490912837162837,-0.1490912837162837
6,14.12,-8.12
21,30.93,-9.93
39,34.63030303030303,4.369696969696967
0,42.938,-42.938
48,47.72,0.28000000000000114
80,75.4175,4.582499999999996
72,31.31733333333333,40.68266666666667
0,19.674285714285716,-19.674285714285716
44,34.155,9.844999999999999
64,50.27,13.729999999999997
46,44.28,1.7199999999999989
65,36.83255952380952,28.167440476190478
74,57.475,16.525
12,36.79833333333333,-24.798333333333332
46,46.25,-0.25
23,37.84573809523809,-14.84573809523809
33,42.75457142857144,-9.754571428571438
78,40.355714285714285,37.644285714285715
43,40.72,2.280000000000001
42,42.54,-0.5399999999999991
50,39.04921082621083,10.950789173789168
60,38.23233333333334,21.767666666666663
3,0.7501967469179239,2.249803253082076
55,51.96,3.039999999999999
20,29.158939393939395,-9.158939393939395
46,46.64,-0.6400000000000006
70,59.928000000000004,10.071999999999996
0,0.36,-0.36
0,0.08630863430862087,-0.08630863430862087
39,31.247888888888887,7.7521111111111125
0,19.61,-19.61
62,55.27,6.729999999999997
54,44.044,9.956000000000003
41,45.65523809523809,-4.65523809523809
57,43.66692307692308,13.333076923076923
50,51.83,-1.8299999999999983
50,53.348,-3.347999999999999
26,39.7025,-13.7025
38,38.502974358974356,-0.502974358974356
1,0.5908208735708735,0.40917912642912646
0,0.96,-0.96
21,27.495,-6.495000000000001
40,44.2075,-4.207500000000003
32,33.544000000000004,-1.544000000000004
16,20.952333333333332,-4.952333333333332
19,29.0425,-10.0425
21,26.584444444444443,-5.584444444444443
0,7.114920634920636,-7.114920634920636
28,35.018,-7.018000000000001
82,61.68419047619048,20.31580952380952
28,32.70333333333333,-4.703333333333333
40,37.4825,2.5174999999999983
49,41.03,7.969999999999999
22,30.493136363636363,-8.493136363636363
0,0.07541200886974668,-0.07541200886974668
25,26.562666666666665,-1.562666666666665
35,34.89983333333334,0.10016666666665941
22,35.16716666666667,-13.167166666666667
70,54.74,15.259999999999998
8,18.309571428571427,-10.309571428571427
77,62.99028282828284,14.009717171717163
44,43.132,0.8680000000000021
0,3.27,-3.27
24,35.17266666666667,-11.172666666666672
57,56.16,0.8400000000000034
38,38.19,-0.18999999999999773
62,42.71967045454545,19.28032954545455
49,38.204166666666666,10.795833333333334
73,72.64,0.35999999999999943
42,43.39083333333333,-1.3908333333333331
0,25.075390199637024,-25.075390199637024
29,35.083333333333336,-6.083333333333336
34,43.65916666666667,-9.659166666666671
0,1.2484718892218891,-1.2484718892218891
30,41.79333333333334,-11.793333333333337
69,56.79,12.21
57,22.66,34.34
6,36.582,-30.582
21,36.54,-15.54
34,42.39247619047619,-8.392476190476188
52,50.395,1.6049999999999969
54,34.52095238095238,19.47904761904762
21,27.804047619047623,-6.804047619047623
58,45.76,12.240000000000002
38,35.04511645299145,2.9548835470085493
21,28.82,-7.82
38,45.2135,-7.213500000000003
59,61.04857142857143,-2.048571428571428
42,41.024499999999996,0.9755000000000038
0,4.46495931567087,-4.46495931567087
78,45.32833333333334,32.67166666666666
28,36.2,-8.200000000000003
75,66.61466666666666,8.385333333333335
21,28.96,-7.960000000000001
18,27.21166666666667,-9.21166666666667
37,39.535,-2.5349999999999966
1,47.45064423076923,-46.45064423076923
30,41.3225,-11.322499999999998
45,37.721221322537104,7.2787786774628955
0,4.52,-4.52
28,31.023000000000003,-3.0230000000000032
48,37.431,10.569000000000003
28,28.405,-0.40500000000000114
34,43.1955,-9.195500000000003
24,32.891666666666666,-8.891666666666666
42,41.45,0.5499999999999972
46,41.6225,4.377499999999998
61,34.68985144927536,26.31014855072464
22,32.388047619047626,-10.388047619047626
46,34.70283333333333,11.29716666666667
45,42.52366666666667,2.4763333333333293
42,44.43,-2.4299999999999997
43,35.51281629318394,7.487183706816062
19,34.21190476190476,-15.211904761904762
34,40.11818181818182,-6.118181818181817
0,1.1,-1.1
26,30.56,-4.559999999999999
3,23.07,-20.07
44,36.18819047619048,7.811809523809522
37,36.711999999999996,0.2880000000000038
48,44.975,3.0249999999999986
1,6.188714231760672,-5.188714231760672
19,33.08,-14.079999999999998
45,34.13415750915751,10.865842490842489
52,47.91538461538462,4.0846153846153825
49,48.73,0.2700000000000031
12,18.943333333333335,-6.943333333333335
45,42.21,2.789999999999999
60,35.92771739130435,24.07228260869565
56,57.15630447330448,-1.1563044733044805
28,33.95083333333333,-5.950833333333328
58,48.50466666666667,9.495333333333328
6,17.72,-11.719999999999999
45,44.57,0.4299999999999997
46,36.71,9.29
45,42.04,2.960000000000001
48,42.01,5.990000000000002
42,41.19,0.8100000000000023
46,42.0975,3.9025000000000034
43,45.32963636363636,-2.329636363636361
58,43.67216666666666,14.327833333333338
41,41.19002597402598,-0.19002597402597843
24,50.85,-26.85
61,43.26416666666666,17.73583333333334
26,30.731785714285717,-4.731785714285717
53,39.734,13.265999999999998
18,35.0752380952381,-17.0752380952381
41,25.504250000000003,15.495749999999997
23,29.702858651645837,-6.702858651645837
72,35.895,36.105
27,27.08,-0.0799999999999983
63,41.903573463573466,21.096426536426534
69,32.448743386243386,36.551256613756614
47,43.40666666666666,3.593333333333341
0,7.886870245743534,-7.886870245743534
34,31.216555555555555,2.783444444444445
21,20.86,0.14000000000000057
23,35.98,-12.979999999999997
0,16.405,-16.405
17,29.509333333333334,-12.509333333333334
74,67.845,6.155000000000001
56,44.50104166666667,11.498958333333327
18,37.121613636363634,-19.121613636363634
26,24.95666666666667,1.0433333333333294
83,75.45,7.549999999999997
52,41.35571428571428,10.644285714285722
53,26.43666666666667,26.56333333333333
29,35.49,-6.490000000000002
22,28.3175,-6.317499999999999
0,0.0,0.0
21,24.683333333333334,-3.6833333333333336
33,33.695,-0.6950000000000003
58,48.68,9.32
1,3.47,-2.47
39,17.25375,21.74625
19,39.42333333333333,-20.423333333333332
39,28.26,10.739999999999998
62,40.80183333333333,21.198166666666673
40,36.10681818181818,3.893181818181823
10,32.986,-22.985999999999997
92,15.889805795511672,76.11019420448832
59,39.83166666666666,19.168333333333337
0,3.197457935985858,-3.197457935985858
51,40.484,10.515999999999998
68,55.8009375,12.199062499999997
62,48.130714285714284,13.869285714285716
41,39.62,1.3800000000000026
9,23.385,-14.385000000000002
33,29.2825,3.717500000000001
49,45.88428571428572,3.115714285714283
13,11.81,1.1899999999999995
37,40.62,-3.6199999999999974
0,26.16,-26.16
74,71.956,2.043999999999997
43,39.095,3.905000000000001
62,43.55,18.450000000000003
56,50.84857142857143,5.151428571428568
43,40.2,2.799999999999997
0,18.214504504504504,-18.214504504504504
60,54.28,5.719999999999999
74,64.15,9.849999999999994
30,29.271579831932772,0.7284201680672275
43,34.34466666666666,8.655333333333338
27,39.46333333333334,-12.463333333333338
36,40.358333333333334,-4.358333333333334
0,24.05,-24.05
11,30.296999999999997,-19.296999999999997
49,34.453,14.546999999999997
50,44.015,5.984999999999999
24,35.81666666666666,-11.816666666666663
43,36.20166666666667,6.798333333333332
22,24.326666666666668,-2.326666666666668
49,37.830214285714284,11.169785714285716
34,27.842333333333336,6.157666666666664
0,15.889805795511672,-15.889805795511672
44,43.27,0.7299999999999969
0,11.592,-11.592
9,35.339166666666664,-26.339166666666664
24,25.37623076923077,-1.3762307692307694
7,16.84,-9.84
43,41.5525,1.447499999999998
0,5.34,-5.34
0,3.73,-3.73
42,38.152142857142856,3.847857142857144
66,60.46,5.539999999999999
17,42.26030303030303,-25.260303030303028
4,17.548436790718597,-13.548436790718597
5,26.657759103641457,-21.657759103641457
11,21.42,-10.420000000000002
69,57.397222222222226,11.602777777777774
32,37.68166666666667,-5.681666666666672
0,2.87,-2.87
55,40.436,14.564
63,57.59,5.409999999999997
17,17.645,-0.6449999999999996
65,55.647749999999995,9.352250000000005
75,42.80412090007628,32.19587909992372
46,45.74,0.259999999999998
60,41.28400490196078,18.715995098039222
35,35.38,-0.38000000000000256
74,40.25,33.75
21,34.165,-13.165
0,2.4636779074414283,-2.4636779074414283
47,46.76,0.240000000000002
70,33.697410714285716,36.302589285714284
28,37.14102272727273,-9.141022727272727
18,28.97,-10.969999999999999
0,3.66,-3.66
29,37.61416666666667,-8.61416666666667
0,3.43564059504879,-3.43564059504879
0,36.259,-36.259
60,34.33166666666666,25.668333333333337
47,33.565714285714286,13.434285714285714
28,32.79,-4.789999999999999
31,36.43,-5.43
55,6.283333333333332,48.71666666666667
67,63.38,3.6199999999999974
0,45.04557142857143,-45.04557142857143
31,33.34,-2.3400000000000034
27,26.343333333333334,0.6566666666666663
18,33.12387878787879,-15.123878787878787
44,40.0465,3.9534999999999982
37,39.13,-2.1300000000000026
39,38.8875,0.11249999999999716
15,25.91,-10.91
14,25.90333333333333,-11.903333333333329
13,19.827,-6.827000000000002
46,32.39,13.61
28,18.894598384851015,9.105401615148985
0,1.8127064266940396,-1.8127064266940396
1,0.15560770733508344,0.8443922926649166
58,49.3225,8.677500000000002
31,34.01666666666667,-3.016666666666673
0,8.06,-8.06
27,37.82666666666667,-10.826666666666668
0,0.5331034871131621,-0.5331034871131621
60,29.746,30.254
18,25.405,-7.405000000000001
39,38.90050000000001,0.09949999999999193
38,36.44,1.5600000000000023
0,17.59944723400954,-17.59944723400954
5,12.926666666666666,-7.926666666666666
0,79.87,-79.87
47,45.961999999999996,1.0380000000000038
0,0.4759067590638421,-0.4759067590638421
25,44.283416666666675,-19.283416666666675
44,39.30888888888889,4.691111111111113
43,44.16804411764706,-1.1680441176470566
26,38.2825,-12.282499999999999
47,42.43833333333333,4.561666666666667
0,35.2975,-35.2975
0,0.3635672562731386,-0.3635672562731386
50,46.3625,3.637500000000003
43,46.180166666666665,-3.180166666666665
25,30.356666666666666,-5.356666666666666
44,41.4,2.6000000000000014
42,40.18958333333333,1.8104166666666686
0,16.27,-16.27
51,45.13,5.869999999999997
25,26.59,-1.5899999999999999
40,32.63447154471545,7.365528455284547
25,26.41,-1.4100000000000001
29,39.0745,-10.0745
0,3.02,-3.02
48,42.121,5.878999999999998
40,39.54,0.46000000000000085
6,31.99666666666667,-25.99666666666667
57,50.58,6.420000000000002
0,0.81,-0.81
35,29.07,5.93
38,45.31638095238095,-7.316380952380953
55,41.468,13.531999999999996
8,14.660833333333334,-6.6608333333333345
18,30.24125,-12.24125
34,33.76614285714286,0.23385714285713988
0,0.88,-0.88
18,19.81,-1.8099999999999987
50,46.544285714285714,3.4557142857142864
47,46.22,0.7800000000000011
28,33.238076923076925,-5.238076923076925
62,31.18,30.82
43,39.01,3.990000000000002
21,26.84833333333333,-5.848333333333329
34,35.400416666666665,-1.4004166666666649
78,63.860285714285716,14.139714285714284
33,33.87,-0.8699999999999974
52,39.87,12.130000000000003
51,42.01348484848484,8.986515151515157
0,16.116666666666667,-16.116666666666667
49,41.4595,7.5405000000000015
30,39.61,-9.61
16,22.89,-6.890000000000001
34,20.42,13.579999999999998
57,54.148888888888884,2.8511111111111163
49,44.355,4.645000000000003
62,52.91,9.090000000000003
20,28.974333333333334,-8.974333333333334
46,39.775,6.225000000000001
26,26.93666666666667,-0.936666666666671
28,32.4475,-4.447499999999998
54,43.5,10.5
19,36.6925,-17.692500000000003
69,45.49305555555556,23.506944444444443
20,39.11416666666666,-19.114166666666662
21,24.96,-3.960000000000001
63,37.968333333333334,25.031666666666666
53,38.2525,14.747500000000002
59,36.68033333333333,22.31966666666667
62,46.73333333333334,15.266666666666659
0,17.308333333333334,-17.308333333333334
0,0.03382892731669073,-0.03382892731669073
70,39.96009523809524,30.039904761904758
36,47.553833333333344,-11.553833333333344
33,28.1525,4.8475
65,39.4075,25.5925
63,37.78520185220185,25.21479814779815
22,38.75,-16.75
45,32.35333333333333,12.646666666666668
49,24.45,24.55
41,29.185,11.815000000000001
25,20.913768274853798,4.086231725146202
8,10.81,-2.8100000000000005
42,40.79,1.2100000000000009
8,34.08,-26.08
47,63.08,-16.08
42,36.32,5.68
20,37.645,-17.645000000000003
84,44.481583333333326,39.518416666666674
30,36.76020952380953,-6.760209523809529
63,39.795500000000004,23.204499999999996
31,13.74,17.259999999999998
29,29.605,-0.6050000000000004
11,28.728818181818184,-17.728818181818184
32,32.16,-0.1599999999999966
55,49.513999999999996,5.486000000000004
22,34.7325,-12.732500000000002
18,18.41,-0.41000000000000014
33,21.287000000000003,11.712999999999997
62,44.4075,17.5925
56,40.83047619047619,15.16952380952381
42,36.669189935064935,5.330810064935065
35,36.858000000000004,-1.858000000000004
1,42.466,-41.466
23,33.89023809523809,-10.89023809523809
26,42.625,-16.625
56,41.5231200458907,14.4768799541093
47,39.74,7.259999999999998
0,0.0,0.0
0,0.0,0.0
30,38.51634615384615,-8.51634615384615
31,26.846666666666664,4.153333333333336
49,45.785,3.2150000000000034
64,63.73440476190477,0.26559523809523
0,34.755,-34.755
45,44.48,0.5200000000000031
31,29.76,1.2399999999999984
50,37.385,12.615000000000002
22,45.31833333333334,-23.318333333333342
68,62.31,5.689999999999998
0,7.76,-7.76
44,39.70484848484848,4.295151515151517
0,2.5947500000000003,-2.5947500000000003
53,27.780500000000004,25.219499999999996
0,45.979523809523805,-45.979523809523805
55,49.05,5.950000000000003
33,29.936805555555555,3.063194444444445
58,52.59,5.409999999999997
63,53.92,9.079999999999998
47,33.95833333333333,13.041666666666671
0,0.0,0.0
26,45.35166666666666,-19.35166666666666
0,26.908923076923084,-26.908923076923084
56,39.38666666666666,16.613333333333337
16,35.09,-19.090000000000003
38,38.861999999999995,-0.8619999999999948
20,35.78666666666666,-15.786666666666662
68,53.45,14.549999999999997
48,14.75354392278925,33.24645607721075
59,50.94,8.060000000000002
54,22.37,31.63
0,30.173333333333336,-30.173333333333336
47,44.758,2.2419999999999973
31,29.16,1.8399999999999999
71,66.85740740740741,4.142592592592592
41,37.98,3.020000000000003
49,26.76033333333333,22.23966666666667
0,0.0,0.0
24,42.8111,-18.811100000000003
33,39.459880952380956,-6.459880952380956
20,16.5,3.5
55,47.53,7.469999999999999
59,55.3525,3.647500000000001
54,50.8,3.200000000000003
8,22.532941176470587,-14.532941176470587
0,0.0,0.0
54,50.83,3.1700000000000017
0,49.28,-49.28
45,42.075,2.924999999999997
37,37.92129464285714,-0.9212946428571414
0,33.61,-33.61
35,34.89,0.10999999999999943
33,32.59,0.4099999999999966
56,48.96333333333334,7.036666666666662
38,26.17,11.829999999999998
57,43.37,13.630000000000003
20,25.984761904761903,-5.984761904761903
0,34.37090909090909,-34.37090909090909
0,30.00090909090909,-30.00090909090909
9,29.83,-20.83
0,8.570526315789474,-8.570526315789474
57,38.31045454545455,18.689545454545453
1,0.2859250471750471,0.7140749528249529
50,42.5617735042735,7.4382264957264965
35,31.465,3.535
2,1.855740213582788,0.14425978641721193
35,33.561,1.439
72,50.11208333333333,21.88791666666667
31,40.466012820512816,-9.466012820512816
6,13.83,-7.83
49,40.66333333333333,8.336666666666673
39,38.775,0.22500000000000142
12,33.59166666666667,-21.59166666666667
46,35.142,10.857999999999997
27,30.28666666666667,-3.286666666666669
61,55.56,5.439999999999998
29,27.400347222222223,1.5996527777777771
39,37.21666666666667,1.7833333333333314
0,0.6,-0.6
22,25.19,-3.1900000000000013
33,37.91,-4.909999999999997
15,28.23285714285714,-13.232857142857139
1,19.245,-18.245
41,39.515,1.4849999999999994
41,41.08833333333334,-0.08833333333333826
54,37.206277777777785,16.793722222222215
22,38.056,-16.055999999999997
28,41.43666666666667,-13.436666666666667
40,42.08666666666666,-2.086666666666659
68,64.5953846153846,3.404615384615397
30,34.32680451127819,-4.3268045112781905
1,31.62,-30.62
0,2.98,-2.98
45,40.54,4.460000000000001
52,51.03,0.9699999999999989
0,0.0,0.0
12,31.539333333333335,-19.539333333333335
21,40.07,-19.07
1,2.7612267023654704,-1.7612267023654704
36,41.126000000000005,-5.126000000000005
61,40.88852380952381,20.11147619047619
48,46.19666666666666,1.8033333333333417
43,41.65,1.3500000000000014
52,27.28,24.72
64,54.215,9.784999999999997
35,44.376000000000005,-9.376000000000005
20,39.51,-19.509999999999998
41,40.925,0.07500000000000284
55,38.9725,16.027500000000003
1,1.2624881784881783,-0.2624881784881783
28,40.354,-12.354
1,0.4332448711419299,0.5667551288580701
20,30.87166666666667,-10.87166666666667
30,36.291450980392156,-6.291450980392156
49,42.381,6.619
44,29.715833333333336,14.284166666666664
64,35.1636393804682,28.836360619531803
45,41.35984848484848,3.6401515151515227
41,40.54767676767677,0.4523232323232307
19,25.157261904761903,-6.157261904761903
8,24.365,-16.365
71,56.074,14.926000000000002
59,52.93,6.07
50,45.4107380952381,4.589261904761898
53,40.024166666666666,12.975833333333334
0,15.29,-15.29
41,36.70706837606838,4.292931623931622
41,32.723333333333336,8.276666666666664
34,31.240166666666664,2.7598333333333365
54,36.38791666666666,17.612083333333338
0,26.51692063492063,-26.51692063492063
23,22.63,0.370000000000001
14,42.09,-28.090000000000003
22,30.61,-8.61
46,27.461538461538463,18.538461538461537
51,38.36333333333333,12.63666666666667
30,28.313333333333336,1.6866666666666639
32,40.853,-8.853000000000002
48,24.19,23.81
25,43.865,-18.865000000000002
41,28.605,12.395
71,61.71,9.29
24,27.61,-3.6099999999999994
38,37.73,0.2700000000000031
22,22.9,-0.8999999999999986
46,44.702,1.2980000000000018
70,64.62,5.3799999999999955
43,41.45,1.5499999999999972
0,23.007142857142856,-23.007142857142856
44,41.72888888888889,2.271111111111111
0,35.10955555555556,-35.10955555555556
21,36.9300670995671,-15.930067099567097
57,32.7175,24.2825
20,30.37,-10.370000000000001
62,54.7225,7.277500000000003
24,43.17616666666667,-19.176166666666667
73,60.845,12.155000000000001
60,40.53933333333333,19.46066666666667
0,0.0,0.0
18,39.55,-21.549999999999997
49,33.05,15.950000000000003
29,39.916666666666664,-10.916666666666664
1,6.047236897089837,-5.047236897089837
67,38.30972222222222,28.69027777777778
40,39.56357843137255,0.43642156862745196
0,0.0,0.0
0,0.0,0.0
19,18.8604,0.1396000000000015
60,29.8725,30.1275
51,27.1425,23.8575
4,9.820666666666666,-5.820666666666666
2,21.982,-19.982
48,39.25,8.75
0,34.13910714285714,-34.13910714285714
65,41.8,23.200000000000003
50,48.63,1.3699999999999974
0,1.42,-1.42
39,49.91842857142858,-10.918428571428578
0,1.497519403173443,-1.497519403173443
59,53.86,5.140000000000001
0,0.45197043253929786,-0.45197043253929786
27,27.226199186991867,-0.2261991869918667
58,51.4,6.600000000000001
56,41.2,14.799999999999997
60,45.62128571428571,14.378714285714288
46,42.32,3.6799999999999997
16,34.02666666666667,-18.02666666666667
60,38.02,21.979999999999997
74,57.98333333333334,16.01666666666666
30,31.22,-1.2199999999999989
60,32.830588235294115,27.169411764705885
41,34.7,6.299999999999997
0,1.475435015313727,-1.475435015313727
0,41.5275,-41.5275
27,25.16,1.8399999999999999
49,45.61,3.3900000000000006
8,16.84,-8.84
21,28.765,-7.765000000000001
0,24.44,-24.44
22,27.96,-5.960000000000001
48,29.595,18.405
65,27.765383549931602,37.2346164500684
1,2.9431111111111106,-1.9431111111111106
42,34.33692857142857,7.663071428571428
54,37.23880952380952,16.761190476190478
43,23.63,19.37
0,0.0,0.0
44,33.20108333333334,10.798916666666663
43,40.75666666666667,2.2433333333333323
57,36.59,20.409999999999997
43,27.997,15.003
0,6.12630772005772,-6.12630772005772
0,0.11888023040770715,-0.11888023040770715
51,47.67,3.3299999999999983
1,33.99,-32.99
48,40.58966666666666,7.410333333333341
40,39.73,0.2700000000000031
12,31.080476190476187,-19.080476190476187
66,39.33,26.67
0,37.8,-37.8
17,26.247,-9.247
24,32.71,-8.71
0,3.6,-3.6
21,32.735,-11.735
26,14.381875,11.618125
71,52.6,18.4
8,21.395,-13.395
32,25.13125,6.868749999999999
59,37.38,21.619999999999997
62,31.66333333333333,30.33666666666667
0,8.715653582704599,-8.715653582704599
44,38.05666666666667,5.943333333333328
36,34.3595,1.640500000000003
40,45.04600000000001,-5.0460000000000065
55,30.17838596491228,24.82161403508772
45,39.63,5.369999999999997
42,72.41,-30.409999999999997
14,17.31,-3.3099999999999987
0,1.4096269841269842,-1.4096269841269842
10,21.09,-11.09
30,39.44126262626262,-9.44126262626262
21,26.97,-5.969999999999999
8,23.05,-15.05
72,31.31733333333333,40.68266666666667
48,45.49,2.509999999999998
7,19.48,-12.48
50,35.79666666666667,14.203333333333333
24,33.06,-9.060000000000002
7,8.31870634920635,-1.3187063492063498
48,49.32,-1.3200000000000003
53,56.924335664335665,-3.924335664335665
69,62.928999999999995,6.071000000000005
57,52.55,4.450000000000003
0,44.02990476190476,-44.02990476190476
29,38.52,-9.520000000000003
0,38.8,-38.8
0,0.0,0.0
3,4.546540080257085,-1.5465400802570848
65,58.65,6.350000000000001
40,39.98,0.020000000000003126
32,39.94,-7.939999999999998
29,48.765,-19.765
0,0.19643678869209175,-0.19643678869209175
0,1.1532498291524909,-1.1532498291524909
5,32.35,-27.35
1,0.5926981906981905,0.4073018093018095
0,35.832307692307694,-35.832307692307694
12,16.0,-4.0
48,44.975,3.0249999999999986
36,33.53666666666666,2.4633333333333383
42,37.99583333333334,4.004166666666663
0,30.725,-30.725
63,40.555,22.445
49,42.34,6.659999999999997
42,42.17,-0.1700000000000017
44,29.263333333333332,14.736666666666668
62,45.306047619047625,16.693952380952375
29,31.593333333333334,-2.5933333333333337
45,43.6225,1.3774999999999977
0,5.362222222222222,-5.362222222222222
38,36.25,1.75
61,45.14176406926406,15.858235930735937
35,41.11,-6.109999999999999
17,38.759166666666665,-21.759166666666665
50,39.464523809523804,10.535476190476196
66,37.3547619047619,28.6452380952381
43,35.55,7.450000000000003
0,5.63,-5.63
19,27.995,-8.995000000000001
0,14.64,-14.64
42,40.63928571428571,1.3607142857142875
31,33.96113636363636,-2.9611363636363635
64,52.68,11.32
52,43.1975,8.802500000000002
0,1.6625180220106694,-1.6625180220106694
56,49.89,6.109999999999999
48,46.84841463414634,1.1515853658536628
26,29.284000000000002,-3.2840000000000025
25,24.18,0.8200000000000003
65,64.68,0.3199999999999932
0,42.983999999999995,-42.983999999999995
47,34.49118181818182,12.508818181818178
64,56.2,7.799999999999997
41,40.27444444444444,0.7255555555555588
31,29.808333333333334,1.1916666666666664
27,32.88,-5.880000000000003
0,38.67315909090909,-38.67315909090909
37,35.3675,1.6325000000000003
0,18.342,-18.342
44,38.52,5.479999999999997
52,46.26,5.740000000000002
45,39.12883333333334,5.87116666666666
22,26.77,-4.77
0,0.7294642251453394,-0.7294642251453394
50,46.415,3.585000000000001
35,43.66015970515971,-8.660159705159707
12,30.343095238095238,-18.343095238095238
44,43.56,0.4399999999999977
14,24.127707070707064,-10.127707070707064
74,60.85133333333334,13.148666666666657
53,51.23333333333334,1.7666666666666586
37,42.966,-5.966000000000001
65,33.38,31.619999999999997
25,30.65167857142857,-5.651678571428569
0,3.197457935985858,-3.197457935985858
13,37.09634949494949,-24.096349494949493
50,36.49169047619048,13.508309523809523
41,34.842372294372296,6.157627705627704
29,28.69,0.3099999999999987
11,39.41045454545454,-28.41045454545454
25,30.14,-5.140000000000001
39,38.76,0.240000000000002
41,31.43,9.57
28,28.27,-0.2699999999999996
2,9.625576923076922,-7.625576923076922
24,36.99666666666667,-12.99666666666667
54,48.47888888888889,5.521111111111111
32,31.85,0.14999999999999858
0,2.96,-2.96
74,68.35,5.650000000000006
51,25.11,25.89
35,35.47,-0.46999999999999886
37,27.124285714285715,9.875714285714285
61,54.32833333333333,6.671666666666667
5,18.691666666666666,-13.691666666666666
45,36.278,8.722000000000001
0,0.0,0.0
61,38.45091117216117,22.54908882783883
26,38.391999999999996,-12.391999999999996
60,32.812036231884065,27.187963768115935
43,33.27,9.729999999999997
61,59.24,1.759999999999998
19,20.529,-1.529
81,44.5975,36.4025
13,38.5525,-25.552500000000002
3,1.2744577089577092,1.7255422910422908
50,56.34314285714285,-6.343142857142851
57,42.43,14.57
46,42.398,3.6019999999999968
34,45.0675,-11.067500000000003
43,38.2606122072372,4.739387792762798
20,40.906666666666666,-20.906666666666666
0,0.0,0.0
25,30.85734149184149,-5.857341491841488
56,26.55,29.45
75,74.56,0.4399999999999977
17,19.12,-2.120000000000001
64,58.8,5.200000000000003
44,37.1625,6.837499999999999
59,50.48,8.520000000000003
41,35.48,5.520000000000003
12,23.37,-11.370000000000001
0,0.829534992784993,-0.829534992784993
38,37.32,0.6799999999999997
59,36.185833333333335,22.814166666666665
50,48.09,1.9099999999999966
46,41.44,4.560000000000002
30,31.856805555555557,-1.8568055555555567
67,59.33166666666666,7.6683333333333366
55,45.51333333333334,9.486666666666657
44,44.28333333333333,-0.28333333333333144
55,47.16,7.840000000000003
19,34.38128205128205,-15.38128205128205
23,38.955,-15.954999999999998
43,38.542,4.457999999999998
45,42.72666666666667,2.2733333333333334
0,0.0,0.0
46,44.884666666666675,1.115333333333325
53,46.055,6.945
46,36.87,9.130000000000003
55,31.8475,23.1525
0,0.0,0.0
69,60.336000000000006,8.663999999999994
0,36.1496248606466,-36.1496248606466
33,36.36283333333333,-3.3628333333333273
40,40.01988095238095,-0.019880952380951555
0,19.9,-19.9
33,36.469166666666666,-3.4691666666666663
33,32.60619047619047,0.39380952380953005
23,27.94333333333333,-4.943333333333332
23,42.39,-19.39
59,40.24666666666666,18.753333333333337
13,37.75493697478991,-24.754936974789914
41,37.96,3.039999999999999
53,28.17,24.83
0,0.03382892731669073,-0.03382892731669073
69,42.13333333333334,26.86666666666666
0,0.0,0.0
23,35.83,-12.829999999999998
52,45.62,6.380000000000003
69,56.31037037037037,12.689629629629628
27,38.07186507936508,-11.071865079365082
30,42.39,-12.39
23,35.86333333333334,-12.863333333333337
69,65.03,3.969999999999999
2,14.14632162282163,-12.14632162282163
10,24.85,-14.850000000000001
68,44.41416666666666,23.58583333333334
0,38.371,-38.371
44,51.94688095238095,-7.946880952380951
66,59.23,6.770000000000003
0,8.45,-8.45
54,35.0675,18.932499999999997
0,0.0,0.0
0,19.758685716502278,-19.758685716502278
48,38.04888888888889,9.95111111111111
58,44.175,13.825000000000003
35,39.556666666666665,-4.556666666666665
68,36.01,31.990000000000002
37,34.947023809523806,2.052976190476194
27,36.59041979428617,-9.59041979428617
0,5.501952380952382,-5.501952380952382
50,45.52,4.479999999999997
14,31.1725,-17.1725
0,0.92,-0.92
0,0.1499714651533537,-0.1499714651533537
34,30.61076923076923,3.389230769230771
23,37.010214285714284,-14.010214285714284
41,39.35,1.6499999999999986
30,37.78,-7.780000000000001
62,42.715,19.284999999999997
41,34.24,6.759999999999998
0,27.74,-27.74
55,51.04,3.960000000000001
40,37.12833333333334,2.8716666666666626
62,32.281666666666666,29.718333333333334
43,34.524166666666666,8.475833333333334
44,43.17666666666667,0.8233333333333306
56,52.847,3.1529999999999987
24,24.92,-0.9200000000000017
47,45.82,1.1799999999999997
33,28.86,4.140000000000001
51,23.5,27.5
41,37.22,3.780000000000001
0,35.04291666666666,-35.04291666666666
66,55.855,10.145000000000003
27,34.99333333333333,-7.993333333333332
50,48.695,1.3049999999999997
64,44.645,19.354999999999997
8,11.69,-3.6899999999999995
50,37.58833333333333,12.411666666666669
59,52.22142857142857,6.778571428571432
0,12.09,-12.09
49,36.35950000000001,12.640499999999989
47,42.54,4.460000000000001
45,34.739583333333336,10.260416666666664
57,47.53166666666666,9.46833333333334
49,46.972,2.0279999999999987
65,27.43,37.57
40,39.23538461538462,0.7646153846153823
44,39.53,4.469999999999999
0,23.55189655172414,-23.55189655172414
24,22.66,1.3399999999999999
39,41.43,-2.4299999999999997
20,43.98033333333333,-23.980333333333327
61,35.64285714285714,25.35714285714286
0,37.86657176157176,-37.86657176157176
46,43.6325,2.3674999999999997
49,47.44,1.5600000000000023
55,20.183,34.817
60,52.08,7.920000000000002
23,26.334470588235295,-3.3344705882352947
29,31.91683778966132,-2.9168377896613187
0,0.47574206349206366,-0.47574206349206366
14,6.212499999999999,7.787500000000001
45,45.93527380952381,-0.9352738095238067
56,54.4,1.6000000000000014
48,33.69305555555556,14.30694444444444
36,36.33333333333333,-0.3333333333333286
48,29.211666666666666,18.788333333333334
64,37.674,26.326
25,29.38,-4.379999999999999
69,51.60425,17.39575
39,34.94798214285714,4.052017857142857
54,38.96166666666667,15.038333333333327
7,28.040289855072466,-21.040289855072466
50,48.77133333333333,1.228666666666669
25,34.1735,-9.173499999999997
0,0.27264630261005945,-0.27264630261005945
1,21.67,-20.67
45,36.4885294117647,8.511470588235298
0,28.53666666666667,-28.53666666666667
0,0.9440282801134191,-0.9440282801134191
20,40.34833333333333,-20.34833333333333
28,37.34904761904762,-9.349047619047617
43,41.82583333333334,1.1741666666666575
35,29.182166666666664,5.817833333333336
26,28.366666666666664,-2.3666666666666636
34,40.12285714285714,-6.122857142857143
33,44.987142857142864,-11.987142857142864
75,72.70444444444445,2.295555555555552
41,33.39666666666667,7.603333333333332
18,31.02,-13.02
73,39.39120833333333,33.60879166666667
35,18.685,16.315
0,2.7189774776852396,-2.7189774776852396
21,33.916666666666664,-12.916666666666664
74,32.856428571428566,41.143571428571434
22,23.066666666666666,-1.0666666666666664
43,43.275,-0.2749999999999986
0,0.0,0.0
20,39.62181818181818,-19.621818181818178
54,41.488,12.512
22,30.13647619047619,-8.136476190476191
16,37.50233333333333,-21.502333333333333
30,34.65808333333334,-4.658083333333337
71,49.51880952380952,21.481190476190477
23,32.86,-9.86
5,25.65982142857143,-20.65982142857143
59,54.105,4.895000000000003
52,33.96,18.04
65,64.06,0.9399999999999977
30,41.52166666666666,-11.521666666666661
24,34.54,-10.54
21,44.885,-23.884999999999998
33,37.678000000000004,-4.678000000000004
23,39.01208333333334,-16.012083333333337
64,54.39375,9.606250000000003
41,43.372,-2.372
61,46.875,14.125
0,0.08607016350075342,-0.08607016350075342
38,39.97666666666667,-1.9766666666666666
67,58.6125,8.387500000000003
53,51.725,1.2749999999999986
62,36.57333333333334,25.426666666666662
71,31.678333333333335,39.321666666666665
48,41.97666666666667,6.023333333333333
12,29.409833333333335,-17.409833333333335
10,15.53,-5.529999999999999
53,35.17567039627039,17.82432960372961
61,56.39,4.609999999999999
0,0.0,0.0
58,53.45,4.549999999999997
17,36.365,-19.365000000000002
27,44.714166666666664,-17.714166666666664
40,42.54,-2.539999999999999
17,41.01166666666667,-24.01166666666667
39,29.34,9.66
27,40.471,-13.470999999999997
41,39.43,1.5700000000000003
52,25.45,26.55
0,18.348,-18.348
42,34.90585701969913,7.094142980300873
25,32.08,-7.079999999999998
39,39.59,-0.5900000000000034
15,32.28666666666667,-17.28666666666667
60,32.24,27.759999999999998
23,30.949333333333335,-7.949333333333335
10,36.903333333333336,-26.903333333333336
19,31.2675,-12.267499999999998
67,53.841523809523814,13.158476190476186
23,37.97938095238095,-14.97938095238095
0,17.155956043956042,-17.155956043956042
45,42.51,2.490000000000002
2,1.5999240204240202,0.40007597957597985
22,27.487142857142857,-5.487142857142857
11,24.85083333333333,-13.85083333333333
46,42.73,3.270000000000003
0,0.0,0.0
39,43.21,-4.210000000000001
17,26.12,-9.120000000000001
20,39.281285714285715,-19.281285714285715
24,33.56693006993007,-9.566930069930073
26,35.9,-9.899999999999999
42,38.57000000000001,3.4299999999999926
46,25.189333333333334,20.810666666666666
46,32.69583333333333,13.304166666666667
36,30.49222222222222,5.507777777777779
38,34.05,3.950000000000003
76,49.04208842292275,26.957911577077248
18,41.98,-23.979999999999997
16,29.213666666666665,-13.213666666666665
66,44.724,21.276000000000003
0,3.96,-3.96
59,42.76666666666666,16.23333333333334
0,3.15,-3.15
38,40.51833333333334,-2.518333333333338
17,25.286000000000005,-8.286000000000005
25,32.5158064516129,-7.515806451612903
48,45.65571428571428,2.344285714285718
9,26.373333333333335,-17.373333333333335
44,41.442,2.558
27,25.118333333333336,1.8816666666666642
37,30.72,6.280000000000001
14,25.83028571428571,-11.830285714285711
0,29.344,-29.344
27,24.745,2.254999999999999
43,43.11,-0.10999999999999943
25,32.68600000000001,-7.686000000000007
58,46.446000000000005,11.553999999999995
1,1.87,-0.8700000000000001
60,35.40757286192069,24.59242713807931
20,31.425132352941173,-11.425132352941173
9,17.425,-8.425
0,11.09,-11.09
48,37.151666666666664,10.848333333333336
59,51.44,7.560000000000002
48,41.71,6.289999999999999
75,61.67,13.329999999999998
26,36.711190476190474,-10.711190476190474
20,42.35,-22.35
72,55.832,16.168
0,11.82,-11.82
40,35.288999999999994,4.711000000000006
51,48.09,2.9099999999999966
45,30.59,14.41
41,41.74,-0.740000000000002
48,41.885,6.115000000000002
41,30.276388888888892,10.723611111111108
19,37.22625,-18.22625
24,38.48305555555556,-14.48305555555556
12,32.93,-20.93
22,27.50666666666667,-5.506666666666671
73,62.74,10.259999999999998
52,51.58,0.4200000000000017
46,42.72963636363637,3.2703636363636335
21,36.22033333333333,-15.220333333333329
43,21.35,21.65
63,41.92761904761905,21.072380952380954
60,37.06,22.939999999999998
1,0.5926981906981905,0.4073018093018095
22,35.644999999999996,-13.644999999999996
38,41.865,-3.865000000000002
8,19.76,-11.760000000000002
0,6.99,-6.99
16,25.826000000000004,-9.826000000000004
34,38.06,-4.060000000000002
47,24.83487878787879,22.16512121212121
64,59.81,4.189999999999998
23,33.91,-10.909999999999997
41,38.35702380952381,2.6429761904761904
33,27.365,5.635000000000002
46,40.43,5.57
28,37.14661904761905,-9.146619047619048
0,1.78,-1.78
20,36.2575,-16.2575
78,66.14,11.86
16,32.641666666666666,-16.641666666666666
65,43.907,21.093000000000004
18,34.1525,-16.152500000000003
35,43.005,-8.005000000000003
52,36.895,15.104999999999997
39,42.92,-3.9200000000000017
26,27.49,-1.4899999999999984
0,40.8327619047619,-40.8327619047619
1,37.03580952380952,-36.03580952380952
61,36.652179487179495,24.347820512820505
25,28.165,-3.164999999999999
0,6.245948628993679,-6.245948628993679
44,43.44,0.5600000000000023
78,47.53814285714286,30.46185714285714
0,0.0,0.0
40,39.11333333333334,0.8866666666666632
47,47.266000000000005,-0.26600000000000534
34,39.58,-5.579999999999998
53,33.49548387096774,19.50451612903226
54,42.75055555555555,11.24944444444445
18,37.024,-19.024
5,30.60816666666667,-25.60816666666667
24,32.99422619047619,-8.99422619047619
71,62.4556,8.544400000000003
58,49.945,8.055
18,35.48666666666667,-17.48666666666667
66,56.94,9.060000000000002
30,34.21,-4.210000000000001
68,35.25187878787879,32.74812121212121
48,34.2,13.799999999999997
12,29.16625,-17.16625
47,35.79775,11.20225
63,62.53,0.46999999999999886
1,14.14632162282163,-13.14632162282163
57,49.34,7.659999999999997
38,42.30447619047619,-4.304476190476187
25,23.55,1.4499999999999993
42,26.475,15.524999999999999
72,60.772285714285715,11.227714285714285
34,43.49,-9.490000000000002
47,34.2125,12.787500000000001
20,28.34,-8.34
2,3.3700238095238104,-1.3700238095238104
5,33.05777777777778,-28.05777777777778
32,38.09975,-6.09975
26,39.778333333333336,-13.778333333333336
29,29.77297142857143,-0.7729714285714309
68,38.444738095238094,29.555261904761906
61,45.75666666666667,15.243333333333332
49,33.8,15.200000000000003
0,16.67942577030812,-16.67942577030812
26,39.135,-13.134999999999998
0,28.437532467532463,-28.437532467532463
8,16.23,-8.23
0,19.210335315648923,-19.210335315648923
0,8.772333333333334,-8.772333333333334
58,34.5,23.5
49,29.46,19.54
60,40.69289682539682,19.307103174603178
20,40.03,-20.03
53,28.376071428571432,24.623928571428568
37,39.23016666666666,-2.230166666666662
11,30.235,-19.235
59,48.13,10.869999999999997
0,1.54,-1.54
55,52.22,2.780000000000001
44,42.7,1.2999999999999972
50,45.12,4.880000000000003
20,40.198,-20.198
58,50.285714285714285,7.714285714285715
5,38.096666666666664,-33.096666666666664
32,26.22,5.780000000000001
45,41.618,3.381999999999998
0,12.24,-12.24
43,33.843333333333334,9.156666666666666
22,22.81,-0.8099999999999987
48,49.26,-1.259999999999998
0,4.1,-4.1
50,32.87733333333333,17.122666666666667
69,39.84166666666667,29.15833333333333
26,28.408916666666663,-2.408916666666663
52,45.49666666666666,6.503333333333337
44,48.27,-4.270000000000003
1,1.6567178001736835,-0.6567178001736835
51,49.69,1.3100000000000023
33,39.416666666666664,-6.416666666666664
61,55.81,5.189999999999998
35,37.895,-2.895000000000003
48,38.58261904761905,9.417380952380952
2,0.6667117327117329,1.333288267288267
19,30.295587301587304,-11.295587301587304
75,71.41,3.5900000000000034
42,39.68,2.3200000000000003
60,52.44166666666666,7.558333333333337
24,34.83,-10.829999999999998
51,48.49666666666666,2.5033333333333374
3,1.8127064266940396,1.1872935733059604
50,55.36,-5.359999999999999
21,37.50752136752137,-16.50752136752137
0,0.06317060649478182,-0.06317060649478182
37,36.26,0.740000000000002
52,49.76375,2.2362499999999983
0,4.13,-4.13
73,72.38,0.6200000000000045
45,43.165,1.8350000000000009
54,38.18333333333334,15.816666666666663
28,29.3,-1.3000000000000007
53,26.68,26.32
43,39.380833333333335,3.619166666666665
69,58.92166666666667,10.078333333333333
0,0.31,-0.31
45,40.176,4.823999999999998
35,33.11666666666667,1.8833333333333329
9,41.65,-32.65
48,36.64,11.36
24,33.2365,-9.2365
64,33.861666666666665,30.138333333333335
23,32.14,-9.14
0,3.62,-3.62
57,55.85,1.1499999999999986
32,44.53071428571428,-12.530714285714282
20,12.595,7.404999999999999
34,38.225,-4.225000000000001
2,35.674,-33.674
66,54.08,11.920000000000002
22,31.91166666666667,-9.911666666666669
31,37.72833333333333,-6.728333333333332
32,21.38,10.620000000000001
0,0.0,0.0
5,19.409166666666664,-14.409166666666664
50,33.16080303030303,16.83919696969697
0,0.0,0.0
15,35.513333333333335,-20.513333333333335
76,58.12333333333334,17.876666666666658
15,27.963,-12.963000000000001
40,20.59083333333333,19.40916666666667
0,30.39,-30.39
40,35.19,4.810000000000002
45,36.791384615384615,8.208615384615385
25,40.93111111111111,-15.931111111111107
47,38.15,8.850000000000001
16,30.45,-14.45
54,42.2625,11.737499999999997
16,31.75,-15.75
46,40.44113636363637,5.558863636363633
32,46.47994447657606,-14.479944476576058
39,41.77326923076923,-2.7732692307692304
22,29.15,-7.149999999999999
10,42.19,-32.19
51,38.040625,12.959375000000001
34,42.3,-8.299999999999997
33,34.9577380952381,-1.9577380952380992
0,4.26,-4.26
55,24.68,30.32
76,74.09,1.9099999999999966
32,33.47,-1.4699999999999989
61,19.532777777777778,41.46722222222222
30,40.48,-10.479999999999997
55,23.53666666666667,31.46333333333333
74,63.955,10.045000000000002
55,46.0,9.0
15,29.189444444444444,-14.189444444444444
0,42.66,-42.66
43,39.21583333333333,3.784166666666671
34,32.32904761904762,1.6709523809523787
63,54.61,8.39
0,7.596,-7.596
64,39.154833333333336,24.845166666666664
2,5.181106229503537,-3.181106229503537
60,51.36333333333333,8.63666666666667
0,0.0,0.0
18,34.683,-16.683
44,37.832,6.167999999999999
13,34.86,-21.86
20,31.66,-11.66
35,38.89,-3.8900000000000006
39,39.64,-0.6400000000000006
73,70.72,2.280000000000001
47,34.015499999999996,12.984500000000004
0,3.26,-3.26
0,9.908736804861801,-9.908736804861801
0,0.3661767464825841,-0.3661767464825841
32,28.501399767378217,3.498600232621783
25,23.135,1.8649999999999984
67,65.79,1.2099999999999937
5,18.09,-13.09
25,37.595,-12.594999999999999
10,26.74,-16.74
0,1.54,-1.54
41,33.3,7.700000000000003
2,38.433844488844485,-36.433844488844485
36,35.5,0.5
0,0.0,0.0
72,53.18600000000001,18.813999999999993
25,30.185,-5.184999999999999
31,28.272,2.7280000000000015
33,34.43666666666667,-1.4366666666666674
25,40.314166666666665,-15.314166666666665
33,37.9075,-4.907499999999999
82,33.65775,48.34225
73,32.581833333333336,40.418166666666664
1,38.75490476190476,-37.75490476190476
24,43.34,-19.340000000000003
23,22.99,0.010000000000001563
28,35.94,-7.939999999999998
0,4.93,-4.93
13,20.19,-7.190000000000001
22,26.21077056277056,-4.210770562770559
37,40.10107142857143,-3.10107142857143
54,46.055,7.945
57,50.114,6.886000000000003
61,30.87,30.13
0,5.0,-5.0
62,62.28,-0.28000000000000114
65,43.65333333333333,21.34666666666667
23,40.841,-17.841
0,0.0,0.0
65,43.51666666666666,21.48333333333334
21,43.36970238095238,-22.369702380952383
64,63.65942857142857,0.34057142857142964
23,36.39666666666667,-13.396666666666668
29,41.26166666666666,-12.261666666666663
14,23.780749999999998,-9.780749999999998
49,37.08333333333333,11.916666666666671
60,59.76,0.240000000000002
60,31.886637931034485,28.113362068965515
0,0.7047411934470758,-0.7047411934470758
27,35.272777777777776,-8.272777777777776
27,36.647380952380956,-9.647380952380956
3,1.42377380952381,1.57622619047619
56,35.62,20.380000000000003
53,45.47,7.530000000000001
76,71.23166666666668,4.768333333333317
0,26.47899261703209,-26.47899261703209
36,31.24208333333333,4.75791666666667
45,35.93230769230769,9.067692307692312
19,34.91041666666666,-15.910416666666663
51,38.97382692307692,12.02617307692308
9,24.52,-15.52
0,1.0,-1.0
59,57.66,1.3400000000000034
34,35.0025,-1.0024999999999977
3,8.26,-5.26
11,20.26,-9.260000000000002
33,43.06,-10.060000000000002
62,59.12,2.8800000000000026
39,30.33166666666667,8.66833333333333
0,18.458928571428572,-18.458928571428572
25,30.969999999999995,-5.969999999999995
41,35.99333333333333,5.006666666666668
47,47.66,-0.6599999999999966
29,24.0925,4.907499999999999
29,41.356458333333336,-12.356458333333336
37,38.28,-1.2800000000000011
78,31.031333333333333,46.968666666666664
34,28.70194805194805,5.298051948051949
27,27.408333333333335,-0.408333333333335
0,15.829230769230769,-15.829230769230769
0,31.952559523809526,-31.952559523809526
23,36.50166666666667,-13.501666666666672
56,26.54,29.46
65,62.99,2.009999999999998
57,36.985,20.015
44,39.931666666666665,4.068333333333335
58,50.316,7.6839999999999975
0,2.638292568542569,-2.638292568542569
26,29.668499999999998,-3.668499999999998
42,40.12916666666666,1.8708333333333371
11,23.6,-12.600000000000001
75,42.87,32.13
21,33.75,-12.75
54,22.305,31.695
11,40.67,-29.67
0,1.275,-1.275
39,40.755,-1.7550000000000026
35,41.663761904761905,-6.663761904761905
0,43.96,-43.96
60,41.93768530020704,18.062314699792957
45,44.096000000000004,0.9039999999999964
29,27.77266666666667,1.2273333333333305
6,2.560846681096681,3.439153318903319
19,38.17,-19.17
66,38.28886666666667,27.71113333333333
49,42.9,6.100000000000001
23,32.60191666666667,-9.601916666666668
34,21.35,12.649999999999999
2,1.2831944444444445,0.7168055555555555
80,75.54,4.459999999999994
44,42.87,1.1300000000000026
80,70.48285714285714,9.517142857142858
0,12.987324584600128,-12.987324584600128
30,40.81962121212121,-10.819621212121213
39,36.30666666666667,2.693333333333328
36,40.04242876344086,-4.04242876344086
0,0.87,-0.87
55,36.63719978254459,18.36280021745541
0,0.0,0.0
29,41.0,-12.0
24,43.35666666666667,-19.35666666666667
29,44.88366666666667,-15.88366666666667
46,40.152071428571425,5.847928571428575
28,43.37,-15.369999999999997
28,28.81,-0.8099999999999987
44,33.410333333333334,10.589666666666666
43,39.45033333333334,3.54966666666666
22,47.25,-25.25
10,33.1222480620155,-23.1222480620155
58,44.01333333333334,13.986666666666657
43,37.798833333333334,5.201166666666666
47,43.21857142857143,3.7814285714285703
38,42.59,-4.590000000000003
47,43.69,3.3100000000000023
0,0.0,0.0
43,37.13111111111111,5.86888888888889
12,40.77,-28.770000000000003
74,60.22,13.780000000000001
63,53.35976190476191,9.64023809523809
29,44.700357142857136,-15.700357142857136
43,40.5491604010025,2.450839598997497
46,45.031000000000006,0.9689999999999941
67,27.1,39.9
46,42.965,3.0349999999999966
35,41.14583333333333,-6.145833333333329
22,35.7525,-13.752499999999998
57,38.115,18.884999999999998
14,26.27,-12.27
45,43.187380952380956,1.8126190476190445
0,0.1499714651533537,-0.1499714651533537
18,27.39,-9.39
58,52.583999999999996,5.416000000000004
48,47.38,0.6199999999999974
32,41.72625,-9.72625
13,35.99,-22.990000000000002
20,22.905,-2.905000000000001
67,42.98833333333334,24.011666666666663
61,54.16727272727273,6.8327272727272685
24,26.4,-2.3999999999999986
15,19.33,-4.329999999999998
20,28.305,-8.305
16,17.52,-1.5199999999999996
72,16.78320980470488,55.21679019529512
21,30.076666666666668,-9.076666666666668
65,56.12,8.880000000000003
18,25.71,-7.710000000000001
52,49.26583333333334,2.7341666666666598
19,34.143,-15.143
34,34.15,-0.14999999999999858
69,36.43,32.57
42,36.949396825396825,5.050603174603175
24,16.71,7.289999999999999
0,4.72,-4.72
31,46.13,-15.130000000000003
24,39.066,-15.066000000000003
21,35.17,-14.170000000000002
0,2.48,-2.48
28,32.225,-4.225000000000001
44,43.64,0.35999999999999943
2,0.356016317016317,1.643983682983683
0,4.976666666666667,-4.976666666666667
0,37.79170634920635,-37.79170634920635
25,22.8,2.1999999999999993
0,4.965,-4.965
75,73.53,1.4699999999999989
58,37.73,20.270000000000003
0,11.585,-11.585
0,32.82,-32.82
0,0.18,-0.18
22,29.8175,-7.817499999999999
0,5.614322424017103,-5.614322424017103
29,35.36857142857143,-6.368571428571428
23,38.9,-15.899999999999999
76,40.34,35.66
43,35.77666666666667,7.223333333333329
69,57.2,11.799999999999997
37,30.4,6.600000000000001
58,13.274000000000001,44.726
80,41.9625,38.0375
70,42.295,27.705
54,39.278333333333336,14.721666666666664
43,34.525999999999996,8.474000000000004
55,46.50583333333333,8.494166666666672
17,19.6725,-2.6724999999999994
25,29.094,-4.094000000000001
27,25.53,1.4699999999999989
69,60.9775,8.0225
12,32.13,-20.130000000000003
71,35.3485,35.6515
21,33.85698323898324,-12.85698323898324
0,0.54,-0.54
49,18.88,30.12
2,0.0,2.0
78,50.47835714285715,27.52164285714285
21,34.82,-13.82
68,40.19775731527249,27.80224268472751
53,35.41845238095238,17.58154761904762
74,69.32,4.680000000000007
0,10.516666666666666,-10.516666666666666
0,31.74615384615385,-31.74615384615385
68,60.04,7.960000000000001
40,40.35,-0.3500000000000014
25,35.07535714285714,-10.075357142857143
65,39.87,25.130000000000003
11,39.486666666666665,-28.486666666666665
45,42.33,2.6700000000000017
0,11.110595238095238,-11.110595238095238
29,37.54,-8.54
18,29.594,-11.594000000000001
29,36.64,-7.640000000000001
1,15.097166666666665,-14.097166666666665
45,44.12,0.8800000000000026
3,39.18,-36.18
40,38.086,1.9140000000000015
0,0.07541200886974668,-0.07541200886974668
77,74.54,2.4599999999999937
67,56.46,10.54
13,38.783,-25.783
0,36.689590053737106,-36.689590053737106
59,56.838,2.161999999999999
19,27.53,-8.530000000000001
33,32.211666666666666,0.788333333333334
55,47.74105263157895,7.2589473684210475
22,35.71,-13.71
43,36.75,6.25
21,29.695714285714285,-8.695714285714285
21,38.39909090909091,-17.39909090909091
40,35.553333333333335,4.446666666666665
40,43.105,-3.104999999999997
73,38.943333333333335,34.056666666666665
70,23.804844599844603,46.1951554001554
39,38.61,0.39000000000000057
36,38.9525,-2.9525000000000006
28,43.117999999999995,-15.117999999999995
21,24.64,-3.6400000000000006
75,71.10333333333334,3.896666666666661
48,42.29549999999999,5.70450000000001
42,36.2846,5.7154000000000025
33,40.71,-7.710000000000001
19,27.51,-8.510000000000002
32,32.244386946386946,-0.24438694638694614
39,38.17,0.8299999999999983
0,15.742,-15.742
37,44.21333333333334,-7.213333333333338
41,41.64,-0.6400000000000006
0,29.96,-29.96
45,37.27811111111111,7.721888888888891
0,16.476,-16.476
7,21.033,-14.033000000000001
38,40.652857142857144,-2.652857142857144
0,4.1,-4.1
60,43.215,16.784999999999997
54,31.301111111111112,22.698888888888888
48,32.4825,15.517499999999998
71,60.68666666666667,10.313333333333333
43,43.135,-0.134999999999998
61,39.44375,21.55625
32,31.71,0.28999999999999915
47,46.53,0.46999999999999886
55,39.805,15.195
26,36.101,-10.100999999999999
65,58.67,6.329999999999998
2,4.64,-2.6399999999999997
70,68.66,1.3400000000000034
0,0.1399166666666666,-0.1399166666666666
32,30.61,1.3900000000000006
8,24.424,-16.424
16,24.50314479638009,-8.503144796380091
25,41.2075,-16.207500000000003
29,41.663999999999994,-12.663999999999994
60,34.705,25.295
78,66.67681818181818,11.323181818181823
36,39.35361904761905,-3.3536190476190484
0,0.0,0.0
63,53.38,9.619999999999997
53,45.73638095238095,7.263619047619052
28,32.354,-4.353999999999999
28,33.19285714285714,-5.192857142857143
48,39.79333333333333,8.20666666666667
57,26.74,30.26
56,38.673,17.326999999999998
0,1.4,-1.4
0,0.93,-0.93
38,39.12,-1.1199999999999974
46,44.96,1.0399999999999991
0,0.9341683592209,-0.9341683592209
0,7.39,-7.39
26,36.276666666666664,-10.276666666666664
48,40.05666666666667,7.943333333333328
23,42.67944444444445,-19.67944444444445
59,54.83,4.170000000000002
7,25.9625,-18.9625
22,25.325,-3.3249999999999993
38,49.74083333333334,-11.740833333333342
60,19.665,40.335
0,0.0,0.0
79,77.4925,1.5074999999999932
0,0.0,0.0
2,37.91907692307692,-35.91907692307692
0,0.0,0.0
0,0.0,0.0
21,13.932285714285713,7.0677142857142865
52,45.92333333333333,6.076666666666668
37,38.313939560439565,-1.3139395604395645
8,23.9,-15.899999999999999
32,31.090833333333336,0.909166666666664
35,37.0721978021978,-2.072197802197799
22,19.39,2.6099999999999994
45,47.42347191426459,-2.4234719142645886
52,40.259166666666665,11.740833333333335
0,0.10675763125763126,-0.10675763125763126
56,54.13428571428572,1.865714285714283
52,39.53,12.469999999999999
19,32.97,-13.969999999999999
10,25.218809523809522,-15.218809523809522
61,58.035,2.9650000000000034
0,1.42,-1.42
55,50.69,4.310000000000002
23,37.61222222222223,-14.612222222222229
28,47.206761904761905,-19.206761904761905
51,38.336666666666666,12.663333333333334
44,38.21424242424242,5.785757575757579
42,35.4725,6.527500000000003
19,27.791666666666664,-8.791666666666664
16,31.291999999999998,-15.291999999999998
67,43.705,23.295
37,16.199515873015873,20.800484126984127
45,25.100228680749215,19.899771319250785
38,43.07125,-5.071249999999999
39,21.449166666666667,17.550833333333333
72,26.908923076923084,45.09107692307691
22,42.06305555555556,-20.063055555555557
0,0.35,-0.35
58,54.91,3.0900000000000034
67,32.6975,34.3025
41,40.73833333333334,0.26166666666666316
30,32.70444444444445,-2.704444444444448
67,64.68,2.319999999999993
54,32.6366091954023,21.3633908045977
36,32.29,3.710000000000001
24,28.47,-4.469999999999999
57,40.49666666666666,16.503333333333337
27,34.87,-7.869999999999997
56,50.5075,5.4925
0,0.0,0.0
0,6.03,-6.03
55,52.29,2.710000000000001
29,36.882888888888886,-7.8828888888888855
0,16.148,-16.148
44,33.131570175438604,10.868429824561396
20,25.12,-5.120000000000001
22,16.61,5.390000000000001
43,40.89,2.1099999999999994
30,37.9524761904762,-7.952476190476197
0,1.449013148938827,-1.449013148938827
37,38.41666666666667,-1.4166666666666714
38,37.06666666666667,0.93333333333333
43,39.29,3.710000000000001
47,36.715,10.284999999999997
39,44.5475,-5.547499999999999
80,67.09,12.909999999999997
0,5.51,-5.51
67,65.2,1.7999999999999972
43,36.42066666666667,6.579333333333331
62,57.78,4.219999999999999
74,71.475,2.5250000000000057
59,3.722,55.278
48,44.585,3.414999999999999
0,0.0,0.0
10,39.4,-29.4
32,31.83,0.1700000000000017
25,27.504,-2.5040000000000013
1,0.45858920084915505,0.541410799150845
0,37.79170634920635,-37.79170634920635
0,15.39086956521739,-15.39086956521739
0,0.06317060649478182,-0.06317060649478182
43,43.1,-0.10000000000000142
53,43.86066666666667,9.139333333333333
61,57.33333333333333,3.6666666666666714
26,25.515,0.48499999999999943
10,38.98072895622896,-28.98072895622896
35,42.72,-7.719999999999999
21,27.426,-6.425999999999998
39,36.47,2.530000000000001
48,33.185023809523805,14.814976190476195
9,29.5275,-20.5275
40,40.82833333333333,-0.8283333333333331
0,0.07614186995495043,-0.07614186995495043
14,28.353333333333335,-14.353333333333335
31,34.88033333333333,-3.8803333333333327
76,63.340266666666665,12.659733333333335
13,29.955833333333334,-16.955833333333334
56,31.23,24.77
0,1.437833333333334,-1.437833333333334
28,39.705238095238094,-11.705238095238094
22,33.93866666666667,-11.93866666666667
46,42.37337719298246,3.62662280701754
53,47.39666666666666,5.603333333333339
48,39.96619047619047,8.03380952380953
25,40.013333333333335,-15.013333333333335
34,40.857,-6.856999999999999
8,8.207333333333333,-0.2073333333333327
44,33.678000000000004,10.321999999999996
49,48.4,0.6000000000000014
72,62.18000000000001,9.819999999999993
56,50.13833333333333,5.861666666666672
49,41.21,7.789999999999999
27,29.869285714285716,-2.8692857142857164
44,42.29,1.7100000000000009
0,2.96,-2.96
34,35.846666666666664,-1.846666666666664
50,31.223333333333336,18.776666666666664
24,21.219,2.780999999999999
49,47.09,1.9099999999999966
43,33.57083333333333,9.429166666666667
52,44.82,7.18
30,34.56,-4.560000000000002
40,40.0,0.0
47,45.97,1.0300000000000011
77,60.85,16.15
14,18.9,-4.899999999999999
32,44.82436393713812,-12.824363937138124
31,30.68714285714286,0.3128571428571405
49,44.06,4.939999999999998
3,32.3,-29.299999999999997
72,44.01730014430014,27.982699855699863
32,24.634276779500688,7.365723220499312
72,41.085,30.915
42,42.81333333333334,-0.8133333333333397
0,36.60766666666667,-36.60766666666667
69,51.52666666666667,17.47333333333333
25,13.55,11.45
3,11.7425,-8.7425
31,24.01527777777778,6.984722222222221
73,40.76118253968253,32.23881746031747
19,27.102083333333336,-8.102083333333336
56,37.04,18.96
26,34.8494079633104,-8.849407963310398
29,37.87453571428571,-8.874535714285713
20,23.67,-3.6700000000000017
0,24.2,-24.2
27,34.53219047619047,-7.532190476190472
4,0.9440282801134191,3.055971719886581
28,41.77,-13.770000000000003
60,45.125,14.875
82,62.6,19.4
0,0.020917194059227734,-0.020917194059227734
50,31.7,18.3
23,31.753333333333334,-8.753333333333334
21,34.25,-13.25
0,0.49,-0.49
0,2.526653361344538,-2.526653361344538
18,32.529583333333335,-14.529583333333335
30,37.85833333333333,-7.858333333333327
55,42.66983333333334,12.330166666666663
59,47.71,11.29
27,32.656,-5.655999999999999
0,1.92,-1.92
24,32.06333333333333,-8.063333333333333
20,16.72,3.280000000000001
0,0.13516509214819886,-0.13516509214819886
18,17.23087619047619,0.7691238095238084
3,4.57,-1.5700000000000003
30,35.835,-5.835000000000001
58,37.75333333333334,20.246666666666663
18,38.37,-20.369999999999997
22,36.735,-14.735
28,43.76423076923077,-15.764230769230771
0,5.28,-5.28
39,35.54,3.460000000000001
58,33.55,24.450000000000003
45,40.035,4.965000000000003
16,8.81,7.1899999999999995
14,22.56,-8.559999999999999
20,38.78,-18.78
0,2.419531746031747,-2.419531746031747
51,34.43411764705883,16.565882352941173
13,14.496000000000002,-1.4960000000000022
48,47.91,0.09000000000000341
19,40.85106507381507,-21.85106507381507
37,30.935714285714283,6.064285714285717
32,15.94,16.060000000000002
0,45.89333333333333,-45.89333333333333
26,28.48509259259259,-2.48509259259259
56,32.376666666666665,23.623333333333335
0,0.0,0.0
28,37.38333333333333,-9.383333333333333
57,37.13202380952381,19.867976190476192
0,3.9636136363636365,-3.9636136363636365
33,34.085,-1.0850000000000009
10,10.269,-0.26900000000000013
70,70.57,-0.5699999999999932
50,44.69666666666666,5.303333333333342
41,22.53602002847167,18.46397997152833
0,23.5575,-23.5575
43,37.69340476190476,5.306595238095241
52,36.65304761904762,15.34695238095238
1,1.212511904761905,-0.21251190476190507
24,27.033333333333335,-3.033333333333335
35,34.16,0.8400000000000034
61,42.364,18.636000000000003
54,38.016492063492066,15.983507936507934
2,0.34442781838820397,1.655572181611796
35,36.2425,-1.2424999999999997
12,13.58,-1.58
0,23.694000000000003,-23.694000000000003
12,23.55,-11.55
26,29.65,-3.6499999999999986
0,1.53,-1.53
14,37.05,-23.049999999999997
67,57.43,9.57
3,4.546540080257085,-1.5465400802570848
35,36.41016666666666,-1.4101666666666617
73,43.731,29.269
0,0.23285339368234098,-0.23285339368234098
56,44.79083333333334,11.209166666666661
59,56.18,2.8200000000000003
35,37.6,-2.6000000000000014
0,11.22,-11.22
0,0.25192685449225694,-0.25192685449225694
55,51.09333333333334,3.906666666666659
18,25.048333333333336,-7.048333333333336
64,56.49,7.509999999999998
18,20.605,-2.6050000000000004
25,32.43640909090909,-7.436409090909088
58,52.21,5.789999999999999
38,39.24,-1.240000000000002
2,19.8075,-17.8075
42,36.31585714285714,5.684142857142859
71,62.32,8.68
0,43.99611111111111,-43.99611111111111
34,35.348333333333336,-1.3483333333333363
36,36.955999999999996,-0.955999999999996
38,37.38345238095238,0.6165476190476227
34,46.72442857142857,-12.724428571428568
19,26.43,-7.43
16,37.48661764705882,-21.48661764705882
45,45.11785714285714,-0.11785714285714022
28,41.895714285714284,-13.895714285714284
27,26.988333333333333,0.011666666666666714
54,50.007777777777775,3.9922222222222246
49,43.965,5.034999999999997
40,44.835,-4.835000000000001
53,30.18,22.82
46,46.54,-0.5399999999999991
0,4.66,-4.66
54,0.0,54.0
1,1.1123137125461975,-0.11231371254619749
41,41.7605,-0.7605000000000004
45,44.41,0.5900000000000034
75,33.72,41.28
71,33.93083333333333,37.06916666666667
34,37.732261904761906,-3.7322619047619057
0,1.0228270895770892,-1.0228270895770892
48,47.44133333333333,0.5586666666666673
44,36.04,7.960000000000001
41,42.006,-1.0060000000000002
42,34.73416666666667,7.265833333333333
0,7.19,-7.19
42,35.0125,6.987499999999997
0,0.5503035831669275,-0.5503035831669275
15,31.07,-16.07
0,34.2825,-34.2825
39,32.68573529411765,6.314264705882351
1,6.245948628993679,-5.245948628993679
33,38.32866666666667,-5.32866666666667
0,2.52,-2.52
52,38.579,13.421
34,39.61518253968254,-5.615182539682543
19,35.71,-16.71
60,39.28161764705882,20.718382352941177
31,26.32,4.68
1,32.399499999999996,-31.399499999999996
17,27.72826213786214,-10.728262137862139
0,35.23333333333333,-35.23333333333333
0,7.396583333333333,-7.396583333333333
72,41.6,30.4
57,25.0,32.0
8,49.790166666666664,-41.790166666666664
39,39.55722222222222,-0.5572222222222223
55,35.72666666666667,19.273333333333333
0,0.42,-0.42
0,0.956803929546159,-0.956803929546159
2,7.804007391816988,-5.804007391816988
37,37.023714285714284,-0.023714285714284244
23,40.51,-17.509999999999998
41,32.845263157894735,8.154736842105265
67,60.99,6.009999999999998
0,0.3385909645909645,-0.3385909645909645
84,75.6,8.400000000000006
42,35.79,6.210000000000001
43,40.04,2.960000000000001
34,35.97,-1.9699999999999989
1,4.240317313194788,-3.2403173131947884
0,3.255333333333333,-3.255333333333333
11,23.303333333333335,-12.303333333333335
44,44.01666666666666,-0.016666666666658614
41,42.596333333333334,-1.5963333333333338
40,39.67333333333333,0.326666666666668
6,16.54,-10.54
0,3.86,-3.86
22,27.945,-5.945
75,39.82874686716792,35.17125313283208
24,28.03,-4.030000000000001
62,43.634750000000004,18.365249999999996
33,39.120000000000005,-6.1200000000000045
12,15.44,-3.4399999999999995
0,0.32,-0.32
66,2.1955793650793662,63.80442063492063
44,40.18401515151515,3.8159848484848524
61,43.1825,17.817500000000003
49,42.04416666666667,6.955833333333331
76,44.095,31.905
20,43.086000000000006,-23.086000000000006
0,10.711805302275668,-10.711805302275668
59,43.525666666666666,15.474333333333334
0,3.87,-3.87
61,51.10666666666667,9.89333333333333
62,51.01,10.990000000000002
42,35.0125,6.987499999999997
40,40.94,-0.9399999999999977
24,42.4275,-18.427500000000002
21,34.2225,-13.222499999999997
49,43.64,5.359999999999999
24,40.485,-16.485
28,34.67,-6.670000000000002
38,38.3,-0.29999999999999716
63,56.3229642857143,6.677035714285701
39,41.58,-2.5799999999999983
35,35.475,-0.4750000000000014
20,34.81,-14.810000000000002
49,48.26253968253968,0.737460317460318
43,44.16333333333333,-1.163333333333327
46,43.42666666666666,2.5733333333333377
41,41.17075,-0.17074999999999818
32,37.25,-5.25
40,32.053333333333335,7.946666666666665
0,0.19643678869209175,-0.19643678869209175
31,40.55761538461538,-9.557615384615382
4,4.355,-0.3550000000000004
60,51.31690476190476,8.683095238095241
44,22.08836363636364,21.91163636363636
13,31.01,-18.01
33,30.93388095238095,2.0661190476190505
0,45.979523809523805,-45.979523809523805
22,23.96,-1.9600000000000009
70,69.3976746031746,0.6023253968254068
1,16.064976190476195,-15.064976190476195
42,42.54,-0.5399999999999991
76,38.74,37.26
0,21.38,-21.38
0,15.889805795511672,-15.889805795511672
47,43.93,3.0700000000000003
27,29.77333333333333,-2.77333333333333
26,29.540615384615386,-3.5406153846153856
52,42.44333333333334,9.556666666666658
59,48.775,10.225000000000001
1,3.4249523809523805,-2.4249523809523805
50,45.62833333333333,4.37166666666667
21,37.01923076923077,-16.019230769230766
0,29.486666666666668,-29.486666666666668
26,28.7825,-2.782499999999999
0,0.51,-0.51
57,49.26,7.740000000000002
28,35.78417027417028,-7.784170274170279
26,35.29,-9.29
65,34.32166666666667,30.678333333333327
33,30.705059523809528,2.2949404761904724
39,40.05576923076923,-1.0557692307692292
71,51.23,19.770000000000003
56,15.11,40.89
32,32.93214285714286,-0.9321428571428569
22,34.1425,-12.142499999999998
30,29.21319969278034,0.7868003072196608
41,43.25,-2.25
66,41.75066666666667,24.249333333333333
19,46.26,-27.259999999999998
13,31.05,-18.05
51,51.26,-0.259999999999998
18,34.315,-16.314999999999998
53,45.710190476190476,7.289809523809524
54,37.505,16.494999999999997
29,26.442666666666664,2.557333333333336
33,31.617550505050502,1.3824494949494976
79,71.10077175602177,7.899228243978229
62,31.892500000000005,30.107499999999995
31,37.135,-6.134999999999998
50,48.67,1.3299999999999983
40,31.24,8.760000000000002
46,35.739,10.261000000000003
15,40.074015151515155,-25.074015151515155
25,31.467083333333335,-6.467083333333335
64,45.86055555555555,18.13944444444445
47,46.528897824397816,0.4711021756021836
0,1.275,-1.275
0,63.2151998001998,-63.2151998001998
0,14.45,-14.45
21,23.67,-2.6700000000000017
47,23.6075,23.3925
12,51.43560606060606,-39.43560606060606
68,52.1,15.899999999999999
38,41.39,-3.3900000000000006
54,48.0625,5.9375
45,41.04033333333333,3.9596666666666707
0,14.58,-14.58
46,36.623636363636365,9.376363636363635
47,46.81,0.18999999999999773
16,16.093333333333334,-0.09333333333333371
0,20.0,-20.0
21,26.1765,-5.176500000000001
59,35.3452738095238,23.654726190476197
0,11.89,-11.89
1,4.2,-3.2
75,24.55055982905983,50.44944017094017
25,42.567166666666665,-17.567166666666665
59,45.39,13.61
49,46.846666666666664,2.153333333333336
54,51.365,2.634999999999998
31,39.2,-8.200000000000003
51,37.64,13.36
38,26.6,11.399999999999999
42,42.37333333333333,-0.37333333333332774
39,28.89,10.11
0,0.0,0.0
23,37.56166666666667,-14.561666666666667
56,31.497125,24.502875
49,49.82,-0.8200000000000003
53,47.391111111111115,5.608888888888885
63,37.95,25.049999999999997
10,32.07,-22.07
47,46.91804761904762,0.08195238095238011
31,37.394523809523804,-6.394523809523804
12,16.27,-4.27
21,32.29,-11.29
67,56.71,10.29
55,51.55878787878788,3.441212121212118
47,49.3702380952381,-2.3702380952381006
7,37.553333333333335,-30.553333333333335
57,32.821,24.179000000000002
26,44.8375,-18.8375
22,22.75,-0.75
55,43.5875,11.412500000000001
22,32.144,-10.143999999999998
1,2.1219761904761905,-1.1219761904761905
13,15.975,-2.9749999999999996
0,0.0,0.0
0,14.523333333333335,-14.523333333333335
52,44.49583333333333,7.50416666666667
55,49.01,5.990000000000002
43,26.463333333333335,16.536666666666665
52,38.84571428571429,13.154285714285713
28,28.801333333333332,-0.8013333333333321
46,39.82,6.18
7,38.12,-31.119999999999997
40,38.71,1.2899999999999991
24,37.7525,-13.752499999999998
21,33.46966666666667,-12.469666666666669
14,14.07,-0.07000000000000028
41,37.755,3.2449999999999974
6,24.7225,-18.7225
54,46.41125,7.588749999999997
0,1.68,-1.68
34,34.62,-0.6199999999999974
59,38.632333333333335,20.367666666666665
40,39.14,0.8599999999999994
1,0.5331034871131621,0.46689651288683787
0,44.55,-44.55
54,45.29558823529412,8.704411764705881
49,44.4625,4.537500000000001
61,49.4,11.600000000000001
0,0.0,0.0
28,39.268499999999996,-11.268499999999996
42,35.561,6.439
42,43.785,-1.7849999999999966
48,21.853333333333335,26.146666666666665
23,25.19,-2.1900000000000013
77,66.57,10.430000000000007
57,34.16833333333334,22.831666666666663
8,16.096666666666664,-8.096666666666664
23,35.03666666666667,-12.036666666666669
35,27.11,7.890000000000001
11,37.60714285714286,-26.60714285714286
29,41.805,-12.805
0,0.35,-0.35
6,23.765833333333333,-17.765833333333333
54,48.44583333333334,5.55416666666666
45,36.213,8.786999999999999
20,28.336,-8.335999999999999
32,27.202348484848486,4.7976515151515144
0,25.149142857142856,-25.149142857142856
49,43.49633333333333,5.503666666666668
7,27.09,-20.09
55,39.714166666666664,15.285833333333336
69,64.81154761904762,4.188452380952384
33,35.56,-2.5600000000000023
26,25.552857142857142,0.4471428571428575
59,39.17555555555556,19.82444444444444
24,33.625,-9.625
72,62.0,10.0
46,47.18,-1.1799999999999997
0,0.3750751339545305,-0.3750751339545305
45,42.56055555555556,2.4394444444444403
25,19.41,5.59
9,18.472988511488513,-9.472988511488513
0,5.51,-5.51
47,31.965,15.035
47,65.67469047619048,-18.674690476190477
42,33.7875,8.212499999999999
74,46.14,27.86
37,38.348571428571425,-1.3485714285714252
13,34.1475,-21.1475
0,1.9,-1.9
48,41.02273148148148,6.977268518518521
24,44.12708333333334,-20.12708333333334
49,46.94208333333333,2.057916666666671
71,38.72875,32.27125
17,42.84,-25.840000000000003
24,42.367666666666665,-18.367666666666665
51,50.6,0.3999999999999986
19,38.69,-19.689999999999998
74,62.08170114942529,11.918298850574708
32,39.395,-7.395000000000003
69,36.43,32.57
30,31.625,-1.625
0,25.98,-25.98
27,25.01,1.9899999999999984
33,37.98,-4.979999999999997
29,24.52666666666667,4.473333333333329
0,5.01,-5.01
48,17.57,30.43
40,41.479333333333344,-1.4793333333333436
82,46.86266666666668,35.13733333333332
0,1.1725,-1.1725
41,35.43175,5.568249999999999
19,40.96,-21.96
71,47.815,23.185000000000002
34,30.433581349206353,3.566418650793647
47,44.44,2.5600000000000023
27,26.764,0.23600000000000065
0,1.2226888944388943,-1.2226888944388943
17,29.660749999999997,-12.660749999999997
39,38.37282051282052,0.6271794871794825
5,36.22,-31.22
34,43.48666666666666,-9.486666666666657
41,46.53559090909091,-5.535590909090907
61,54.71,6.289999999999999
0,0.020917194059227734,-0.020917194059227734
46,35.89416666666666,10.105833333333337
47,41.25166666666666,5.748333333333342
0,0.0,0.0
19,31.812197204968943,-12.812197204968943
0,1.462484126984127,-1.462484126984127
20,36.505,-16.505000000000003
51,34.60295238095238,16.39704761904762
29,41.52411764705883,-12.52411764705883
45,44.67519485453756,0.32480514546244166
51,27.171111111111113,23.828888888888887
13,18.94,-5.940000000000001
1,1.1479938479658163,-0.14799384796581627
20,26.05,-6.050000000000001
43,37.67133333333333,5.32866666666667
58,58.0,0.0
3,19.924720128727486,-16.924720128727486
29,29.933000000000003,-0.9330000000000034
81,80.2,0.7999999999999972
42,42.59125,-0.5912500000000023
35,33.52,1.4799999999999969
0,35.02939393939394,-35.02939393939394
42,34.88838461538462,7.1116153846153765
45,41.032,3.9680000000000035
40,32.70333333333333,7.296666666666667
18,31.86,-13.86
73,36.3325,36.6675
62,46.978249999999996,15.021750000000004
65,41.231047619047615,23.768952380952385
2,5.38,-3.38
35,33.086,1.9140000000000015
37,33.303333333333335,3.6966666666666654
30,30.756666666666664,-0.7566666666666642
0,7.660939862644312,-7.660939862644312
30,38.92416666666666,-8.924166666666657
19,31.07,-12.07
47,39.72,7.280000000000001
42,42.1775,-0.177500000000002
26,33.46580606060606,-7.465806060606063
0,2.38,-2.38
0,22.497626262626262,-22.497626262626262
80,74.555,5.444999999999993
42,42.2,-0.20000000000000284
40,21.72583333333333,18.27416666666667
27,32.53666666666666,-5.536666666666662
47,45.27,1.7299999999999969
69,53.03,15.969999999999999
57,23.20375,33.79625
49,44.925,4.075000000000003
18,34.99011904761905,-16.990119047619046
11,26.12,-15.120000000000001
23,28.82,-5.82
0,0.0,0.0
0,0.14890121943759702,-0.14890121943759702
1,36.07316537629039,-35.07316537629039
65,45.27,19.729999999999997
3,8.649025907557997,-5.649025907557997
43,35.665,7.335000000000001
64,54.225,9.774999999999999
45,38.51111111111111,6.488888888888887
0,33.50055161032821,-33.50055161032821
31,23.228846153846153,7.771153846153847
26,29.798333333333332,-3.798333333333332
1,0.34897937683231794,0.651020623167682
0,10.199043638052773,-10.199043638052773
60,34.875,25.125
38,29.39666666666667,8.603333333333332
23,29.576666666666664,-6.576666666666664
11,19.91,-8.91
46,41.01,4.990000000000002
38,40.7935,-2.7935000000000016
62,38.53977777777778,23.46022222222222
32,28.15,3.8500000000000014
0,1.2216031746031748,-1.2216031746031748
0,7.886870245743534,-7.886870245743534
77,71.02,5.980000000000004
10,40.12333333333333,-30.123333333333328
42,33.09994623655914,8.900053763440859
41,40.78,0.21999999999999886
25,37.61,-12.61
49,40.1725,8.8275
57,37.64966666666667,19.35033333333333
0,12.987324584600128,-12.987324584600128
1,19.245,-18.245
25,26.446666666666665,-1.4466666666666654
47,46.84,0.1599999999999966
23,33.898888888888884,-10.898888888888884
22,39.016,-17.016
45,36.18766983016983,8.812330169830169
58,36.0408717948718,21.959128205128202
0,0.0,0.0
62,57.64333333333333,4.356666666666669
53,41.205,11.795000000000002
21,31.17083333333333,-10.17083333333333
0,17.627083333333335,-17.627083333333335
44,41.638999999999996,2.361000000000004
49,43.35,5.649999999999999
1,0.3661767464825841,0.633823253517416
1,6.188714231760672,-5.188714231760672
22,26.78,-4.780000000000001
42,37.31,4.689999999999998
0,5.79,-5.79
67,38.94,28.060000000000002
33,35.52,-2.520000000000003
20,17.384166666666665,2.6158333333333346
21,26.018333333333334,-5.018333333333334
3,3.3390431576077844,-0.33904315760778436
0,3.29,-3.29
28,39.14833333333333,-11.148333333333333
3,27.05,-24.05
10,27.7225,-17.7225
37,42.81428571428572,-5.814285714285717
0,1.167266955266955,-1.167266955266955
36,47.1275,-11.127499999999998
47,29.933333333333334,17.066666666666666
0,4.93,-4.93
47,42.73,4.270000000000003
55,50.168,4.832000000000001
0,4.240317313194788,-4.240317313194788
44,41.43600000000001,2.563999999999993
34,36.22826923076923,-2.2282692307692287
51,36.27,14.729999999999997
12,21.685,-9.684999999999999
0,15.42,-15.42
10,27.14833333333333,-17.14833333333333
24,19.243,4.7570000000000014
35,38.98,-3.979999999999997
34,48.17708333333333,-14.177083333333329
55,53.7,1.2999999999999972
18,36.70880952380952,-18.70880952380952
41,38.21666666666667,2.7833333333333314
58,38.13,19.869999999999997
17,30.6125,-13.6125
50,49.57,0.4299999999999997
0,4.4664153281359145,-4.4664153281359145
2,13.62658286349771,-11.62658286349771
65,60.595,4.405000000000001
0,0.0,0.0
20,27.03,-7.030000000000001
9,18.925,-9.925
1,16.55125,-15.55125
29,40.98,-11.979999999999997
55,29.83375,25.16625
42,44.765,-2.7650000000000006
15,38.0675,-23.067500000000003
37,31.39125,5.608750000000001
64,40.253100233100234,23.746899766899766
22,41.9625,-19.9625
0,26.7025,-26.7025
54,41.868833333333335,12.131166666666665
19,18.945,0.054999999999999716
0,9.579523809523812,-9.579523809523812
36,41.03,-5.030000000000001
1,2.321595238095239,-1.321595238095239
1,25.3,-24.3
42,42.66833333333333,-0.6683333333333294
35,40.04,-5.039999999999999
45,34.93033333333333,10.06966666666667
33,25.17833333333333,7.821666666666669
64,32.8902818627451,31.1097181372549
37,36.66333333333333,0.3366666666666731
74,30.645,43.355000000000004
47,44.87,2.1300000000000026
0,18.403333333333332,-18.403333333333332
25,37.073727272727275,-12.073727272727275
13,41.18600000000001,-28.186000000000007
0,13.738666666666665,-13.738666666666665
12,33.007333333333335,-21.007333333333335
13,15.42,-2.42
61,36.6485,24.3515
58,59.26366666666668,-1.2636666666666798
10,8.937333333333333,1.0626666666666669
53,37.26,15.740000000000002
6,14.18,-8.18
0,31.49,-31.49
70,23.804844599844603,46.1951554001554
20,43.21533333333333,-23.215333333333326
21,43.11333333333333,-22.11333333333333
43,41.48666666666666,1.5133333333333425
0,23.55404761904762,-23.55404761904762
11,20.55,-9.55
5,45.215714285714284,-40.215714285714284
60,43.766509803921565,16.233490196078435
47,50.89677777777778,-3.8967777777777783
48,41.57033333333333,6.4296666666666695
76,59.54318181818182,16.45681818181818
24,27.881999999999998,-3.881999999999998
34,38.443000000000005,-4.443000000000005
29,29.5825,-0.5824999999999996
14,26.43181818181818,-12.43181818181818
73,7.867999999999998,65.132
0,2.55,-2.55
2,0.1863590576090575,1.8136409423909425
60,39.28161764705882,20.718382352941177
52,48.4,3.6000000000000014
39,38.5,0.5
39,31.50933333333333,7.4906666666666695
38,44.4425,-6.442500000000003
39,33.49,5.509999999999998
40,38.59,1.4099999999999966
38,38.46,-0.46000000000000085
32,35.14666666666667,-3.1466666666666683
41,37.94,3.0600000000000023
38,37.83,0.1700000000000017
9,13.305,-4.305
1,0.5057678002166393,0.49423219978336075
18,24.01,-6.010000000000002
40,32.47,7.530000000000001
23,25.46636363636364,-2.4663636363636385
36,29.7365,6.2635000000000005
16,36.35944444444444,-20.359444444444442
37,45.4,-8.399999999999999
25,33.25171296296296,-8.251712962962962
0,0.03382892731669073,-0.03382892731669073
0,0.0,0.0
24,42.74791666666666,-18.74791666666666
34,51.24166666666667,-17.241666666666667
26,44.44083333333334,-18.440833333333337
48,47.51,0.490000000000002
85,80.56523809523812,4.434761904761885
60,57.57,2.4299999999999997
38,32.744571428571426,5.255428571428574
52,41.321999999999996,10.678000000000004
68,53.83,14.170000000000002
0,4.24,-4.24
45,43.36916666666666,1.6308333333333422
60,54.24,5.759999999999998
27,27.32,-0.3200000000000003
58,46.446000000000005,11.553999999999995
21,27.715454545454545,-6.715454545454545
0,0.0,0.0
24,35.0235,-11.023499999999999
45,41.717043369071774,3.2829566309282256
60,56.642307692307696,3.3576923076923038
66,65.26547619047618,0.7345238095238216
7,25.334325674325672,-18.334325674325672
0,14.526666666666666,-14.526666666666666
51,23.9,27.1
52,37.29,14.71
22,46.435,-24.435000000000002
81,69.44058823529411,11.559411764705885
46,42.40152380952381,3.598476190476191
0,0.03382892731669073,-0.03382892731669073
44,42.11666666666666,1.88333333333334
27,39.04333333333334,-12.043333333333337
80,28.78,51.22
22,36.58,-14.579999999999998
33,34.871,-1.8710000000000022
0,25.77,-25.77
60,54.65,5.350000000000001
17,30.04,-13.04
1,7.17525,-6.17525
2,6.78,-4.78
65,60.39,4.609999999999999
0,4.15,-4.15
51,45.805,5.195
0,21.52,-21.52
0,0.87,-0.87
50,40.027857142857144,9.972142857142856
0,4.88,-4.88
15,21.5025,-6.502500000000001
22,39.57083333333333,-17.570833333333333
34,29.1475,4.852499999999999
22,23.058333333333334,-1.0583333333333336
2,26.52592821067822,-24.52592821067822
21,34.257,-13.256999999999998
41,41.69616666666667,-0.6961666666666702
0,0.3,-0.3
31,44.95,-13.950000000000003
1,0.14867513788091916,0.8513248621190809
66,55.444464646464645,10.555535353535355
41,39.44476923076923,1.5552307692307679
79,32.516252348721,46.483747651279
59,40.89,18.11
31,42.617,-11.616999999999997
0,0.0,0.0
78,77.96,0.04000000000000625
80,56.73247222222222,23.26752777777778
22,34.81633333333333,-12.816333333333333
72,61.53,10.469999999999999
55,35.401666666666664,19.598333333333336
36,36.6425,-0.6424999999999983
36,23.26,12.739999999999998
0,28.14214675520558,-28.14214675520558
0,5.614322424017103,-5.614322424017103
48,40.98409090909091,7.015909090909091
35,22.09,12.91
47,26.1075,20.8925
53,47.62428571428572,5.375714285714281
0,0.8468581274246907,-0.8468581274246907
36,42.12,-6.119999999999997
60,31.24,28.76
45,28.8025,16.1975
48,47.36,0.6400000000000006
36,33.01714285714286,2.982857142857142
3,37.32139357864358,-34.32139357864358
53,52.33,0.6700000000000017
39,39.12,-0.11999999999999744
0,9.24,-9.24
0,30.782878785430263,-30.782878785430263
55,44.2,10.799999999999997
0,0.22139725844653843,-0.22139725844653843
10,28.6125,-18.6125
43,47.95142857142857,-4.951428571428572
12,13.4,-1.4000000000000004
23,36.770670995671,-13.770670995670997
1,0.27264630261005945,0.7273536973899406
23,37.61,-14.61
39,24.37,14.629999999999999
80,67.09,12.909999999999997
0,1.32,-1.32
57,23.819499999999998,33.1805
0,18.524375,-18.524375
41,34.324413793103446,6.675586206896554
58,29.254927584670227,28.745072415329773
69,49.48638278388278,19.51361721611722
27,36.91745454545455,-9.917454545454547
40,31.55,8.45
16,26.650476190476194,-10.650476190476194
16,23.24809523809524,-7.248095238095239
0,41.815,-41.815
32,36.21666666666667,-4.216666666666669
18,16.94,1.0599999999999987
35,37.17833333333333,-2.1783333333333275
48,33.77,14.229999999999997
31,35.5,-4.5
3,6.875,-3.875
47,45.84,1.1599999999999966
74,20.12,53.879999999999995
69,61.035,7.965000000000003
80,0.0,80.0
38,39.86,-1.8599999999999994
72,30.748666666666665,41.251333333333335
30,33.57435164835165,-3.5743516483516515
8,25.72333333333333,-17.72333333333333
63,28.912826756576756,34.087173243423244
25,33.185,-8.185000000000002
31,25.11833333333333,5.881666666666671
40,33.55157894736842,6.448421052631581
0,0.0,0.0
58,50.78,7.219999999999999
0,19.3325,-19.3325
45,36.79,8.21
19,20.8,-1.8000000000000007
35,24.715714285714284,10.284285714285716
23,43.827333333333335,-20.827333333333335
70,63.1825,6.817500000000003
84,69.01833333333335,14.981666666666655
42,42.92229166666666,-0.9222916666666592
21,26.31833333333333,-5.318333333333332
27,24.1545,2.8455000000000013
49,39.907037037037036,9.092962962962964
38,43.73634632034632,-5.736346320346321
39,35.98,3.020000000000003
61,52.582,8.418
42,40.695,1.3049999999999997
46,44.44,1.5600000000000023
0,1.5873469447219448,-1.5873469447219448
34,36.4725,-2.4724999999999966
40,38.32666666666667,1.673333333333332
55,44.08166666666667,10.91833333333333
0,15.2415,-15.2415
34,42.900476190476205,-8.900476190476205
42,40.151666666666664,1.8483333333333363
46,29.568577700077704,16.431422299922296
41,38.52,2.479999999999997
41,43.64,-2.6400000000000006
44,42.29,1.7100000000000009
24,33.63833333333333,-9.638333333333328
23,35.592,-12.591999999999999
22,34.64666666666667,-12.646666666666668
0,0.020917194059227734,-0.020917194059227734
3,1.8127064266940396,1.1872935733059604
70,43.76487719298246,26.23512280701754
59,57.76,1.240000000000002
24,34.41333333333333,-10.413333333333327
4,3.4606548174048197,0.5393451825951803
34,34.676,-0.6760000000000019
41,42.174285714285716,-1.1742857142857162
0,13.62658286349771,-13.62658286349771
42,36.1095,5.890500000000003
46,37.046,8.954
38,51.9,-13.899999999999999
21,37.94,-16.939999999999998
30,35.57,-5.57
34,34.8325,-0.8325000000000031
46,46.85714285714286,-0.8571428571428612
26,40.33166666666666,-14.331666666666663
30,31.55,-1.5500000000000007
2,39.92053846153846,-37.92053846153846
56,46.59,9.409999999999997
32,32.124833333333335,-0.1248333333333349
42,37.46575638870933,4.53424361129067
1,0.03536837838416847,0.9646316216158315
11,19.605714285714285,-8.605714285714285
0,32.49,-32.49
0,45.04557142857143,-45.04557142857143
56,38.78,17.22
44,43.805,0.19500000000000028
58,45.006,12.994
41,38.0375,2.9624999999999986
41,41.73,-0.7299999999999969
52,44.275,7.725000000000001
37,34.1625,2.8374999999999986
54,36.839999999999996,17.160000000000004
0,0.14257532200751954,-0.14257532200751954
61,35.31058333333333,25.689416666666673
34,31.017222222222223,2.982777777777777
0,9.772,-9.772
54,52.60166666666667,1.3983333333333334
19,31.87,-12.870000000000001
0,47.495,-47.495
41,44.973333333333336,-3.9733333333333363
0,0.03382892731669073,-0.03382892731669073
34,48.662,-14.661999999999999
11,29.025,-18.025
58,42.39247619047619,15.607523809523812
21,20.61,0.39000000000000057
39,34.19,4.810000000000002
0,1.449013148938827,-1.449013148938827
0,0.0,0.0
44,40.64,3.3599999999999994
36,36.88,-0.8800000000000026
40,40.71,-0.7100000000000009
20,25.99125,-5.991250000000001
25,30.24177272727273,-5.241772727272728
57,25.164375,31.835625
15,17.79,-2.789999999999999
66,58.51,7.490000000000002
37,26.365,10.635000000000002
53,32.271136363636366,20.728863636363634
24,37.54222222222222,-13.542222222222222
40,35.115383449883446,4.884616550116554
60,39.18666666666667,20.813333333333333
22,38.80166666666667,-16.80166666666667
36,45.57954545454545,-9.579545454545453
22,26.715,-4.715
46,45.96828571428571,0.031714285714286916
43,45.25149999999999,-2.251499999999993
0,35.832307692307694,-35.832307692307694
10,32.14,-22.14
0,58.66,-58.66
37,35.598,1.402000000000001
62,40.8125,21.1875
18,49.43,-31.43
6,31.52714285714286,-25.52714285714286
47,38.146,8.854
24,29.72,-5.719999999999999
0,1.5946666666666667,-1.5946666666666667
35,38.97,-3.969999999999999
24,37.37375,-13.373750000000001
22,29.65,-7.649999999999999
60,51.730666666666664,8.269333333333336
0,17.53,-17.53
81,68.69,12.310000000000002
69,41.8,27.200000000000003
37,30.487499999999997,6.512500000000003
39,41.65666666666666,-2.656666666666659
46,37.0225,8.9775
48,42.39,5.609999999999999
0,0.18,-0.18
40,38.501333333333335,1.498666666666665
43,44.705,-1.7049999999999983
16,23.195,-7.195
24,57.68,-33.68
48,43.51694444444444,4.483055555555559
9,33.15833333333333,-24.15833333333333
35,39.138000000000005,-4.138000000000005
38,48.32528571428572,-10.32528571428572
30,32.15,-2.1499999999999986
16,30.15666666666667,-14.15666666666667
13,22.11,-9.11
64,58.34,5.659999999999997
51,41.598166666666664,9.401833333333336
60,59.26,0.740000000000002
55,48.86,6.140000000000001
38,29.56833333333333,8.431666666666668
17,44.835,-27.835
28,41.828,-13.828000000000003
0,35.1975,-35.1975
0,0.03536837838416847,-0.03536837838416847
0,34.795,-34.795
0,13.43,-13.43
47,43.74,3.259999999999998
55,36.15846614166056,18.84153385833944
52,37.775,14.225000000000001
27,32.35,-5.350000000000001
1,39.18,-38.18
1,16.75,-15.75
77,42.61525661375661,34.38474338624339
29,33.99466666666667,-4.994666666666667
20,42.42333333333333,-22.423333333333332
16,31.216666666666665,-15.216666666666665
1,63.2151998001998,-62.2151998001998
22,46.29888888888889,-24.29888888888889
23,24.96,-1.9600000000000009
0,0.3750751339545305,-0.3750751339545305
23,28.35,-5.350000000000001
11,36.31666666666666,-25.316666666666663
54,50.31333333333333,3.6866666666666674
0,12.42,-12.42
2,3.4558058952674418,-1.4558058952674418
20,25.14616666666667,-5.146166666666669
36,34.84,1.1599999999999966
29,43.70142857142857,-14.701428571428572
0,24.23416666666667,-24.23416666666667
61,41.5,19.5
59,43.391999999999996,15.608000000000004
42,40.51295238095238,1.4870476190476225
32,40.0642619047619,-8.0642619047619
22,37.23,-15.229999999999997
49,45.45,3.549999999999997
0,0.005,-0.005
42,41.85157894736842,0.14842105263158345
10,26.833727272727277,-16.833727272727277
29,30.39,-1.3900000000000006
87,83.6,3.4000000000000057
51,45.189730158730164,5.810269841269836
53,35.37054166666667,17.629458333333332
33,30.825,2.1750000000000007
36,37.48,-1.4799999999999969
72,64.45,7.549999999999997
45,29.485,15.515
22,33.87570531442242,-11.875705314422419
8,28.51766666666667,-20.51766666666667
0,0.3157684537684536,-0.3157684537684536
0,9.308,-9.308
23,11.606,11.394
29,31.12,-2.120000000000001
45,41.64,3.3599999999999994
0,0.0,0.0
20,25.65017391304348,-5.650173913043481
0,7.408190074693107,-7.408190074693107
0,0.08607016350075342,-0.08607016350075342
36,37.26208333333334,-1.2620833333333366
41,44.74016149068323,-3.740161490683228
37,29.488333333333333,7.511666666666667
20,18.28222222222222,1.7177777777777798
28,29.07,-1.0700000000000003
0,6.02,-6.02
0,27.604285714285716,-27.604285714285716
43,40.04,2.960000000000001
0,22.79,-22.79
1,41.735952380952384,-40.735952380952384
0,30.58,-30.58
50,34.80166666666666,15.198333333333338
22,34.6599358974359,-12.6599358974359
0,8.570526315789474,-8.570526315789474
62,59.19,2.8100000000000023
34,38.31833333333333,-4.318333333333328
45,42.314666666666675,2.6853333333333254
37,36.16,0.8400000000000034
64,39.81,24.189999999999998
35,29.624476190476194,5.375523809523806
52,46.525,5.475000000000001
0,1.34,-1.34
0,1.749327256077255,-1.749327256077255
47,36.715,10.284999999999997
45,46.84,-1.8400000000000034
21,33.076833333333326,-12.076833333333326
30,27.73,2.2699999999999996
57,35.85466666666667,21.145333333333333
56,31.40666666666666,24.59333333333334
0,12.17,-12.17
0,11.64625,-11.64625
47,38.3679420289855,8.632057971014497
33,23.40364285714286,9.59635714285714
65,64.05,0.9500000000000028
69,56.06,12.939999999999998
35,33.98980952380953,1.0101904761904734
61,42.46916666666666,18.53083333333334
49,36.669250000000005,12.330749999999995
68,50.724853174603176,17.275146825396824
0,1.5309408369408368,-1.5309408369408368
50,38.24,11.759999999999998
48,39.83334415584416,8.16665584415584
15,19.27,-4.27
2,6.603853005813606,-4.603853005813606
53,45.997142857142855,7.002857142857145
62,36.62,25.380000000000003
0,0.0,0.0
13,16.975,-3.9750000000000014
19,24.633095238095237,-5.633095238095237
55,30.419303030303027,24.580696969696973
21,24.13130769230769,-3.13130769230769
70,11.885984848484853,58.11401515151515
56,41.54833333333334,14.45166666666666
59,37.2105,21.789499999999997
34,39.57,-5.57
42,38.02,3.979999999999997
37,29.78,7.219999999999999
0,37.565,-37.565
24,39.79655555555556,-15.796555555555557
32,30.76,1.2399999999999984
0,24.09666666666667,-24.09666666666667
0,4.46,-4.46
47,27.72666666666667,19.27333333333333
51,26.608,24.392
6,22.275,-16.275
54,31.0,23.0
37,26.761999999999997,10.238000000000003
57,38.736176444074616,18.263823555925384
41,23.824666666666666,17.175333333333334
45,43.94292857142858,1.057071428571419
20,40.9,-20.9
0,0.0,0.0
46,47.24,-1.240000000000002
8,34.86725,-26.86725
53,50.04,2.960000000000001
53,49.22,3.780000000000001
21,20.23857142857143,0.7614285714285707
22,15.4,6.6
6,42.987440559440564,-36.987440559440564
22,28.815357142857142,-6.815357142857142
54,43.98,10.020000000000003
18,25.23745238095238,-7.23745238095238
0,0.0,0.0
0,0.19466883116883113,-0.19466883116883113
37,34.648,2.3519999999999968
48,38.69166666666666,9.308333333333337
75,68.52,6.480000000000004
0,3.41,-3.41
19,37.44130769230769,-18.44130769230769
3,0.7232299082989195,2.2767700917010805
0,1.2086341991341991,-1.2086341991341991
19,36.993798701298694,-17.993798701298694
51,32.68,18.32
53,26.977727272727275,26.022272727272725
46,37.33,8.670000000000002
50,42.24589285714286,7.754107142857137
17,26.95,-9.95
51,16.32,34.68
31,45.11375,-14.113750000000003
51,38.887,12.113
2,2.2284197907355803,-0.22841979073558027
55,36.416111111111114,18.583888888888886
79,76.31571428571428,2.6842857142857213
35,31.227175324675322,3.772824675324678
6,25.145,-19.145
44,40.920952380952386,3.079047619047614
1,10.418571428571429,-9.418571428571429
58,28.398774724435224,29.601225275564776
2,0.7294642251453394,1.2705357748546606
17,31.499333333333333,-14.499333333333333
38,36.01,1.990000000000002
55,30.807096273291926,24.192903726708074
47,37.045,9.954999999999998
30,32.585153846153844,-2.585153846153844
0,40.659571428571425,-40.659571428571425
25,39.73933333333334,-14.739333333333342
61,30.6,30.4
11,27.05,-16.05
47,51.00375,-4.003749999999997
47,37.38666666666666,9.613333333333337
4,22.469473684210524,-18.469473684210524
56,28.67,27.33
34,31.45,2.5500000000000007
49,42.54,6.460000000000001
65,49.1,15.899999999999999
23,25.11,-2.1099999999999994
34,35.602,-1.6019999999999968
19,30.673333333333332,-11.673333333333332
37,42.89066666666667,-5.890666666666668
52,45.394,6.606000000000002
36,36.024,-0.02400000000000091
18,24.390178571428567,-6.390178571428567
70,55.85166666666667,14.148333333333333
54,46.6,7.399999999999999
35,43.63666666666666,-8.636666666666663
59,59.05333333333333,-0.05333333333332746
60,44.728857142857144,15.271142857142856
0,42.94314285714286,-42.94314285714286
67,64.72,2.280000000000001
20,31.035,-11.035
18,20.86,-2.8599999999999994
45,41.93333333333334,3.066666666666663
9,23.21,-14.21
47,41.67666666666667,5.323333333333331
0,42.424230769230775,-42.424230769230775
74,66.28571428571428,7.714285714285722
33,37.89333333333334,-4.893333333333338
1,4.13,-3.13
16,29.86666666666667,-13.86666666666667
0,32.4925,-32.4925
44,32.85,11.149999999999999
20,40.03957142857143,-20.039571428571428
11,36.08,-25.08
32,35.3745,-3.3744999999999976
15,29.412380952380953,-14.412380952380953
0,29.96,-29.96
55,49.05333333333334,5.946666666666658
58,31.58,26.42
24,23.016666666666666,0.9833333333333343
50,42.067,7.933
55,41.735,13.265
1,43.83666666666667,-42.83666666666667
0,0.0,0.0
39,38.228,0.7719999999999985
1,0.6001299468333524,0.3998700531666476
23,35.05428571428572,-12.054285714285719
20,27.2,-7.199999999999999
1,0.2083797313797313,0.7916202686202687
11,25.92827586206897,-14.928275862068968
56,48.27,7.729999999999997
36,38.59,-2.5900000000000034
37,43.175,-6.174999999999997
21,33.957,-12.957
66,61.11,4.890000000000001
25,26.03,-1.0300000000000011
69,64.06,4.939999999999998
10,38.78,-28.78
27,39.61833333333333,-12.618333333333332
59,27.91,31.09
21,31.64,-10.64
21,27.17,-6.170000000000002
43,33.07666666666667,9.923333333333332
11,20.485714285714284,-9.485714285714284
0,1.5999880952380956,-1.5999880952380956
9,23.404523809523813,-14.404523809523813
0,19.19,-19.19
38,58.93458333333333,-20.93458333333333
5,38.6325,-33.6325
0,7.135,-7.135
0,36.065,-36.065
66,15.889805795511672,50.11019420448833
41,36.23714285714286,4.762857142857143
62,55.7,6.299999999999997
62,32.91,29.090000000000003
0,0.26,-0.26
64,41.29,22.71
38,46.658863636363634,-8.658863636363634
39,32.07666666666667,6.923333333333332
64,35.71297619047619,28.28702380952381
57,46.681875,10.318125000000002
41,35.64166666666667,5.358333333333327
0,1.1725,-1.1725
37,36.73,0.2700000000000031
18,29.26,-11.260000000000002
26,28.838119047619042,-2.838119047619042
33,27.244666666666667,5.755333333333333
58,52.43,5.57
0,15.303333333333333,-15.303333333333333
36,38.07,-2.0700000000000003
44,43.43,0.5700000000000003
57,49.43818181818182,7.561818181818182
1,26.60666666666667,-25.60666666666667
23,31.56,-8.559999999999999
22,32.885,-10.884999999999998
53,41.15,11.850000000000001
0,0.14867513788091916,-0.14867513788091916
30,30.18,-0.17999999999999972
0,25.37,-25.37
53,33.22210526315789,19.777894736842107
19,21.065,-2.0650000000000013
22,37.145,-15.145000000000003
60,28.05,31.95
26,34.391666666666666,-8.391666666666666
59,56.31,2.6899999999999977
42,40.8675,1.1325000000000003
3,5.181106229503537,-2.181106229503537
41,36.481,4.518999999999998
60,43.58958333333333,16.41041666666667
24,31.84318181818182,-7.843181818181819
63,43.31943750000001,19.680562499999994
0,0.4817737262737265,-0.4817737262737265
15,26.428333333333335,-11.428333333333335
46,42.903333333333336,3.096666666666664
19,36.74,-17.740000000000002
21,25.4,-4.399999999999999
10,37.38,-27.380000000000003
10,39.39666666666667,-29.39666666666667
18,27.73,-9.73
42,41.405,0.5949999999999989
49,38.01166666666666,10.988333333333337
36,28.61,7.390000000000001
0,9.11288888888889,-9.11288888888889
30,36.12,-6.119999999999997
58,41.63,16.369999999999997
25,36.388333333333335,-11.388333333333335
39,29.55,9.45
41,34.86,6.140000000000001
49,47.18666666666667,1.8133333333333326
72,69.17,2.8299999999999983
22,30.89333333333333,-8.89333333333333
26,34.09,-8.090000000000003
0,6.827333333333334,-6.827333333333334
38,44.41833333333333,-6.4183333333333294
38,33.95,4.049999999999997
21,36.85,-15.850000000000001
30,29.34,0.6600000000000001
0,0.0,0.0
40,37.69416666666667,2.3058333333333323
15,14.698,0.3019999999999996
0,0.0,0.0
37,35.799499999999995,1.2005000000000052
59,33.89666666666667,25.10333333333333
61,51.32,9.68
17,32.487823565323566,-15.487823565323566
19,29.513611111111114,-10.513611111111114
0,0.0,0.0
0,2.332,-2.332
62,45.66,16.340000000000003
37,37.52,-0.5200000000000031
29,28.72636363636364,0.2736363636363599
58,55.71,2.289999999999999
0,0.20999968853203757,-0.20999968853203757
37,34.947023809523806,2.052976190476194
46,37.62,8.380000000000003
24,31.086666666666666,-7.086666666666666
62,41.36,20.64
44,42.76,1.240000000000002
77,66.3025,10.697500000000005
0,0.9927157287157287,-0.9927157287157287
38,39.92642156862745,-1.9264215686274468
60,56.01666666666666,3.9833333333333414
70,65.72,4.280000000000001
71,59.68,11.32
44,39.86,4.140000000000001
26,40.138666666666666,-14.138666666666666
23,23.03,-0.030000000000001137
34,21.122,12.878
0,18.348,-18.348
44,43.33833333333334,0.6616666666666617
16,37.785,-21.784999999999997
35,38.376666666666665,-3.376666666666665
36,41.18941176470588,-5.189411764705881
54,38.93,15.07
61,53.64,7.359999999999999
43,41.42333333333334,1.5766666666666609
47,46.53666666666666,0.46333333333333826
0,7.47,-7.47
8,35.61,-27.61
44,42.0705,1.9294999999999973
0,16.4225,-16.4225
27,27.906222222222222,-0.9062222222222225
32,31.385,0.6149999999999984
51,31.844,19.156
49,33.856,15.143999999999998
0,37.08,-37.08
0,2.1191002886002885,-2.1191002886002885
0,2.7612267023654704,-2.7612267023654704
0,16.15,-16.15
23,31.7925,-8.7925
68,45.965,22.034999999999997
21,30.241666666666664,-9.241666666666664
60,58.09,1.9099999999999966
58,42.3125,15.6875
19,40.136857142857146,-21.136857142857146
35,30.203691620879123,4.796308379120877
47,33.21666666666667,13.783333333333331
53,49.4925,3.5075000000000003
24,39.32333333333333,-15.32333333333333
59,28.20666666666667,30.79333333333333
62,29.425,32.575
0,0.5796587301587304,-0.5796587301587304
38,37.16,0.8400000000000034
26,47.5045,-21.5045
38,50.91847619047619,-12.918476190476191
33,26.43666666666667,6.563333333333329
26,33.63333333333333,-7.633333333333333
22,25.83,-3.8299999999999983
47,35.914833333333334,11.085166666666666
0,3.6109079943300086,-3.6109079943300086
27,33.62,-6.619999999999997
56,40.053116883116886,15.946883116883114
34,27.34666666666667,6.653333333333329
41,46.22,-5.219999999999999
32,40.146119047619045,-8.146119047619045
27,36.795,-9.795000000000002
42,38.76166666666667,3.2383333333333297
0,15.889805795511672,-15.889805795511672
54,49.31,4.689999999999998
25,36.5075,-11.5075
64,51.05833333333333,12.94166666666667
59,34.193269230769225,24.806730769230775
22,23.04,-1.0399999999999991
0,3.4,-3.4
42,36.63438095238095,5.365619047619049
36,35.72833333333333,0.2716666666666683
23,26.26,-3.2600000000000016
22,27.3,-5.300000000000001
72,62.52,9.479999999999997
20,35.26333333333333,-15.263333333333328
0,1.05,-1.05
9,42.67,-33.67
36,32.01,3.990000000000002
0,1.461861111111111,-1.461861111111111
41,37.28806818181818,3.7119318181818173
0,7.396583333333333,-7.396583333333333
19,38.99,-19.990000000000002
13,9.055,3.9450000000000003
28,33.025,-5.024999999999999
20,31.990666666666666,-11.990666666666666
41,44.03777777777778,-3.0377777777777766
58,33.88833333333333,24.11166666666667
67,47.33,19.67
51,46.58,4.420000000000002
31,22.81,8.190000000000001
67,53.543521739130426,13.456478260869574
32,40.18816666666667,-8.188166666666667
58,52.31,5.689999999999998
0,8.335914868607555,-8.335914868607555
0,47.205,-47.205
41,36.81333333333333,4.186666666666667
25,34.109545454545454,-9.109545454545454
63,32.402053571428574,30.597946428571426
60,50.49,9.509999999999998
27,49.105,-22.104999999999997
42,44.629,-2.628999999999998
13,16.7,-3.6999999999999993
45,42.32633333333333,2.6736666666666693
33,35.33,-2.3299999999999983
22,26.945,-4.945
21,35.17733333333334,-14.177333333333337
37,33.176242424242425,3.8237575757575755
25,36.49666666666666,-11.496666666666663
48,39.50333333333334,8.496666666666663
70,58.81,11.189999999999998
59,28.697619047619046,30.302380952380954
42,38.8725,3.1274999999999977
19,23.583469696969697,-4.583469696969697
25,34.88961538461538,-9.889615384615382
26,33.212666666666664,-7.212666666666664
17,15.88,1.1199999999999992
56,35.59583333333333,20.40416666666667
27,35.72383333333334,-8.723833333333339
71,60.36232600732601,10.637673992673989
48,44.153333333333336,3.846666666666664
80,45.41825,34.58175
46,45.06,0.9399999999999977
2,15.72,-13.72
1,17.59944723400954,-16.59944723400954
47,47.235,-0.23499999999999943
45,35.565,9.435000000000002
47,38.46,8.54
28,18.366666666666667,9.633333333333333
13,34.41326923076923,-21.41326923076923
40,42.11627450980392,-2.1162745098039224
20,42.3314705882353,-22.331470588235298
41,44.39196969696969,-3.3919696969696886
72,57.657,14.343000000000004
43,42.12466666666667,0.8753333333333302
30,29.454608990147786,0.5453910098522137
38,35.04666666666667,2.953333333333333
18,20.275,-2.2749999999999986
75,36.900666666666666,38.099333333333334
45,41.83693803418803,3.16306196581197
4,5.526571428571429,-1.5265714285714287
60,41.57,18.43
9,18.226666666666667,-9.226666666666667
53,33.235,19.765
6,12.86,-6.859999999999999
0,1.9853492063492066,-1.9853492063492066
64,41.700625,22.299374999999998
41,39.780529411764704,1.2194705882352963
39,41.11,-2.1099999999999994
39,31.555,7.445
58,24.901384920634925,33.098615079365075
19,20.7,-1.6999999999999993
0,3.58,-3.58
0,0.23285339368234098,-0.23285339368234098
55,35.965,19.034999999999997
0,1.12,-1.12
0,24.089285714285715,-24.089285714285715
0,7.42,-7.42
11,30.02,-19.02
19,43.645714285714284,-24.645714285714284
0,26.598333333333336,-26.598333333333336
37,37.99,-0.990000000000002
45,41.43,3.5700000000000003
50,46.54575,3.454250000000002
35,40.92,-5.920000000000002
15,35.723333333333336,-20.723333333333336
46,41.45,4.549999999999997
39,41.69142857142857,-2.691428571428567
64,55.31,8.689999999999998
3,22.718273809523808,-19.718273809523808
55,38.100500000000004,16.899499999999996
68,55.17000000000001,12.829999999999991
67,37.6775,29.322499999999998
70,43.892142857142865,26.107857142857135
26,35.690555555555555,-9.690555555555555
11,26.2625,-15.2625
57,55.0,2.0
66,59.9,6.100000000000001
74,72.71,1.2900000000000063
40,37.00333333333333,2.9966666666666697
23,29.8975,-6.897500000000001
26,29.205,-3.2049999999999983
0,10.711805302275668,-10.711805302275668
40,36.63545454545454,3.364545454545457
44,42.825714285714284,1.1742857142857162
21,38.32,-17.32
0,14.05,-14.05
35,36.73,-1.7299999999999969
0,31.96818181818182,-31.96818181818182
27,28.155,-1.1550000000000011
43,36.97619855868769,6.023801441312308
73,71.5475,1.4525000000000006
62,35.19,26.810000000000002
20,38.368380952380946,-18.368380952380946
77,75.05067504717503,1.9493249528249663
68,47.2,20.799999999999997
57,50.69,6.310000000000002
39,42.915,-3.914999999999999
22,24.900134571311042,-2.9001345713110425
25,40.971875,-15.971874999999997
56,29.06833333333333,26.93166666666667
60,42.593999999999994,17.406000000000006
42,39.84444444444444,2.1555555555555586
20,29.128,-9.128
63,61.83,1.1700000000000017
43,45.657878787878786,-2.6578787878787864
44,30.986666666666665,13.013333333333335
21,19.45,1.5500000000000007
54,41.85778181818181,12.142218181818187
0,7.7620000000000005,-7.7620000000000005
34,40.573,-6.573
2,9.09,-7.09
43,41.45,1.5499999999999972
35,29.45,5.550000000000001
37,36.986008771929825,0.013991228070175055
22,29.56,-7.559999999999999
40,37.07,2.9299999999999997
30,41.8,-11.799999999999997
4,27.05,-23.05
1,43.54666666666666,-42.54666666666666
66,43.70172486337192,22.298275136628078
21,35.83,-14.829999999999998
19,28.48159926470588,-9.481599264705881
28,27.917012820512824,0.08298717948717638
64,55.9,8.100000000000001
35,38.345,-3.344999999999999
52,37.1875,14.8125
3,3.749054834054835,-0.7490548340548351
20,27.51,-7.510000000000002
45,31.307,13.693000000000001
41,29.055,11.945
81,69.15863095238096,11.84136904761904
38,40.733333333333334,-2.7333333333333343
3,9.26,-6.26
59,33.967,25.033
25,36.73,-11.729999999999997
21,40.20388888888888,-19.203888888888883
61,40.21038095238096,20.78961904761904
0,3.69,-3.69
44,41.074,2.926000000000002
38,34.19416666666667,3.8058333333333323
33,28.76516666666667,4.234833333333331
53,41.24,11.759999999999998
21,45.03,-24.03
11,37.59166666666667,-26.59166666666667
85,75.61533333333333,9.384666666666675
47,42.49,4.509999999999998
23,41.82345238095238,-18.823452380952382
47,40.977,6.023000000000003
48,41.18,6.82
0,1.5049880952380954,-1.5049880952380954
17,32.12625,-15.126249999999999
0,36.03,-36.03
67,40.81,26.189999999999998
48,41.045,6.954999999999998
58,30.20333333333333,27.79666666666667
5,28.97980952380952,-23.97980952380952
40,35.24,4.759999999999998
0,5.68,-5.68
29,32.2975,-3.2974999999999994
43,45.6,-2.6000000000000014
44,42.0,2.0
74,72.71,1.2900000000000063
49,48.159333333333336,0.8406666666666638
4,1.8200881211682727,2.179911878831727
62,48.03049999999999,13.96950000000001
65,49.645,15.354999999999997
0,0.0,0.0
22,31.26,-9.260000000000002
20,34.01,-14.009999999999998
0,9.665,-9.665
23,34.09775,-11.097749999999998
47,26.614,20.386
0,0.3750751339545305,-0.3750751339545305
43,50.23458333333333,-7.234583333333333
59,45.050380952380955,13.949619047619045
65,37.76233333333333,27.23766666666667
34,29.977738095238095,4.022261904761905
36,35.878,0.12199999999999989
70,33.096111111111114,36.903888888888886
33,34.38109523809524,-1.3810952380952415
31,35.73,-4.729999999999997
47,44.505,2.4949999999999974
65,52.67,12.329999999999998
34,39.276666666666664,-5.276666666666664
0,3.11,-3.11
50,48.33,1.6700000000000017
16,18.55,-2.5500000000000007
36,35.5,0.5
74,59.104,14.896
55,38.06375,16.93625
21,18.81,2.1900000000000013
0,6.188714231760672,-6.188714231760672
27,39.02,-12.020000000000003
60,53.39,6.609999999999999
71,67.24,3.760000000000005
42,42.37,-0.36999999999999744
30,30.499000000000002,-0.49900000000000233
22,27.908214285714283,-5.908214285714283
22,38.920645161290324,-16.920645161290324
19,34.225,-15.225000000000001
46,42.1975,3.802500000000002
16,40.79666666666667,-24.796666666666667
26,26.953333333333333,-0.9533333333333331
58,47.37,10.630000000000003
27,30.4675,-3.467500000000001
78,46.73064285714287,31.26935714285713
16,28.596666666666664,-12.596666666666664
47,47.04,-0.03999999999999915
38,34.6975,3.302500000000002
0,0.0,0.0
51,45.73466666666666,5.265333333333338
20,37.22233333333334,-17.22233333333334
19,37.25666666666667,-18.256666666666668
0,3.93,-3.93
40,39.255,0.7449999999999974
75,62.88,12.119999999999997
0,14.523333333333335,-14.523333333333335
13,17.53,-4.530000000000001
1,1.1123137125461975,-0.11231371254619749
18,26.34,-8.34
57,54.552,2.4480000000000004
25,36.0425,-11.042499999999997
9,37.89475468975469,-28.89475468975469
0,1.62,-1.62
50,47.31333333333334,2.6866666666666603
53,37.068666666666665,15.931333333333335
59,40.083333333333336,18.916666666666664
55,44.21196794871795,10.788032051282052
0,43.54955769230769,-43.54955769230769
24,50.19333333333334,-26.193333333333342
43,32.085,10.915
66,31.71,34.29
67,40.045,26.955
25,25.76,-0.7600000000000016
44,34.24,9.759999999999998
82,42.098333333333336,39.901666666666664
30,32.98,-2.979999999999997
34,30.2605,3.7394999999999996
0,14.795,-14.795
0,1.2624881784881783,-1.2624881784881783
50,29.87166666666667,20.12833333333333
43,43.96857142857143,-0.9685714285714297
63,62.36,0.6400000000000006
1,4.564047619047619,-3.564047619047619
43,41.48833333333334,1.5116666666666632
39,36.01,2.990000000000002
0,24.69666666666667,-24.69666666666667
18,24.845999999999993,-6.845999999999993
54,50.22,3.780000000000001
40,39.739444444444445,0.26055555555555543
47,44.52285714285715,2.4771428571428515
23,27.445,-4.445
41,35.4296,5.570399999999999
36,30.011,5.989000000000001
56,20.77076923076923,35.22923076923077
0,2.2,-2.2
29,40.41914285714286,-11.419142857142859
49,30.81,18.19
41,41.74,-0.740000000000002
1,19.953333333333333,-18.953333333333333
32,31.767083333333336,0.23291666666666444
8,10.673333333333332,-2.673333333333332
46,37.77632188644689,8.223678113553113
20,30.716666666666665,-10.716666666666665
40,32.815,7.185000000000002
28,29.185,-1.1849999999999987
25,29.95,-4.949999999999999
41,36.65,4.350000000000001
48,45.36,2.6400000000000006
0,0.9440282801134191,-0.9440282801134191
39,31.00125,7.998750000000001
17,39.04,-22.04
42,43.295,-1.2950000000000017
0,6.422000000000001,-6.422000000000001
44,37.405,6.594999999999999
39,30.04469841269841,8.95530158730159
18,25.24,-7.239999999999998
49,39.74552112676056,9.254478873239442
53,51.18,1.8200000000000003
0,11.640540540540542,-11.640540540540542
29,29.6175,-0.6174999999999997
11,17.02,-6.02
34,27.13416666666667,6.865833333333331
20,34.85,-14.850000000000001
21,34.772222222222226,-13.772222222222226
76,67.25,8.75
0,35.34058823529412,-35.34058823529412
49,36.35328571428571,12.646714285714289
38,36.69,1.3100000000000023
63,50.87,12.130000000000003
57,38.372,18.628
55,36.6575,18.3425
47,39.525,7.475000000000001
56,56.21,-0.21000000000000085
65,59.08,5.920000000000002
27,36.1355,-9.1355
15,22.17,-7.170000000000002
0,31.49,-31.49
11,12.73,-1.7300000000000004
30,31.055,-1.0549999999999997
65,38.1,26.9
45,37.21619047619048,7.7838095238095235
13,28.477000000000004,-15.477000000000004
48,47.92666666666667,0.07333333333333059
77,33.06816666666666,43.93183333333334
72,69.09617081529578,2.9038291847042217
0,1.9,-1.9
46,43.44625,2.553750000000001
56,40.45030303030303,15.549696969696967
72,70.35,1.6500000000000057
48,47.89,0.10999999999999943
58,28.885,29.115
21,35.93,-14.93
28,35.87748917748918,-7.877489177489181
43,46.615,-3.615000000000002
49,29.51,19.49
56,42.97,13.030000000000001
32,34.065916666666666,-2.0659166666666664
0,27.03109523809524,-27.03109523809524
8,35.65833333333333,-27.65833333333333
2,1.8127064266940396,0.18729357330596041
21,32.9,-11.899999999999999
23,40.19111111111111,-17.191111111111113
29,42.26,-13.259999999999998
0,0.7232299082989195,-0.7232299082989195
67,36.776666666666664,30.223333333333336
37,24.193333333333335,12.806666666666665
50,37.5925,12.407499999999999
0,0.0,0.0
0,34.06,-34.06
35,20.402857142857144,14.597142857142856
50,49.825,0.17499999999999716
77,56.04,20.96
44,40.32673913043478,3.673260869565219
53,38.482,14.518
14,26.91,-12.91
50,26.59,23.41
21,16.81,4.190000000000001
12,27.435,-15.434999999999999
0,0.0,0.0
71,24.562500000000004,46.4375
0,11.25,-11.25
44,38.1775,5.822499999999998
39,41.83833333333334,-2.8383333333333383
49,42.91595238095238,6.084047619047617
44,42.32333333333333,1.6766666666666694
0,1.44,-1.44
56,47.76,8.240000000000002
0,32.815,-32.815
32,37.595,-5.594999999999999
34,31.240166666666664,2.7598333333333365
35,31.703333333333333,3.296666666666667
0,0.82,-0.82
54,32.05495238095238,21.94504761904762
0,0.6566666666666667,-0.6566666666666667
73,43.55166666666666,29.448333333333338
41,40.30047619047619,0.6995238095238108
37,37.93,-0.9299999999999997
35,29.79022222222222,5.209777777777781
24,33.722038961038955,-9.722038961038955
35,41.99995238095238,-6.999952380952379
79,62.47666666666667,16.523333333333333
25,33.71,-8.71
58,49.2975,8.7025
68,59.95,8.049999999999997
10,24.269523809523808,-14.269523809523808
28,30.84,-2.84
20,29.47333333333333,-9.47333333333333
0,2.19,-2.19
57,53.8,3.200000000000003
80,78.26,1.7399999999999949
25,41.3725,-16.372500000000002
39,43.82,-4.82
22,24.65,-2.6499999999999986
31,35.4225,-4.422499999999999
18,18.555,-0.5549999999999997
26,26.906999999999996,-0.9069999999999965
37,28.76,8.239999999999998
20,26.91,-6.91
58,37.7512380952381,20.2487619047619
46,41.531954545454546,4.468045454545454
71,42.57416666666666,28.425833333333337
55,37.205,17.795
0,41.49104761904762,-41.49104761904762
41,33.89,7.109999999999999
47,45.15,1.8500000000000014
0,0.5,-0.5
17,29.17783333333334,-12.17783333333334
56,42.29378571428571,13.706214285714289
56,45.93714285714286,10.06285714285714
55,32.8,22.200000000000003
62,56.226000000000006,5.773999999999994
64,24.68375,39.31625
0,1.37,-1.37
27,33.25666666666667,-6.256666666666668
49,39.913333333333334,9.086666666666666
55,45.24,9.759999999999998
33,34.452,-1.4519999999999982
48,33.10066666666667,14.899333333333331
42,44.83833333333333,-2.838333333333331
0,28.14214675520558,-28.14214675520558
35,36.16,-1.1599999999999966
19,31.286780721966203,-12.286780721966203
40,28.59,11.41
40,45.85342857142857,-5.853428571428573
63,60.81,2.1899999999999977
40,40.26,-0.259999999999998
57,36.59,20.409999999999997
60,38.41166666666666,21.58833333333334
34,30.71060606060606,3.289393939393939
26,17.86,8.14
1,38.254,-37.254
3,1.749327256077255,1.250672743922745
27,33.58107142857143,-6.581071428571427
32,44.32,-12.32
51,34.05272727272727,16.947272727272733
50,35.56666666666666,14.433333333333337
62,43.84333333333334,18.15666666666666
34,37.0,-3.0
23,38.79636296296296,-15.79636296296296
0,1.17,-1.17
3,1.8127064266940396,1.1872935733059604
0,22.166666666666664,-22.166666666666664
35,38.12,-3.1199999999999974
35,35.15838461538462,-0.15838461538461956
41,33.07333333333334,7.926666666666662
0,32.59992857142857,-32.59992857142857
67,54.365,12.634999999999998
0,34.772650862068964,-34.772650862068964
23,33.09571428571429,-10.095714285714287
44,34.49,9.509999999999998
54,41.67121212121212,12.328787878787878
41,51.4175,-10.417499999999997
35,35.9475,-0.947499999999998
50,43.150666666666666,6.849333333333334
20,42.25,-22.25
77,59.12,17.880000000000003
11,32.85216666666667,-21.85216666666667
0,21.61695238095238,-21.61695238095238
37,39.485,-2.4849999999999994
48,44.65,3.3500000000000014
41,29.77,11.23
61,40.845,20.155
41,40.5575,0.44250000000000256
4,12.515714285714287,-8.515714285714287
0,16.86,-16.86
0,32.359506391142546,-32.359506391142546
35,44.77333333333333,-9.773333333333333
55,54.71,0.28999999999999915
41,38.09,2.9099999999999966
42,31.407666666666664,10.592333333333336
0,0.0,0.0
6,32.2875,-26.2875
36,32.016666666666666,3.9833333333333343
28,31.013888888888886,-3.0138888888888857
27,38.9135,-11.913499999999999
23,33.46789473684211,-10.467894736842112
0,0.020917194059227734,-0.020917194059227734
0,4.846666666666667,-4.846666666666667
36,28.02,7.98
33,41.16,-8.159999999999997
75,70.27,4.730000000000004
44,41.94,2.0600000000000023
2,53.48133333333334,-51.48133333333334
0,6.99,-6.99
2,0.257038361775823,1.742961638224177
51,49.2,1.7999999999999972
45,34.975,10.024999999999999
24,33.0648,-9.064799999999998
26,26.61,-0.6099999999999994
22,27.083846153846153,-5.083846153846153
73,38.91,34.09
0,6.245948628993679,-6.245948628993679
53,36.479,16.521
24,40.489428571428576,-16.489428571428576
58,37.84259259259259,20.157407407407412
17,17.185,-0.18499999999999872
32,29.39,2.6099999999999994
40,36.67,3.3299999999999983
21,44.5,-23.5
57,45.96,11.04
21,29.99,-8.989999999999998
40,39.15,0.8500000000000014
18,27.364,-9.364
0,0.0,0.0
1,0.0,1.0
37,26.6345,10.3655
32,44.1175,-12.1175
34,37.516666666666666,-3.5166666666666657
16,23.25,-7.25
41,40.94,0.060000000000002274
1,3.847435897435898,-2.847435897435898
39,33.72809523809524,5.271904761904757
53,40.27766666666667,12.722333333333331
44,29.275454545454544,14.724545454545456
85,65.042,19.958
27,33.02,-6.020000000000003
52,20.291880341880344,31.708119658119656
44,34.95783710862781,9.042162891372193
54,53.44,0.5600000000000023
56,42.709404761904764,13.290595238095236
0,11.648690476190477,-11.648690476190477
37,36.45433333333333,0.5456666666666692
58,41.759787878787876,16.240212121212124
27,36.86666666666667,-9.866666666666667
38,38.67375,-0.6737499999999983
12,24.72,-12.719999999999999
16,23.72,-7.719999999999999
48,41.98333333333333,6.016666666666673
42,40.036904761904765,1.9630952380952351
0,0.020917194059227734,-0.020917194059227734
59,49.66,9.340000000000003
22,44.498999999999995,-22.498999999999995
44,38.02787878787879,5.972121212121209
36,36.497499999999995,-0.49749999999999517
0,12.85793452874954,-12.85793452874954
44,44.25885714285714,-0.25885714285713846
44,33.66066666666667,10.339333333333329
29,36.714690476190476,-7.714690476190476
47,47.1625,-0.16250000000000142
39,29.0,10.0
27,38.04666666666667,-11.046666666666667
0,1.449013148938827,-1.449013148938827
76,69.5409090909091,6.459090909090904
45,43.00666666666666,1.9933333333333394
42,40.24,1.759999999999998
60,57.64,2.3599999999999994
55,29.64333333333333,25.35666666666667
34,31.386,2.6140000000000008
50,23.25,26.75
22,24.8,-2.8000000000000007
64,51.2,12.799999999999997
27,39.876666666666665,-12.876666666666665
23,37.07,-14.07
42,33.0853431372549,8.914656862745097
62,57.72,4.280000000000001
59,56.48,2.520000000000003
42,32.61666666666667,9.383333333333333
0,5.796666666666665,-5.796666666666665
75,38.34469318181818,36.65530681818182
5,22.2575,-17.2575
38,34.14333333333334,3.856666666666662
22,31.73171428571429,-9.73171428571429
0,14.77,-14.77
75,74.232,0.7680000000000007
23,27.40334065934066,-4.40334065934066
25,32.98184523809524,-7.981845238095239
72,38.219,33.781
75,35.72759090909091,39.27240909090909
0,3.576666666666666,-3.576666666666666
18,42.1,-24.1
0,0.06317060649478182,-0.06317060649478182
47,33.47,13.530000000000001
28,42.2,-14.200000000000003
52,49.09,2.9099999999999966
19,24.88,-5.879999999999999
54,34.095,19.905
0,12.736666666666665,-12.736666666666665
0,16.754285714285714,-16.754285714285714
51,41.31714285714286,9.682857142857138
34,33.3,0.7000000000000028
2,44.27083333333334,-42.27083333333334
47,44.758,2.2419999999999973
51,41.43390909090909,9.56609090909091
0,14.82875,-14.82875
0,0.020917194059227734,-0.020917194059227734
21,31.05,-10.05
25,38.59986111111111,-13.59986111111111
26,27.30470588235294,-1.3047058823529412
45,31.51,13.489999999999998
5,25.87,-20.87
50,35.70709090909091,14.292909090909092
8,18.51,-10.510000000000002
56,46.26333333333333,9.736666666666672
0,11.725,-11.725
44,44.01666666666666,-0.016666666666658614
33,33.48,-0.4799999999999969
19,23.16,-4.16
41,37.736666666666665,3.2633333333333354
19,37.26091666666666,-18.26091666666666
0,0.92,-0.92
3,7.91,-4.91
63,62.54,0.46000000000000085
35,34.65,0.3500000000000014
51,40.33,10.670000000000002
32,29.34342857142857,2.6565714285714286
36,34.87,1.1300000000000026
40,36.633969230769225,3.3660307692307754
24,41.992,-17.991999999999997
34,28.163333333333334,5.836666666666666
0,16.438,-16.438
25,32.61666666666667,-7.616666666666667
58,40.055,17.945
16,30.35,-14.350000000000001
69,31.415833333333335,37.58416666666666
21,22.485,-1.4849999999999994
42,40.090833333333336,1.909166666666664
52,32.72056818181818,19.27943181818182
0,11.190928571428572,-11.190928571428572
61,42.20399999999999,18.796000000000006
35,40.63666666666666,-5.636666666666663
28,38.51634615384615,-10.51634615384615
0,31.361110041407866,-31.361110041407866
43,39.81,3.1899999999999977
59,42.83,16.17
31,39.47,-8.469999999999999
50,55.17776695526696,-5.177766955266961
63,25.75123076923077,37.24876923076923
0,39.673,-39.673
29,20.08,8.920000000000002
13,38.77923076923077,-25.77923076923077
0,1.2392631442919038,-1.2392631442919038
72,37.42851648351649,34.57148351648351
83,1.449013148938827,81.55098685106117
0,34.89454212454212,-34.89454212454212
58,45.72,12.280000000000001
33,33.75,-0.75
74,64.15,9.849999999999994
16,29.416111111111114,-13.416111111111114
16,27.14357142857143,-11.14357142857143
21,28.36,-7.359999999999999
31,33.04,-2.039999999999999
32,34.9744696969697,-2.974469696969699
27,30.96,-3.960000000000001
23,38.58083333333333,-15.58083333333333
59,32.85766666666667,26.142333333333333
1,3.56,-2.56
18,23.429000000000002,-5.429000000000002
0,10.413482635198816,-10.413482635198816
18,5.73,12.27
71,60.215216589861754,10.784783410138246
22,32.30541025641026,-10.305410256410262
66,47.5,18.5
25,27.5175,-2.5174999999999983
13,32.92,-19.92
51,49.56280952380952,1.4371904761904801
11,32.102077922077925,-21.102077922077925
17,21.16833333333333,-4.1683333333333294
52,44.19,7.810000000000002
31,26.97,4.030000000000001
32,26.197128879892038,5.802871120107962
0,0.36258423025192676,-0.36258423025192676
46,36.49952380952381,9.500476190476192
47,41.31,5.689999999999998
14,36.991269230769234,-22.991269230769234
22,30.0425,-8.0425
36,46.88,-10.880000000000003
16,47.40791666666667,-31.407916666666672
21,36.06190476190476,-15.061904761904763
56,51.09,4.909999999999997
11,34.04333333333334,-23.043333333333337
77,43.35759999999999,33.64240000000001
63,53.12,9.880000000000003
0,0.7166253746253743,-0.7166253746253743
42,33.97,8.030000000000001
24,27.42666666666667,-3.4266666666666694
20,29.763333333333335,-9.763333333333335
0,0.0,0.0
10,25.754,-15.754000000000001
24,32.24029761904762,-8.240297619047617
42,42.49,-0.490000000000002
30,24.503684210526316,5.496315789473684
22,28.398205128205127,-6.398205128205127
24,23.0,1.0
68,55.8009375,12.199062499999997
67,45.52,21.479999999999997
20,32.8875,-12.887500000000003
57,48.474444444444444,8.525555555555556
22,36.82166666666667,-14.821666666666673
65,40.75,24.25
0,4.714333333333333,-4.714333333333333
49,34.07,14.93
8,27.631887651821863,-19.631887651821863
59,51.455,7.545000000000002
35,31.984,3.0159999999999982
36,37.80809523809524,-1.808095238095241
0,5.75,-5.75
39,38.812777777777775,0.18722222222222484
6,37.89,-31.89
1,3.84,-2.84
36,39.66285714285714,-3.662857142857142
62,50.27333333333333,11.726666666666667
1,15.097166666666665,-14.097166666666665
50,43.14523809523809,6.854761904761908
50,48.08,1.9200000000000017
12,30.15,-18.15
29,27.49,1.5100000000000016
38,34.314,3.686
40,38.16,1.8400000000000034
48,45.82,2.1799999999999997
30,35.558,-5.558
0,0.0,0.0
39,44.8,-5.799999999999997
66,38.235625,27.764375
66,63.89,2.1099999999999994
40,31.229999999999997,8.770000000000003
0,5.16,-5.16
76,73.67,2.3299999999999983
0,22.7625,-22.7625
49,36.71,12.29
49,43.7,5.299999999999997
25,40.825,-15.825000000000003
28,32.22,-4.219999999999999
18,30.184166666666666,-12.184166666666666
23,36.89,-13.89
21,19.0,2.0
14,31.798000000000002,-17.798000000000002
79,61.9,17.1
83,67.47,15.530000000000001
55,23.54,31.46
42,41.94,0.060000000000002274
0,1.2612972582972586,-1.2612972582972586
71,42.01728860028861,28.98271139971139
36,27.91,8.09
35,32.5,2.5
38,33.40519047619048,4.5948095238095235
31,37.135,-6.134999999999998
47,23.60142857142857,23.39857142857143
0,3.6514285714285717,-3.6514285714285717
54,52.275809523809514,1.7241904761904863
0,14.98,-14.98
40,41.16,-1.1599999999999966
49,46.84,2.1599999999999966
47,43.91333333333334,3.086666666666659
0,0.0,0.0
14,25.486666666666668,-11.486666666666668
41,40.66,0.3400000000000034
46,44.6675,1.3325000000000031
22,43.37809523809524,-21.37809523809524
37,36.66125,0.33874999999999744
9,13.5,-4.5
28,41.77318181818182,-13.773181818181818
0,0.13516509214819886,-0.13516509214819886
46,44.915142857142854,1.084857142857146
36,36.305,-0.3049999999999997
0,0.0,0.0
43,39.92,3.0799999999999983
55,54.27,0.7299999999999969
1,0.3661767464825841,0.633823253517416
2,2.1191002886002885,-0.11910028860028854
22,27.913777777777778,-5.913777777777778
1,21.75,-20.75
0,3.12,-3.12
0,5.254190476190476,-5.254190476190476
22,23.62,-1.620000000000001
27,35.4675,-8.467500000000001
29,30.525,-1.5249999999999986
0,0.03536837838416847,-0.03536837838416847
61,57.26,3.740000000000002
12,13.53,-1.5299999999999994
2,34.05,-32.05
0,48.78,-48.78
3,7.39,-4.39
24,35.843333333333334,-11.843333333333334
0,0.22765873015873006,-0.22765873015873006
25,38.91,-13.909999999999997
78,75.8,2.200000000000003
70,63.07,6.93
45,41.45089285714286,3.549107142857139
46,44.43,1.5700000000000003
39,34.03,4.969999999999999
46,37.0,9.0
15,39.63333333333333,-24.633333333333333
48,38.79757575757576,9.202424242424243
0,0.0,0.0
70,60.06666666666666,9.933333333333337
37,36.971666666666664,0.028333333333335986
48,46.63580952380953,1.3641904761904726
23,23.465,-0.46499999999999986
48,40.42,7.579999999999998
2,3.3390431576077844,-1.3390431576077844
26,40.77176923076923,-14.77176923076923
0,19.758685716502278,-19.758685716502278
49,33.13536507936508,15.86463492063492
55,30.17838596491228,24.82161403508772
24,33.16495238095238,-9.164952380952379
22,14.83,7.17
41,42.525642857142856,-1.5256428571428557
47,48.43,-1.4299999999999997
44,41.70816666666666,2.2918333333333365
27,26.06,0.9400000000000013
55,44.42,10.579999999999998
57,49.3375,7.662500000000001
38,32.39,5.609999999999999
62,40.47,21.53
0,0.3661767464825841,-0.3661767464825841
45,39.96142857142857,5.03857142857143
28,29.21,-1.2100000000000009
56,49.59666666666667,6.403333333333329
42,43.38,-1.3800000000000026
20,18.471500000000002,1.5284999999999975
33,29.3,3.6999999999999993
12,25.91333333333333,-13.91333333333333
22,31.5875,-9.587499999999999
0,1.24,-1.24
55,34.62,20.380000000000003
0,14.43,-14.43
33,35.21767582417582,-2.2176758241758208
26,37.285,-11.284999999999997
23,36.2665,-13.2665
9,36.55775641025641,-27.55775641025641
16,28.0295,-12.029499999999999
65,30.59,34.41
51,42.91928571428573,8.080714285714272
0,3.14,-3.14
53,51.76,1.240000000000002
0,41.22,-41.22
58,55.78,2.219999999999999
56,37.675,18.325000000000003
30,39.864000000000004,-9.864000000000004
42,38.5525,3.447499999999998
50,34.22666666666667,15.773333333333333
55,49.865,5.134999999999998
16,35.35,-19.35
36,25.346666666666664,10.653333333333336
48,47.51,0.490000000000002
46,42.76166666666666,3.238333333333337
60,39.504333333333335,20.495666666666665
68,44.884642857142865,23.115357142857135
43,40.32857142857143,2.671428571428571
36,32.9,3.1000000000000014
16,31.105999999999998,-15.105999999999998
0,16.78320980470488,-16.78320980470488
67,37.26241666666667,29.737583333333333
53,33.409190476190474,19.590809523809526
56,54.324,1.676000000000002
0,32.94778571428571,-32.94778571428571
5,33.26333333333333,-28.26333333333333
27,29.493333333333336,-2.493333333333336
0,0.54,-0.54
31,33.595,-2.594999999999999
0,17.87666666666667,-17.87666666666667
52,34.93,17.07
42,17.9825,24.0175
27,32.98,-5.979999999999997
16,36.41666666666667,-20.41666666666667
36,40.942,-4.942
25,29.57,-4.57
32,22.46166666666667,9.53833333333333
44,40.32333333333333,3.6766666666666694
54,53.16,0.8400000000000034
0,1.1851534347448085,-1.1851534347448085
43,42.36166666666666,0.6383333333333425
42,46.236000000000004,-4.236000000000004
48,44.272,3.7280000000000015
38,40.63,-2.6300000000000026
22,23.61,-1.6099999999999994
5,22.52083333333333,-17.52083333333333
23,21.1,1.8999999999999986
46,36.94446428571428,9.055535714285718
30,35.843,-5.8430000000000035
38,30.56298214285714,7.437017857142859
0,14.0025,-14.0025
67,67.0,0.0
65,63.43,1.5700000000000003
50,31.405,18.595
36,35.54,0.46000000000000085
38,36.06,1.9399999999999977
48,44.51,3.490000000000002
43,40.44328571428571,2.5567142857142926
0,0.0,0.0
18,29.94366666666667,-11.943666666666669
22,15.39,6.609999999999999
22,34.94333333333333,-12.943333333333328
22,32.38133333333333,-10.38133333333333
16,31.158571428571427,-15.158571428571427
38,31.53,6.469999999999999
22,34.7025,-12.7025
46,45.65,0.3500000000000014
1,6.443428571428572,-5.443428571428572
0,41.092,-41.092
2,0.8477032558514758,1.1522967441485243
44,46.78333333333333,-2.7833333333333314
19,40.052,-21.052
0,4.8,-4.8
58,45.59533333333333,12.404666666666671
55,33.24,21.759999999999998
61,48.21590909090909,12.784090909090907
46,26.562090384615384,19.437909615384616
30,15.928666666666665,14.071333333333335
61,53.65,7.350000000000001
21,37.074151629072674,-16.074151629072674
24,28.222333333333335,-4.222333333333335
21,33.77125,-12.771250000000002
46,48.1925,-2.1925000000000026
21,36.969166666666666,-15.969166666666666
26,37.0671568627451,-11.067156862745101
62,38.68,23.32
9,27.491999999999997,-18.491999999999997
27,36.74,-9.740000000000002
46,44.33,1.6700000000000017
33,44.37645454545454,-11.376454545454543
34,43.64,-9.64
26,34.04770833333333,-8.047708333333333
0,35.647,-35.647
28,15.405714285714287,12.594285714285713
39,29.31666666666667,9.68333333333333
44,35.2925,8.707500000000003
42,38.57333333333333,3.4266666666666694
0,12.524285714285716,-12.524285714285716
33,30.785479871948777,2.2145201280512232
43,43.64716666666667,-0.6471666666666707
31,36.09,-5.090000000000003
34,38.033,-4.033000000000001
17,16.745,0.254999999999999
0,0.3750751339545305,-0.3750751339545305
35,27.18,7.82
20,36.10333333333333,-16.10333333333333
34,33.405256410256406,0.5947435897435938
42,40.47583333333333,1.524166666666673
38,45.3,-7.299999999999997
52,49.08666666666667,2.913333333333327
26,26.28666666666667,-0.28666666666666885
12,28.435,-16.435
34,45.192857142857136,-11.192857142857136
50,48.77,1.2299999999999969
53,27.9,25.1
46,41.691809523809525,4.308190476190475
67,64.9,2.0999999999999943
19,34.01038888888889,-15.01038888888889
39,34.495,4.505000000000003
0,37.32139357864358,-37.32139357864358
53,50.71,2.289999999999999
0,18.954309523809524,-18.954309523809524
62,44.5625,17.4375
47,46.77,0.22999999999999687
61,34.165166666666664,26.834833333333336
1,20.335,-19.335
8,32.15,-24.15
57,36.96630158730159,20.033698412698413
32,40.282487745098045,-8.282487745098045
69,67.17,1.8299999999999983
0,4.94,-4.94
45,39.16583333333333,5.834166666666668
62,49.355,12.645000000000003
11,23.543333333333337,-12.543333333333337
48,37.775,10.225000000000001
66,40.1,25.9
25,38.42733333333334,-13.427333333333337
21,31.93666666666667,-10.936666666666671
52,31.00625,20.99375
59,52.64666666666666,6.353333333333339
1,27.665,-26.665
0,0.21112216741122164,-0.21112216741122164
40,43.095,-3.094999999999999
23,41.41230769230769,-18.412307692307692
69,62.14,6.859999999999999
37,35.64,1.3599999999999994
21,18.898333333333333,2.1016666666666666
0,12.5,-12.5
44,28.33660083482049,15.66339916517951
27,33.675,-6.674999999999997
30,33.79,-3.789999999999999
68,66.66,1.3400000000000034
13,25.954285714285717,-12.954285714285717
18,35.498000000000005,-17.498000000000005
67,42.57603174603175,24.423968253968248
19,30.0025,-11.002500000000001
0,16.95,-16.95
43,35.965714285714284,7.034285714285716
0,0.53,-0.53
26,43.51133333333333,-17.511333333333333
21,37.994379310344826,-16.994379310344826
69,29.285,39.715
40,40.0225,-0.022500000000000853
45,30.52,14.48
70,69.3,0.7000000000000028
22,38.073846153846155,-16.073846153846155
1,0.9536428571428571,0.046357142857142875
36,37.94,-1.9399999999999977
0,10.199043638052773,-10.199043638052773
0,0.14257532200751954,-0.14257532200751954
24,37.09666666666667,-13.096666666666671
42,49.1325,-7.1325
58,39.345749999999995,18.654250000000005
27,42.32438095238095,-15.324380952380949
11,19.36,-8.36
4,3.750757898147607,0.24924210185239293
42,47.165,-5.164999999999999
29,36.36766233766234,-7.367662337662338
14,27.33,-13.329999999999998
73,64.0,9.0
0,9.73,-9.73
41,43.089166666666664,-2.0891666666666637
25,29.34,-4.34
0,1.95,-1.95
41,41.51716666666667,-0.5171666666666681
0,1.5866666666666667,-1.5866666666666667
64,46.11819047619048,17.881809523809522
30,51.44230769230769,-21.442307692307693
46,44.77,1.2299999999999969
23,28.06376623376623,-5.063766233766231
50,39.885,10.115000000000002
55,40.51,14.490000000000002
0,25.02,-25.02
72,54.36666666666667,17.633333333333333
3,19.31,-16.31
53,48.02,4.979999999999997
0,0.20999968853203757,-0.20999968853203757
84,2.7612267023654704,81.23877329763452
74,63.90833333333333,10.091666666666669
69,67.55,1.4500000000000028
11,34.7275,-23.7275
12,22.48,-10.48
77,71.84,5.159999999999997
33,32.68395238095238,0.31604761904762313
25,41.28714285714286,-16.28714285714286
43,40.03933333333333,2.9606666666666683
28,40.27,-12.270000000000003
50,44.42066760497301,5.579332395026988
28,25.61,2.3900000000000006
47,31.0875,15.912500000000001
0,3.5,-3.5
56,46.97285714285714,9.027142857142863
20,25.98681818181818,-5.98681818181818
0,35.54716666666667,-35.54716666666667
23,28.921999999999997,-5.921999999999997
0,1.449013148938827,-1.449013148938827
22,50.51666666666666,-28.51666666666666
69,34.70269230769231,34.29730769230769
37,28.0,9.0
10,36.215,-26.215000000000003
18,26.348333333333336,-8.348333333333336
37,41.79600000000001,-4.7960000000000065
2,14.14632162282163,-12.14632162282163
59,50.471666666666664,8.528333333333336
44,42.8025,1.197499999999998
1,0.27857492507492493,0.721425074925075
38,37.25,0.75
27,43.51023972922502,-16.51023972922502
0,19.64333333333333,-19.64333333333333
63,45.13,17.869999999999997
53,30.01,22.99
0,0.0,0.0
56,29.19,26.81
53,45.35333333333334,7.646666666666661
0,0.0,0.0
42,20.186666666666667,21.813333333333333
31,29.566666666666666,1.4333333333333336
71,21.78,49.22
47,46.86600000000001,0.13399999999999324
37,36.88,0.11999999999999744
22,24.14333333333333,-2.143333333333331
50,43.22333333333333,6.776666666666671
57,38.911,18.089
40,27.987758799171843,12.012241200828157
0,12.08,-12.08
54,36.462985714285715,17.537014285714285
32,33.68666666666667,-1.6866666666666674
53,51.12,1.8800000000000026
80,73.36158730158729,6.638412698412708
18,27.52,-9.52
38,42.352,-4.351999999999997
38,42.375,-4.375
42,35.038333333333334,6.961666666666666
57,27.75155293081532,29.24844706918468
37,30.367245999614426,6.6327540003855745
0,1.1532498291524909,-1.1532498291524909
40,35.61,4.390000000000001
0,11.434214285714285,-11.434214285714285
74,74.0,0.0
20,12.62,7.380000000000001
44,40.82633333333333,3.1736666666666693
23,38.56,-15.560000000000002
17,24.68,-7.68
25,35.48666666666667,-10.486666666666672
38,39.126,-1.1259999999999977
30,34.46,-4.460000000000001
41,41.16466666666667,-0.16466666666666896
23,43.11,-20.11
20,44.37649999999999,-24.376499999999993
28,36.91,-8.909999999999997
0,1.449013148938827,-1.449013148938827
5,23.5025,-18.5025
28,38.8975,-10.8975
38,40.23,-2.229999999999997
0,1.0059090435708082,-1.0059090435708082
71,45.11666666666666,25.88333333333334
24,33.808125,-9.808124999999997
28,35.596058797524314,-7.596058797524314
0,4.955,-4.955
70,58.34666666666667,11.653333333333329
42,38.462833333333336,3.537166666666664
72,56.79,15.21
42,41.77,0.22999999999999687
22,38.02291666666667,-16.022916666666667
0,0.16223124098124095,-0.16223124098124095
0,0.956803929546159,-0.956803929546159
47,45.26,1.740000000000002
20,39.06439393939394,-19.064393939393938
45,40.12666666666667,4.873333333333328
0,0.0,0.0
65,39.98333333333333,25.016666666666673
38,39.66,-1.6599999999999966
0,32.29,-32.29
44,44.251992063492054,-0.25199206349205383
41,43.292,-2.2920000000000016
46,29.00063492063492,16.99936507936508
0,3.43564059504879,-3.43564059504879
52,51.15,0.8500000000000014
29,40.272,-11.271999999999998
36,35.8175,0.18249999999999744
38,46.075,-8.075000000000003
0,0.0,0.0
49,36.978,12.021999999999998
67,40.059333333333335,26.940666666666665
16,31.75151515151515,-15.75151515151515
10,23.81,-13.809999999999999
54,38.845,15.155000000000001
0,7.232,-7.232
69,49.98333333333333,19.016666666666673
37,48.419333333333334,-11.419333333333334
40,36.58,3.4200000000000017
29,28.3,0.6999999999999993
57,49.41,7.590000000000003
59,49.44,9.560000000000002
44,43.61,0.39000000000000057
14,36.53288888888889,-22.53288888888889
43,40.72,2.280000000000001
72,55.16433333333333,16.83566666666667
14,26.435,-12.434999999999999
0,1.2226888944388943,-1.2226888944388943
38,34.03928571428572,3.960714285714282
19,34.82233333333333,-15.822333333333333
67,66.09,0.9099999999999966
22,25.845,-3.844999999999999
0,0.0,0.0
42,45.43416666666667,-3.4341666666666697
59,41.755476190476195,17.244523809523805
36,34.54333333333334,1.4566666666666634
40,39.91,0.09000000000000341
47,32.28666666666667,14.713333333333331
42,33.96035714285714,8.039642857142859
0,0.7776386172206022,-0.7776386172206022
42,43.01,-1.009999999999998
0,5.154666666666666,-5.154666666666666
14,23.39,-9.39
27,34.175333333333334,-7.1753333333333345
6,16.7725,-10.7725
62,47.644,14.356000000000002
1,1.0,0.0
0,0.0,0.0
0,35.961999999999996,-35.961999999999996
54,30.113333333333333,23.886666666666667
52,38.579,13.421
36,40.385,-4.384999999999998
45,16.172,28.828
45,49.905,-4.905000000000001
59,44.1985,14.801499999999997
40,39.409,0.5910000000000011
37,25.63,11.370000000000001
21,23.54,-2.539999999999999
22,23.27,-1.2699999999999996
18,26.995,-8.995000000000001
38,29.7,8.3
40,44.16090909090909,-4.160909090909087
35,39.87,-4.869999999999997
38,41.71,-3.710000000000001
37,35.77028571428571,1.2297142857142873
22,31.22,-9.219999999999999
38,38.05,-0.04999999999999716
49,25.52666666666667,23.47333333333333
48,46.76,1.240000000000002
35,36.928000000000004,-1.9280000000000044
31,42.4,-11.399999999999999
66,35.47165775401069,30.528342245989307
38,38.42,-0.4200000000000017
72,37.228255639097746,34.771744360902254
26,40.72833333333333,-14.728333333333332
0,1.6321304528804523,-1.6321304528804523
19,34.19,-15.189999999999998
0,11.27076923076923,-11.27076923076923
45,42.435,2.5649999999999977
82,3.43564059504879,78.5643594049512
0,34.16,-34.16
45,44.92,0.0799999999999983
68,55.72,12.280000000000001
9,8.766666666666666,0.23333333333333428
24,34.57833333333333,-10.578333333333333
56,34.380833333333335,21.619166666666665
38,45.09,-7.090000000000003
46,43.13,2.8699999999999974
74,39.7125,34.2875
38,39.72666666666667,-1.7266666666666666
59,43.74,15.259999999999998
22,28.508000000000003,-6.508000000000003
24,25.82,-1.8200000000000003
41,45.93936888111888,-4.939368881118881
73,69.01,3.989999999999995
58,46.806000000000004,11.193999999999996
36,38.687666666666665,-2.687666666666665
47,24.420166666666663,22.579833333333337
16,27.826666666666664,-11.826666666666664
0,0.0,0.0
74,68.97800000000001,5.021999999999991
52,38.325,13.674999999999997
48,43.28125,4.71875
38,35.06,2.9399999999999977
0,2.19,-2.19
48,43.25,4.75
1,0.6768737373737376,0.32312626262626243
35,44.93817073170732,-9.938170731707316
23,32.84,-9.840000000000003
18,33.524,-15.524000000000001
19,45.69,-26.689999999999998
44,30.71,13.29
10,44.448571428571434,-34.448571428571434
37,38.38234307359308,-1.382343073593077
70,37.86833333333333,32.13166666666667
43,44.97666666666667,-1.9766666666666666
65,45.477,19.523000000000003
12,30.859666666666666,-18.859666666666666
44,32.9435,11.0565
0,10.48,-10.48
2,31.508333333333336,-29.508333333333336
49,48.18,0.8200000000000003
76,61.555,14.445
9,34.25416666666666,-25.254166666666663
17,30.92,-13.920000000000002
0,0.03536837838416847,-0.03536837838416847
24,32.166875,-8.166874999999997
46,40.575,5.424999999999997
32,39.03086274509804,-7.030862745098041
36,33.64666666666667,2.3533333333333317
9,24.385,-15.385000000000002
40,41.72,-1.7199999999999989
24,31.723333333333336,-7.723333333333336
0,0.03382892731669073,-0.03382892731669073
0,39.5345303030303,-39.5345303030303
57,51.96,5.039999999999999
48,38.39666666666667,9.603333333333332
1,5.7525,-4.7525
45,42.63,2.3699999999999974
49,47.45,1.5499999999999972
67,34.616,32.384
36,35.827,0.17300000000000182
66,42.64377777777778,23.35622222222222
57,34.655,22.345
26,43.86833333333333,-17.868333333333332
23,32.34342105263158,-9.343421052631577
28,32.276666666666664,-4.276666666666664
45,46.13914285714285,-1.1391428571428506
31,36.44833333333334,-5.448333333333338
27,27.122,-0.12199999999999989
26,36.69833333333333,-10.69833333333333
41,39.92595238095238,1.0740476190476187
28,30.69,-2.6900000000000013
30,34.18333333333334,-4.183333333333337
0,54.663226190476195,-54.663226190476195
41,38.75,2.25
51,53.03,-2.030000000000001
0,5.94,-5.94
9,22.0,-13.0
57,23.20375,33.79625
48,43.5595,4.4405
10,30.5,-20.5
25,40.88,-15.880000000000003
28,38.98,-10.979999999999997
48,45.48,2.520000000000003
29,39.770772005772,-10.770772005772002
21,33.001111111111115,-12.001111111111115
25,28.0,-3.0
0,41.28166666666666,-41.28166666666666
64,32.505,31.494999999999997
21,17.02,3.9800000000000004
11,16.57,-5.57
44,32.39941666666667,11.600583333333333
46,46.706,-0.7060000000000031
33,35.272,-2.2719999999999985
19,28.2,-9.2
4,2.3745119047619045,1.6254880952380955
0,0.0,0.0
41,38.44875,2.551250000000003
61,53.005,7.994999999999997
45,44.37403174603174,0.6259682539682601
29,32.62125,-3.6212500000000034
0,15.67,-15.67
49,26.038,22.962
10,24.15,-14.149999999999999
0,11.448,-11.448
54,38.76833333333333,15.23166666666667
20,43.13,-23.130000000000003
37,32.56583333333333,4.43416666666667
9,33.58111111111111,-24.581111111111113
10,26.15,-16.15
0,12.570353174603174,-12.570353174603174
80,32.89,47.11
56,35.29666666666667,20.703333333333333
16,29.22,-13.219999999999999
37,40.082857142857144,-3.0828571428571436
0,2.400714285714286,-2.400714285714286
6,29.537619047619042,-23.537619047619042
46,23.52288095238095,22.47711904761905
53,32.04,20.96
66,32.79691666666667,33.20308333333333
79,66.6025,12.397499999999994
26,31.25,-5.25
1,29.535238095238096,-28.535238095238096
0,3.4558058952674418,-3.4558058952674418
73,37.675,35.325
55,42.62166666666666,12.378333333333337
13,24.9475,-11.947500000000002
3,7.886870245743534,-4.886870245743534
58,53.07,4.93
59,38.591960061443935,20.408039938556065
34,37.39,-3.3900000000000006
49,54.89,-5.890000000000001
21,35.670476190476194,-14.670476190476194
6,23.565,-17.565
0,0.34442781838820397,-0.34442781838820397
0,47.49333333333333,-47.49333333333333
24,39.27,-15.270000000000003
0,12.54,-12.54
13,14.56,-1.5600000000000005
38,34.97834956709957,3.0216504329004295
43,33.98,9.020000000000003
20,26.681666666666665,-6.681666666666665
68,35.56969047619047,32.43030952380953
76,53.37569239475883,22.62430760524117
39,45.302,-6.302
20,34.013333333333335,-14.013333333333335
19,27.465236928104577,-8.465236928104577
24,33.23,-9.229999999999997
47,36.05,10.950000000000003
49,47.789619047619055,1.2103809523809446
60,51.95,8.049999999999997
47,24.420166666666663,22.579833333333337
58,38.14,19.86
0,53.77,-53.77
40,27.25,12.75
0,0.7294642251453394,-0.7294642251453394
24,41.94678571428572,-17.946785714285717
24,39.32599999999999,-15.325999999999993
5,0.956803929546159,4.043196070453841
42,36.74,5.259999999999998
0,1.39,-1.39
31,27.16395833333333,3.83604166666667
0,12.86,-12.86
29,36.77,-7.770000000000003
57,32.7825,24.2175
0,16.65,-16.65
0,4.836666666666667,-4.836666666666667
26,23.75,2.25
0,0.43796910768969577,-0.43796910768969577
55,49.513999999999996,5.486000000000004
8,17.45,-9.45
0,17.58547619047619,-17.58547619047619
26,41.3331801242236,-15.333180124223603
46,48.1,-2.1000000000000014
33,36.51333333333333,-3.5133333333333283
0,0.0,0.0
43,42.712888888888884,0.2871111111111162
0,1.92,-1.92
76,40.34,35.66
31,43.1,-12.100000000000001
42,50.92100000000001,-8.921000000000006
51,49.53,1.4699999999999989
20,32.538000000000004,-12.538000000000004
0,34.04217391304348,-34.04217391304348
20,22.67,-2.6700000000000017
19,24.867294117647063,-5.867294117647063
43,41.93,1.0700000000000003
83,44.784592592592595,38.215407407407405
73,58.43,14.57
30,35.815,-5.814999999999998
71,40.61287179487179,30.387128205128207
41,49.26,-8.259999999999998
47,28.78732142857143,18.21267857142857
2,40.33,-38.33
0,0.006666666666666666,-0.006666666666666666
0,16.04,-16.04
44,44.379333333333335,-0.3793333333333351
34,26.6,7.399999999999999
41,38.48,2.520000000000003
35,37.67333333333333,-2.673333333333332
27,42.41,-15.409999999999997
57,37.685500000000005,19.314499999999995
0,0.07541200886974668,-0.07541200886974668
63,51.90681818181818,11.093181818181819
55,52.09,2.9099999999999966
43,25.6275,17.3725
33,37.66,-4.659999999999997
35,45.71,-10.71
42,44.735,-2.7349999999999994
65,22.01833333333333,42.98166666666667
21,33.57483333333334,-12.574833333333338
54,44.33,9.670000000000002
26,30.1525,-4.1525
21,38.885,-17.884999999999998
0,6.671428571428571,-6.671428571428571
61,31.0,30.0
64,35.38,28.619999999999997
23,26.546,-3.5459999999999994
61,55.34966666666665,5.65033333333335
15,25.91666666666667,-10.916666666666671
87,67.934,19.066000000000003
13,34.435,-21.435000000000002
42,45.52083333333333,-3.5208333333333286
29,26.839166666666664,2.1608333333333363
59,50.88,8.119999999999997
59,48.44628787878788,10.553712121212122
53,42.27128205128205,10.72871794871795
14,21.45,-7.449999999999999
10,13.624,-3.6240000000000006
49,46.972,2.0279999999999987
0,6.730356789452377,-6.730356789452377
59,52.79714285714286,6.202857142857141
36,43.7875,-7.787500000000001
26,32.65210256410256,-6.652102564102563
45,43.01,1.990000000000002
0,23.279993460709132,-23.279993460709132
20,21.99,-1.9899999999999984
51,47.32,3.6799999999999997
0,0.0,0.0
0,0.0,0.0
0,0.0,0.0
0,14.733245614035086,-14.733245614035086
49,41.3575,7.642499999999998
67,33.096,33.904
40,30.79166666666667,9.208333333333329
20,29.41257142857143,-9.412571428571429
0,14.84,-14.84
79,65.98166666666665,13.018333333333345
61,39.03917929292929,21.96082070707071
20,32.845,-12.844999999999999
49,41.906666666666666,7.093333333333334
71,60.05,10.950000000000003
65,39.998636363636365,25.001363636363635
60,49.42,10.579999999999998
25,33.18,-8.18
58,40.42,17.58
49,41.45,7.549999999999997
18,16.52,1.4800000000000004
44,36.29,7.710000000000001
22,32.995,-10.994999999999997
54,38.59988625896111,15.400113741038894
0,27.736805555555556,-27.736805555555556
80,76.23,3.769999999999996
29,36.785,-7.784999999999997
67,43.98,23.020000000000003
46,34.880714285714284,11.119285714285716
57,25.212666666666664,31.787333333333336
22,37.06142857142857,-15.061428571428571
21,41.695,-20.695
0,0.0,0.0
22,32.228,-10.228000000000002
31,34.01,-3.009999999999998
0,0.0,0.0
57,51.73,5.270000000000003
78,66.94,11.060000000000002
51,45.804056277056276,5.195943722943724
21,42.00033333333333,-21.00033333333333
0,0.07239832455621265,-0.07239832455621265
5,28.11,-23.11
9,35.26,-26.259999999999998
1,0.4759067590638421,0.5240932409361578
44,35.93,8.07
60,59.35,0.6499999999999986
8,25.2,-17.2
46,20.36,25.64
68,59.75,8.25
50,40.361333333333334,9.638666666666666
33,44.0175,-11.017499999999998
27,34.306,-7.305999999999997
66,63.79,2.210000000000001
59,31.71666666666667,27.28333333333333
26,45.103380952380945,-19.103380952380945
66,36.83,29.17
62,49.9375,12.0625
37,26.79,10.21
49,43.64,5.359999999999999
36,31.91,4.09
50,47.76,2.240000000000002
50,36.25,13.75
1,0.5259254032860844,0.4740745967139156
29,34.17,-5.170000000000002
0,5.68,-5.68
0,17.59944723400954,-17.59944723400954
46,30.705714285714283,15.294285714285717
62,42.361000000000004,19.638999999999996
34,35.86,-1.8599999999999994
52,48.558,3.442
29,37.09,-8.090000000000003
15,14.58,0.41999999999999993
49,32.77423076923077,16.22576923076923
61,47.54416666666666,13.455833333333338
67,36.445,30.555
26,19.45780721383879,6.542192786161209
0,14.023333333333333,-14.023333333333333
10,31.70923973727422,-21.70923973727422
34,36.22,-2.219999999999999
35,36.981,-1.9810000000000016
37,39.684375,-2.684375000000003
0,0.0,0.0
0,0.0,0.0
65,54.33788888888889,10.662111111111109
53,39.37625,13.623750000000001
50,43.725366666666666,6.274633333333334
0,14.95,-14.95
39,36.06142857142857,2.9385714285714286
32,38.52477777777778,-6.5247777777777785
60,38.498000000000005,21.501999999999995
52,49.14362511671336,2.856374883286641
24,19.37,4.629999999999999
47,23.13333333333333,23.86666666666667
42,47.98766666666666,-5.987666666666662
69,59.16,9.840000000000003
40,38.026857142857146,1.9731428571428538
0,22.234080086580093,-22.234080086580093
40,37.308,2.692
26,38.63388888888889,-12.63388888888889
0,37.12,-37.12
57,36.580999999999996,20.419000000000004
0,0.3345847763347763,-0.3345847763347763
11,20.68,-9.68
42,38.13880952380952,3.8611904761904796
31,45.974166666666676,-14.974166666666676
43,42.41666666666666,0.5833333333333428
19,33.675333333333334,-14.675333333333334
1,1.4233549783549784,-0.4233549783549784
11,26.439,-15.439
16,47.152023809523804,-31.152023809523804
35,41.006454545454545,-6.006454545454545
24,39.58911111111111,-15.589111111111109
72,42.92285714285714,29.07714285714286
48,35.873295454545456,12.126704545454544
21,38.965,-17.965000000000003
47,46.59,0.4099999999999966
23,38.75,-15.75
26,33.97,-7.969999999999999
56,38.55,17.450000000000003
25,34.325,-9.325000000000003
19,28.055,-9.055
32,42.125,-10.125
0,25.855317500741098,-25.855317500741098
0,17.548436790718597,-17.548436790718597
11,27.177207792207792,-16.177207792207792
2,8.649025907557997,-6.649025907557997
2,1.5436192555369428,0.4563807444630572
75,47.29660256410256,27.703397435897443
19,45.69,-26.689999999999998
3,3.5564997160730267,-0.5564997160730267
41,42.2525,-1.2524999999999977
38,33.235,4.765000000000001
19,15.36,3.6400000000000006
18,42.781666666666666,-24.781666666666666
61,36.38,24.619999999999997
45,21.91,23.09
0,0.42727848540348534,-0.42727848540348534
54,52.83,1.1700000000000017
63,43.01916666666666,19.980833333333337
46,41.34,4.659999999999997
24,40.661,-16.661
44,37.99333333333333,6.006666666666668
0,10.78,-10.78
20,23.07649472096531,-3.076494720965311
25,27.99589285714286,-2.9958928571428594
44,35.470333333333336,8.529666666666664
47,39.84975,7.15025
0,0.020917194059227734,-0.020917194059227734
11,38.8,-27.799999999999997
2,4.23,-2.2300000000000004
42,31.31,10.690000000000001
32,34.84166666666667,-2.8416666666666686
53,47.75499999999999,5.245000000000012
74,41.18,32.82
21,26.01,-5.010000000000002
43,36.295833333333334,6.704166666666666
19,33.8575,-14.857500000000002
47,34.83916666666667,12.16083333333333
32,30.82,1.1799999999999997
0,4.1551309523809525,-4.1551309523809525
55,38.53912280701754,16.46087719298246
20,30.86,-10.86
71,55.6,15.399999999999999
3,0.9881782751020538,2.0118217248979464
0,19.8,-19.8
61,48.05357142857143,12.94642857142857
0,12.46,-12.46
33,21.725,11.274999999999999
48,35.77,12.229999999999997
32,43.465714285714284,-11.465714285714284
1,1.91,-0.9099999999999999
38,35.44166666666666,2.558333333333337
20,31.81933333333333,-11.81933333333333
65,42.185,22.814999999999998
46,46.615,-0.615000000000002
7,17.8,-10.8
43,27.216363636363635,15.783636363636365
76,38.010666666666665,37.989333333333335
23,37.162333333333336,-14.162333333333336
62,38.615,23.384999999999998
28,29.942727272727275,-1.942727272727275
43,42.89275,0.10725000000000051
0,0.0,0.0
48,44.325,3.674999999999997
27,32.6,-5.600000000000001
22,31.243499999999997,-9.243499999999997
42,40.59,1.4099999999999966
1,21.638333333333332,-20.638333333333332
2,1.497519403173443,0.5024805968265571
0,15.78,-15.78
55,50.27416666666667,4.725833333333327
32,38.10696969696969,-6.106969696969692
0,39.63433333333333,-39.63433333333333
16,22.34,-6.34
44,43.89,0.10999999999999943
50,49.22,0.7800000000000011
1,3.4558058952674418,-2.4558058952674418
72,69.68333333333334,2.316666666666663
37,38.57666666666667,-1.576666666666668
46,36.46416666666667,9.53583333333333
16,23.23,-7.23
42,23.248166666666666,18.751833333333334
41,43.87,-2.8699999999999974
23,36.56931818181818,-13.569318181818183
19,24.87,-5.870000000000001
45,35.565,9.435000000000002
51,49.05,1.9500000000000028
53,39.285,13.715000000000003
38,36.858000000000004,1.141999999999996
43,40.07333333333333,2.9266666666666694
33,34.49,-1.490000000000002
24,33.67535353535354,-9.675353535353537
41,38.25333333333334,2.7466666666666626
23,27.17,-4.170000000000002
10,21.904571428571426,-11.904571428571426
21,18.81,2.1900000000000013
21,35.64,-14.64
49,34.3375,14.662500000000001
20,19.66,0.33999999999999986
52,48.342,3.6580000000000013
66,54.64,11.36
27,36.505,-9.505000000000003
33,30.81666666666667,2.18333333333333
0,8.291021909463083,-8.291021909463083
30,25.2,4.800000000000001
14,42.265,-28.265
60,47.484571428571435,12.515428571428565
35,35.12,-0.11999999999999744
29,32.14,-3.1400000000000006
40,35.602,4.398000000000003
60,47.98,12.020000000000003
26,37.75166666666667,-11.751666666666672
30,37.279833333333336,-7.279833333333336
53,39.93666666666667,13.063333333333333
42,41.17681818181818,0.8231818181818227
41,38.915,2.085000000000001
41,42.9,-1.8999999999999986
45,38.46416666666667,6.535833333333329
54,41.596023809523814,12.403976190476186
48,45.35,2.6499999999999986
51,40.29598484848484,10.704015151515158
34,35.593333333333334,-1.5933333333333337
67,40.764466666666664,26.235533333333336
62,35.94357142857143,26.05642857142857
48,40.495428571428576,7.504571428571424
18,33.425,-15.424999999999997
46,34.06625,11.933750000000003
55,42.395,12.604999999999997
81,77.9,3.0999999999999943
38,36.74154761904762,1.2584523809523773
24,34.416,-10.415999999999997
22,15.513636363636365,6.4863636363636346
45,43.54,1.4600000000000009
28,32.354,-4.353999999999999
41,42.547999999999995,-1.5479999999999947
43,41.235,1.7650000000000006
1,0.6228676046176045,0.3771323953823955
39,41.28,-2.280000000000001
56,47.245,8.755000000000003
1,26.385,-25.385
53,30.91,22.09
50,46.586000000000006,3.4139999999999944
9,18.16,-9.16
66,59.69,6.310000000000002
25,36.97625,-11.97625
25,27.598000000000003,-2.5980000000000025
0,9.63,-9.63
14,16.516666666666666,-2.5166666666666657
44,44.04,-0.03999999999999915
32,36.53666666666666,-4.536666666666662
40,39.5125,0.48749999999999716
57,35.33,21.67
60,31.53784090909091,28.46215909090909
42,35.49,6.509999999999998
33,27.13166666666667,5.868333333333329
0,0.46967326464385273,-0.46967326464385273
44,38.508125,5.491875
62,44.982,17.018
75,61.354780219780224,13.645219780219776
0,0.0,0.0
22,22.04,-0.03999999999999915
0,19.758685716502278,-19.758685716502278
19,30.29,-11.29
31,19.243333333333332,11.756666666666668
43,43.99,-0.990000000000002
3,8.649025907557997,-5.649025907557997
2,3.44,-1.44
0,13.476666666666667,-13.476666666666667
2,45.566785714285714,-43.566785714285714
0,10.81,-10.81
42,37.9025,4.097499999999997
28,31.4,-3.3999999999999986
71,42.57416666666666,28.425833333333337
69,54.78057142857143,14.219428571428573
41,37.85,3.1499999999999986
27,27.98266666666667,-0.9826666666666704
48,44.55,3.450000000000003
48,37.65833333333333,10.341666666666669
50,45.80666666666666,4.193333333333342
55,48.476499999999994,6.523500000000006
50,50.0,0.0
61,39.52777777777778,21.47222222222222
12,28.45,-16.45
0,12.855,-12.855
70,31.93342857142857,38.06657142857143
49,48.68923015873016,0.3107698412698383
43,39.49624561403509,3.5037543859649105
64,45.399952380952385,18.600047619047615
39,41.616499999999995,-2.616499999999995
36,55.04642857142857,-19.04642857142857
30,25.7825,4.217500000000001
37,19.76,17.24
48,46.73833333333334,1.2616666666666632
48,42.03181818181818,5.968181818181819
58,55.3575,2.6424999999999983
21,30.05333333333333,-9.053333333333331
51,44.592,6.408000000000001
23,33.53,-10.530000000000001
82,65.07892857142856,16.921071428571437
42,35.794761904761906,6.205238095238094
54,40.06,13.939999999999998
33,30.93,2.0700000000000003
35,36.35950000000001,-1.3595000000000113
39,32.375,6.625
32,24.3,7.699999999999999
52,48.21142857142857,3.78857142857143
11,20.3508,-9.3508
32,32.56,-0.5600000000000023
30,27.815912698412703,2.1840873015872972
0,0.13516509214819886,-0.13516509214819886
59,39.76,19.240000000000002
21,27.142,-6.1419999999999995
60,48.45083333333334,11.549166666666657
10,41.77333333333334,-31.77333333333334
27,38.551361003861004,-11.551361003861004
34,40.595555555555556,-6.595555555555556
26,27.572666666666663,-1.572666666666663
27,35.51333333333333,-8.513333333333328
46,41.76125,4.238750000000003
31,36.032,-5.0319999999999965
0,13.7,-13.7
3,1.8200881211682727,1.1799118788317273
65,50.82,14.18
17,37.14222222222222,-20.142222222222223
0,13.658,-13.658
0,23.085884989109996,-23.085884989109996
23,32.3,-9.299999999999997
24,38.73333333333333,-14.733333333333327
59,36.35999999999999,22.640000000000008
55,40.14,14.86
74,70.48,3.519999999999996
49,44.825,4.174999999999997
15,20.91717391304348,-5.917173913043481
57,46.75,10.25
43,42.79,0.21000000000000085
8,23.905095238095235,-15.905095238095235
55,49.83,5.170000000000002
12,31.27,-19.27
0,4.69,-4.69
43,40.04666666666667,2.953333333333333
42,44.79,-2.789999999999999
20,27.09,-7.09
62,33.175,28.825000000000003
42,36.154666666666664,5.845333333333336
14,20.98,-6.98
41,39.780529411764704,1.2194705882352963
3,21.15,-18.15
0,11.415,-11.415
19,38.255,-19.255000000000003
69,31.64,37.36
22,35.053000000000004,-13.053000000000004
36,36.13,-0.13000000000000256
61,41.03333333333334,19.96666666666666
22,32.94,-10.939999999999998
59,55.355,3.645000000000003
0,28.959333333333333,-28.959333333333333
57,29.993476190476194,27.006523809523806
21,40.51,-19.509999999999998
0,0.07079721101580909,-0.07079721101580909
22,32.84166666666667,-10.841666666666669
0,2.7189774776852396,-2.7189774776852396
31,26.596333333333337,4.403666666666663
15,34.01,-19.009999999999998
43,41.34733333333334,1.6526666666666614
16,21.23,-5.23
42,46.39416666666667,-4.3941666666666706
28,28.636833333333335,-0.6368333333333354
54,53.29916666666667,0.7008333333333283
22,22.11875,-0.11874999999999858
64,41.077999999999996,22.922000000000004
69,57.67,11.329999999999998
20,23.45,-3.4499999999999993
23,34.034,-11.033999999999999
22,19.017285714285713,2.9827142857142874
20,26.095875,-6.0958749999999995
15,11.55,3.4499999999999993
53,47.9925,5.0075
65,58.57083333333334,6.42916666666666
22,38.7,-16.700000000000003
54,39.1175,14.8825
57,50.587269841269844,6.412730158730156
44,42.58,1.4200000000000017
66,32.91119444444445,33.08880555555555
14,30.0225,-16.0225
38,46.51,-8.509999999999998
33,32.36083333333333,0.639166666666668
13,38.73,-25.729999999999997
40,39.388888888888886,0.6111111111111143
56,35.60521288515406,20.39478711484594
1,1.45,-0.44999999999999996
1,44.047222222222224,-43.047222222222224
30,34.9525,-4.952500000000001
22,30.180576923076924,-8.180576923076924
38,37.23505769230769,0.7649423076923085
18,39.69356782106782,-21.693567821067823
0,1.16,-1.16
47,28.21183345724324,18.78816654275676
18,29.4675,-11.467500000000001
21,26.08,-5.079999999999998
53,33.45,19.549999999999997
2,35.971666666666664,-33.971666666666664
48,38.39,9.61
0,0.0,0.0
45,37.21354456654456,7.786455433455437
0,6.7951392169492,-6.7951392169492
0,0.21112216741122164,-0.21112216741122164
40,27.62,12.379999999999999
39,36.8885,2.1114999999999995
46,32.76,13.240000000000002
43,37.4075,5.592500000000001
46,35.4825,10.517499999999998
17,36.844,-19.844
20,22.88166666666667,-2.8816666666666713
53,52.681000000000004,0.3189999999999955
62,37.125,24.875
0,43.179523809523815,-43.179523809523815
26,45.62744444444444,-19.627444444444443
31,28.77,2.2300000000000004
16,18.72,-2.719999999999999
22,23.066666666666666,-1.0666666666666664
0,56.69,-56.69
31,31.621666666666666,-0.6216666666666661
24,49.29666666666666,-25.29666666666666
29,33.83,-4.829999999999998
13,26.34,-13.34
42,41.99833333333334,0.0016666666666580454
25,36.16,-11.159999999999997
53,37.57458075258076,15.425419247419242
48,40.495428571428576,7.504571428571424
47,45.78,1.2199999999999989
31,42.75,-11.75
0,8.06,-8.06
0,37.06066666666666,-37.06066666666666
65,63.71,1.2899999999999991
32,38.149,-6.149000000000001
60,31.06,28.94
52,25.366420454545455,26.633579545454545
25,20.915,4.085000000000001
0,12.538571428571428,-12.538571428571428
4,0.9730662670662669,3.026933732933733
46,42.545,3.4549999999999983
1,0.43796910768969577,0.5620308923103042
32,39.972,-7.972000000000001
12,27.622181818181815,-15.622181818181815
19,34.575,-15.575000000000003
69,61.22,7.780000000000001
59,42.35,16.65
45,47.28,-2.280000000000001
1,30.59059523809524,-29.59059523809524
47,45.6,1.3999999999999986
48,42.85,5.149999999999999
19,17.2,1.8000000000000007
42,42.94466666666667,-0.9446666666666701
1,32.399499999999996,-31.399499999999996
20,46.01666666666667,-26.016666666666673
43,43.01,-0.00999999999999801
35,34.13,0.8699999999999974
51,36.40129901960784,14.59870098039216
21,38.87777777777778,-17.87777777777778
0,4.266666666666667,-4.266666666666667
23,25.9275,-2.9274999999999984
42,24.72,17.28
56,32.95285714285714,23.04714285714286
23,32.866,-9.866
1,1.7171904761904762,-0.7171904761904762
28,34.19433333333333,-6.194333333333333
28,38.718333333333334,-10.718333333333334
20,30.34285714285714,-10.342857142857142
58,27.543333333333337,30.456666666666663
21,34.935,-13.935000000000002
0,33.193333333333335,-33.193333333333335
46,36.72857142857143,9.271428571428572
79,34.50658880008879,44.49341119991121
49,47.98,1.0200000000000031
28,38.35785964912281,-10.357859649122808
21,28.7025,-7.702500000000001
13,29.53,-16.53
24,27.96,-3.960000000000001
22,21.35,0.6499999999999986
18,25.45,-7.449999999999999
31,40.66,-9.659999999999997
47,43.1654532967033,3.834546703296702
0,32.851439033189024,-32.851439033189024
51,40.156666666666666,10.843333333333334
0,1.27,-1.27
0,11.448,-11.448
65,61.64,3.3599999999999994
36,10.181666666666667,25.818333333333335
44,42.17,1.8299999999999983
66,55.255,10.744999999999997
25,32.08330357142857,-7.083303571428573
28,39.16708333333333,-11.16708333333333
64,55.71,8.29
17,23.65031746031746,-6.65031746031746
59,22.98378713968958,36.01621286031042
0,10.855,-10.855
48,26.355,21.645
55,41.68,13.32
22,36.7025,-14.7025
43,50.43557936507938,-7.435579365079377
0,39.05111111111111,-39.05111111111111
39,39.216735507246376,-0.21673550724637636
57,52.464444444444446,4.535555555555554
1,1.1851534347448085,-0.1851534347448085
43,35.32,7.68
23,21.954,1.0459999999999994
15,32.01416666666667,-17.014166666666668
38,43.96666666666666,-5.9666666666666615
32,35.46333333333334,-3.4633333333333383
44,40.5575,3.4425000000000026
43,43.64333333333334,-0.643333333333338
18,19.666666666666668,-1.6666666666666679
0,15.82,-15.82
40,39.38333333333333,0.6166666666666671
24,26.04,-2.039999999999999
18,37.06,-19.060000000000002
40,47.782,-7.7819999999999965
42,44.08666666666667,-2.086666666666673
40,38.24,1.759999999999998
41,36.09833333333333,4.901666666666671
18,29.972100840336132,-11.972100840336132
48,29.842380952380953,18.157619047619047
0,5.181106229503537,-5.181106229503537
3,7.408190074693107,-4.408190074693107
47,39.855666666666664,7.144333333333336
61,27.05666666666667,33.94333333333333
49,46.328611111111115,2.6713888888888846
24,43.58333333333334,-19.583333333333343
24,41.34,-17.340000000000003
49,39.52,9.479999999999997
0,24.134583333333335,-24.134583333333335
51,50.17,0.8299999999999983
58,41.85333333333334,16.14666666666666
54,45.54,8.46
32,31.462857142857143,0.5371428571428574
59,44.7,14.299999999999997
38,36.26,1.740000000000002
36,55.04642857142857,-19.04642857142857
19,37.952,-18.951999999999998
22,34.086111111111116,-12.086111111111116
0,0.79,-0.79
40,35.8,4.200000000000003
44,38.12428571428572,5.875714285714281
34,39.38083333333333,-5.380833333333328
21,30.28,-9.280000000000001
43,35.998,7.0020000000000024
65,59.73,5.270000000000003
72,63.9276551724138,8.0723448275862
55,51.51,3.490000000000002
10,41.209681318681326,-31.209681318681326
41,36.03333333333333,4.966666666666669
50,21.253666666666668,28.746333333333332
76,70.27132142857145,5.728678571428546
49,47.52,1.4799999999999969
36,33.88357142857143,2.116428571428571
0,0.18,-0.18
55,33.675333333333334,21.324666666666666
55,27.28,27.72
0,35.48333333333333,-35.48333333333333
67,36.156,30.844
0,0.0,0.0
17,28.595,-11.594999999999999
43,41.912,1.088000000000001
59,32.18666666666667,26.813333333333333
0,16.835,-16.835
2,3.4002380952380946,-1.4002380952380946
32,38.595,-6.594999999999999
6,41.86875,-35.86875
55,30.958888888888886,24.041111111111114
30,39.070767195767196,-9.070767195767196
15,14.16,0.8399999999999999
46,44.346626984126985,1.653373015873015
46,46.475,-0.4750000000000014
56,38.169490641482305,17.830509358517695
36,39.7575,-3.7575000000000003
40,34.82206060606061,5.17793939393939
8,28.54,-20.54
25,28.613642857142853,-3.613642857142853
26,41.23166666666666,-15.231666666666662
72,62.025,9.975000000000001
45,43.12,1.8800000000000026
43,21.35,21.65
40,43.72,-3.719999999999999
14,15.11,-1.1099999999999994
43,42.9,0.10000000000000142
40,36.898125,3.1018749999999997
47,38.44,8.560000000000002
50,36.302,13.698
23,27.6,-4.600000000000001
0,8.81502380952381,-8.81502380952381
64,56.785,7.215000000000003
35,34.59285714285714,0.40714285714285836
1,11.29,-10.29
3,27.69,-24.69
35,19.356857142857145,15.643142857142855
27,31.02,-4.02
29,35.734,-6.734000000000002
61,54.28,6.719999999999999
39,44.13666666666666,-5.136666666666663
42,42.92,-0.9200000000000017
35,39.97666666666667,-4.976666666666667
17,21.406666666666666,-4.406666666666666
58,24.974,33.025999999999996
33,24.99,8.010000000000002
58,55.14,2.8599999999999994
54,50.55304761904761,3.446952380952389
56,43.358000000000004,12.641999999999996
26,25.013333333333335,0.9866666666666646
16,28.2725,-12.2725
0,3.4558058952674418,-3.4558058952674418
61,59.62,1.3800000000000026
43,39.5347619047619,3.4652380952380994
0,35.350833333333334,-35.350833333333334
14,15.5,-1.5
51,28.587638888888886,22.412361111111114
54,33.69383333333333,20.30616666666667
24,34.335,-10.335
31,39.44166666666666,-8.441666666666663
1,6.443428571428572,-5.443428571428572
29,28.533764705882355,0.4662352941176451
47,50.48,-3.479999999999997
58,51.215,6.784999999999997
53,35.93,17.07
47,44.898,2.1019999999999968
0,10.413482635198816,-10.413482635198816
33,28.062666666666665,4.937333333333335
23,27.2,-4.199999999999999
36,42.125,-6.125
72,66.70916666666666,5.290833333333339
50,31.79,18.21
47,40.833,6.167000000000002
16,16.67,-0.6700000000000017
25,39.14,-14.14
55,48.45166666666666,6.548333333333339
65,32.71,32.29
13,29.58,-16.58
40,36.55833333333334,3.441666666666663
50,46.348,3.652000000000001
19,22.07,-3.0700000000000003
9,42.088,-33.088
46,35.43,10.57
63,42.178264790764786,20.821735209235214
0,11.62304761904762,-11.62304761904762
0,9.17726807057705,-9.17726807057705
31,32.57,-1.5700000000000003
0,27.642,-27.642
40,35.35,4.649999999999999
47,44.33333333333333,2.6666666666666714
0,0.0,0.0
62,62.0,0.0
75,38.91375,36.08625
61,53.65,7.350000000000001
57,48.94,8.060000000000002
51,42.44,8.560000000000002
0,42.04419047619048,-42.04419047619048
29,37.96071428571428,-8.960714285714282
36,38.2,-2.200000000000003
20,31.59335256410256,-11.59335256410256
24,33.8225,-9.822499999999998
24,22.427,1.5730000000000004
74,42.13,31.869999999999997
52,33.384,18.616
59,52.58,6.420000000000002
54,35.67066666666667,18.32933333333333
36,33.79127575757576,2.208724242424239
36,34.62166666666667,1.3783333333333303
10,24.232222222222223,-14.232222222222223
39,40.038000000000004,-1.0380000000000038
0,7.408190074693107,-7.408190074693107
23,43.91983333333334,-20.919833333333337
0,8.123149211899213,-8.123149211899213
20,36.545,-16.545
38,37.15,0.8500000000000014
20,35.0535,-15.0535
42,41.14,0.8599999999999994
0,12.85793452874954,-12.85793452874954
27,33.029629629629625,-6.029629629629625
29,23.69,5.309999999999999
4,27.956666666666663,-23.956666666666663
25,23.56,1.4400000000000013
0,13.488333333333335,-13.488333333333335
19,38.72666666666667,-19.726666666666667
51,30.62,20.38
22,28.5925,-6.592500000000001
0,0.41,-0.41
42,35.89666666666667,6.103333333333332
0,7.718499999999998,-7.718499999999998
73,58.35,14.649999999999999
20,27.89,-7.890000000000001
11,33.29,-22.29
63,58.12666666666666,4.873333333333342
3,21.15,-18.15
45,37.51,7.490000000000002
43,40.99,2.009999999999998
27,18.53,8.469999999999999
2,1.9268318903318902,0.07316810966810983
0,0.0,0.0
19,37.62,-18.619999999999997
65,47.73467948717949,17.26532051282051
0,0.1499714651533537,-0.1499714651533537
43,39.92,3.0799999999999983
34,33.69,0.3100000000000023
0,0.0,0.0
2,0.5659880952380952,1.4340119047619049
49,39.18,9.82
45,42.24,2.759999999999998
68,38.68375,29.316249999999997
47,40.374710625116336,6.625289374883664
64,42.9305,21.069499999999998
58,68.46565692640694,-10.465656926406936
28,29.62666666666667,-1.6266666666666687
25,29.18462962962963,-4.1846296296296295
49,43.1875,5.8125
7,31.58666666666667,-24.58666666666667
44,42.772,1.2280000000000015
1,0.27843124642815026,0.7215687535718498
28,45.931000000000004,-17.931000000000004
10,26.9945,-16.9945
0,0.020917194059227734,-0.020917194059227734
65,37.63,27.369999999999997
63,43.33270562770563,19.66729437229437
30,34.39916666666667,-4.399166666666673
20,26.009444444444444,-6.009444444444444
22,9.17,12.83
14,30.822142857142858,-16.822142857142858
42,26.99833333333333,15.001666666666669
18,38.125,-20.125
36,30.235,5.765000000000001
50,58.13666666666666,-8.136666666666663
52,48.38,3.6199999999999974
1,0.3750751339545305,0.6249248660454695
22,27.28,-5.280000000000001
46,45.92,0.0799999999999983
45,38.375,6.625
41,46.32,-5.32
58,37.526813186813186,20.473186813186814
47,44.59666666666667,2.403333333333329
20,36.67155952380952,-16.67155952380952
11,35.330090909090906,-24.330090909090906
72,49.005,22.994999999999997
3,3.1150873015873013,-0.1150873015873013
35,37.303000000000004,-2.3030000000000044
1,0.6082433987581047,0.39175660124189526
24,35.18677036199095,-11.186770361990952
43,40.43,2.5700000000000003
65,55.9,9.100000000000001
25,28.43,-3.4299999999999997
43,28.192172961138475,14.807827038861525
46,45.06,0.9399999999999977
6,16.69,-10.690000000000001
43,46.005,-3.0050000000000026
0,14.001984848484849,-14.001984848484849
37,40.76333333333333,-3.7633333333333283
27,41.345,-14.344999999999999
16,21.37,-5.370000000000001
44,37.801923076923075,6.1980769230769255
53,33.972857142857144,19.027142857142856
51,40.749428571428574,10.250571428571426
34,25.708095238095233,8.291904761904767
36,29.992857142857144,6.007142857142856
0,3.197457935985858,-3.197457935985858
42,44.99655555555555,-2.9965555555555525
6,23.14,-17.14
30,32.17,-2.1700000000000017
46,40.575,5.424999999999997
54,48.31133333333333,5.68866666666667
18,25.385,-7.385000000000002
19,39.31,-20.310000000000002
49,47.97,1.0300000000000011
71,58.492,12.508000000000003
40,39.31,0.6899999999999977
28,30.502631578947366,-2.5026315789473657
19,31.2445,-12.244499999999999
22,22.97,-0.9699999999999989
57,46.43,10.57
46,47.54714285714286,-1.547142857142859
6,16.295,-10.295000000000002
22,45.41644444444445,-23.41644444444445
61,33.39085714285714,27.609142857142857
0,23.793499999999998,-23.793499999999998
41,35.57402380952381,5.425976190476192
26,38.22,-12.219999999999999
44,35.33435897435898,8.665641025641023
29,30.06,-1.0599999999999987
0,44.57083333333334,-44.57083333333334
59,46.195294117647066,12.804705882352934
67,38.72533333333334,28.27466666666666
0,0.0,0.0
0,0.27,-0.27
51,36.727,14.273000000000003
24,30.96035714285714,-6.960357142857141
55,33.57,21.43
21,38.74,-17.740000000000002
0,0.0,0.0
58,50.62380952380952,7.37619047619048
26,36.27639105339105,-10.276391053391052
45,40.4,4.600000000000001
57,35.9025,21.097499999999997
26,30.13,-4.129999999999999
29,23.961,5.0390000000000015
0,0.0,0.0
0,18.581,-18.581
18,42.305,-24.305
55,47.14,7.859999999999999
26,34.316,-8.316000000000003
60,53.39,6.609999999999999
18,28.736,-10.736
37,42.155,-5.155000000000001
26,38.09809235209235,-12.098092352092351
0,11.648690476190477,-11.648690476190477
58,49.57,8.43
20,32.134166666666665,-12.134166666666665
21,26.61,-5.609999999999999
38,25.26,12.739999999999998
0,0.23,-0.23
0,1.3172355422355424,-1.3172355422355424
21,34.817083333333336,-13.817083333333336
64,56.2,7.799999999999997
0,16.84,-16.84
44,19.63,24.37
24,25.476,-1.475999999999999
28,41.3975,-13.3975
47,44.12,2.8800000000000026
40,17.997,22.003
51,43.25,7.75
36,37.4605,-1.4605000000000032
0,1.69,-1.69
29,27.05,1.9499999999999993
25,35.275999999999996,-10.275999999999996
23,32.685,-9.685000000000002
0,0.0,0.0
19,39.7275,-20.7275
47,46.21,0.7899999999999991
5,0.28347220837010667,4.716527791629893
19,22.875668393201,-3.875668393201
67,35.92,31.08
33,37.48,-4.479999999999997
23,30.76,-7.760000000000002
0,27.92,-27.92
11,25.41,-14.41
69,67.11622222222222,1.8837777777777802
0,31.145,-31.145
66,51.21,14.79
17,20.16,-3.16
36,35.52,0.4799999999999969
30,37.7525,-7.752499999999998
31,32.317142857142855,-1.317142857142855
39,40.44,-1.4399999999999977
16,36.79002597402597,-20.790025974025973
28,33.486666666666665,-5.486666666666665
25,44.06,-19.060000000000002
19,37.11583333333333,-18.115833333333327
53,43.41166666666667,9.588333333333331
12,24.5725,-12.572500000000002
34,33.532,0.4680000000000035
29,31.185918831168834,-2.1859188311688342
0,0.0,0.0
62,53.1325,8.8675
6,32.18,-26.18
62,39.74,22.259999999999998
30,36.9,-6.899999999999999
67,41.15833333333334,25.84166666666666
62,46.04600000000001,15.953999999999994
52,37.81664285714285,14.183357142857147
0,3.477404761904761,-3.477404761904761
20,36.09309523809524,-16.093095238095238
24,36.9575,-12.957500000000003
1,0.7232299082989195,0.27677009170108047
28,35.62277914313328,-7.622779143133279
19,37.717,-18.717
0,61.75166666666666,-61.75166666666666
26,31.17083333333333,-5.170833333333331
66,52.891000000000005,13.108999999999995
65,62.3105357142857,2.689464285714301
12,18.12,-6.120000000000001
1,0.0,1.0
22,38.964,-16.964
55,48.26666666666667,6.733333333333327
45,41.26,3.740000000000002
21,30.35,-9.350000000000001
59,47.33223211875844,11.66776788124156
40,35.997058823529414,4.002941176470586
45,42.396499999999996,2.603500000000004
0,0.03382892731669073,-0.03382892731669073
19,37.12083333333333,-18.12083333333333
23,34.08,-11.079999999999998
0,15.353636363636365,-15.353636363636365
43,37.305,5.695
15,30.837045454545454,-15.837045454545454
0,25.02,-25.02
14,21.283333333333335,-7.283333333333335
65,58.67,6.329999999999998
33,38.62535119047619,-5.625351190476188
25,36.83642857142857,-11.83642857142857
21,30.4875,-9.4875
59,24.07,34.93
73,62.74,10.259999999999998
68,55.81,12.189999999999998
42,40.27,1.7299999999999969
39,33.413099567099565,5.5869004329004355
1,8.93,-7.93
0,34.84733333333333,-34.84733333333333
37,30.69,6.309999999999999
52,43.3260606060606,8.6739393939394
44,40.7,3.299999999999997
59,58.05,0.9500000000000028
8,14.710229885057469,-6.710229885057469
39,29.215,9.785
0,0.9341683592209,-0.9341683592209
44,36.30790476190476,7.692095238095241
20,23.6925,-3.692499999999999
57,36.51535423925668,20.48464576074332
48,39.08,8.920000000000002
38,39.633,-1.6330000000000027
0,0.7232299082989195,-0.7232299082989195
59,37.61,21.39
16,29.41575,-13.41575
36,33.67,2.3299999999999983
53,28.17166666666667,24.82833333333333
63,56.18,6.82
26,37.43,-11.43
43,32.06333333333333,10.936666666666667
47,38.84,8.159999999999997
42,39.83541666666667,2.164583333333333
37,40.184,-3.1839999999999975
24,32.280205128205125,-8.280205128205125
41,44.14755555555555,-3.147555555555549
36,30.479510739260746,5.520489260739254
2,1.8200881211682727,0.17991187883172732
6,15.63,-9.63
39,39.905,-0.9050000000000011
81,8.097133062371071,72.90286693762893
65,63.43,1.5700000000000003
47,46.7,0.29999999999999716
25,38.065,-13.064999999999998
55,49.08,5.920000000000002
28,32.94050793650794,-4.940507936507942
26,39.465357142857144,-13.465357142857144
39,37.09,1.9099999999999966
2,39.229085497835484,-37.229085497835484
38,25.775750000000002,12.224249999999998
39,41.97875,-2.978749999999998
65,41.09333333333334,23.90666666666666
34,31.695,2.3049999999999997
66,56.04,9.96
0,12.570353174603174,-12.570353174603174
0,9.5,-9.5
19,22.48,-3.4800000000000004
26,14.974,11.026
45,31.515,13.485
73,40.556,32.444
40,43.299,-3.2989999999999995
37,35.215,1.7849999999999966
21,32.598,-11.597999999999999
42,38.524,3.475999999999999
44,37.803333333333335,6.196666666666665
46,38.19166666666667,7.80833333333333
65,63.35666666666666,1.643333333333338
45,41.84833333333333,3.151666666666671
0,1.56,-1.56
0,32.851439033189024,-32.851439033189024
0,0.42,-0.42
25,36.69883333333334,-11.69883333333334
27,41.646,-14.646
0,9.17726807057705,-9.17726807057705
0,0.7294642251453394,-0.7294642251453394
42,38.07116666666666,3.928833333333337
56,45.76842105263158,10.231578947368419
34,28.822841523341527,5.177158476658473
20,44.15111111111111,-24.151111111111113
21,30.114642857142858,-9.114642857142858
60,54.11,5.890000000000001
0,10.711805302275668,-10.711805302275668
68,64.5953846153846,3.404615384615397
63,41.723333333333336,21.276666666666664
19,33.6258682983683,-14.625868298368303
74,68.55,5.450000000000003
36,42.9925,-6.9925
30,30.12,-0.120000000000001
51,47.46,3.539999999999999
22,35.2275,-13.2275
0,13.165,-13.165
48,43.65916666666667,4.340833333333329
9,22.896666666666665,-13.896666666666665
53,46.4925,6.5075
50,42.631,7.369
42,39.335,2.664999999999999
11,20.82,-9.82
57,42.5575,14.442500000000003
22,29.088,-7.088000000000001
47,32.07,14.93
0,0.0,0.0
0,0.0,0.0
1,8.900769230769232,-7.900769230769232
28,36.35,-8.350000000000001
40,39.64,0.35999999999999943
31,38.27,-7.270000000000003
65,51.474444444444444,13.525555555555556
51,49.501333333333335,1.498666666666665
49,37.955,11.045000000000002
15,34.16,-19.159999999999997
22,21.98478307497427,0.015216925025729466
11,20.536666666666665,-9.536666666666665
69,36.646595238095244,32.353404761904756
35,41.45,-6.450000000000003
31,38.17925490196078,-7.179254901960782
36,35.975,0.02499999999999858
58,32.32573568536727,25.67426431463273
54,34.12,19.880000000000003
42,44.495,-2.4949999999999974
37,35.086,1.9140000000000015
0,23.09223819915745,-23.09223819915745
1,6.53,-5.53
55,42.56,12.439999999999998
0,7.304285714285714,-7.304285714285714
37,31.13075,5.869250000000001
18,45.496,-27.496000000000002
8,17.7,-9.7
32,39.20033333333333,-7.200333333333333
29,31.064666666666668,-2.0646666666666675
18,27.876666666666665,-9.876666666666665
58,30.76666666666667,27.23333333333333
0,0.1765175173553656,-0.1765175173553656
38,18.737272727272728,19.262727272727272
46,34.336999999999996,11.663000000000004
39,37.52,1.4799999999999969
12,13.86,-1.8599999999999994
53,36.70738095238095,16.29261904761905
62,37.32166666666667,24.678333333333327
26,30.765,-4.765000000000001
42,43.51666666666667,-1.5166666666666728
22,37.93,-15.93
33,30.47,2.530000000000001
26,37.28999999999999,-11.289999999999992
55,46.0,9.0
16,18.412,-2.411999999999999
16,11.594000000000001,4.405999999999999
63,33.68963561076604,29.31036438923396
0,3.43564059504879,-3.43564059504879
53,45.786,7.213999999999999
49,49.945,-0.9450000000000003
15,13.615,1.3849999999999998
0,0.47574206349206366,-0.47574206349206366
21,40.850833333333334,-19.850833333333334
79,78.15666666666667,0.8433333333333337
53,52.4,0.6000000000000014
28,22.071481481481484,5.928518518518516
58,34.733666666666664,23.266333333333336
20,33.8675,-13.8675
0,0.43,-0.43
70,58.52466666666666,11.475333333333339
33,36.69,-3.6899999999999977
79,50.542833333333334,28.457166666666666
20,36.63,-16.630000000000003
67,54.26,12.740000000000002
50,37.95204761904762,12.047952380952381
0,0.0,0.0
44,44.93285714285714,-0.9328571428571379
64,41.44196894409937,22.558031055900628
45,36.12341269841269,8.876587301587307
11,26.633101010101008,-15.633101010101008
49,34.74897402597403,14.251025974025971
60,53.05,6.950000000000003
7,24.3265,-17.3265
0,0.0,0.0
52,44.82333333333334,7.176666666666662
35,28.49,6.510000000000002
58,45.08447619047619,12.915523809523812
1,0.1004560162060162,0.8995439837939838
47,40.992,6.008000000000003
23,34.10333333333333,-11.103333333333332
0,8.649025907557997,-8.649025907557997
43,30.2725,12.7275
44,44.594750000000005,-0.5947500000000048
0,0.46,-0.46
63,32.321999999999996,30.678000000000004
59,53.49166666666667,5.508333333333333
0,0.08630863430862087,-0.08630863430862087
34,32.547,1.453000000000003
48,28.9075,19.0925
40,45.45723809523809,-5.45723809523809
15,22.04,-7.039999999999999
52,44.945,7.055
29,28.85,0.14999999999999858
35,34.65,0.3500000000000014
13,13.687333333333333,-0.6873333333333331
0,6.663043493421188,-6.663043493421188
24,30.031252525252523,-6.031252525252523
44,35.89,8.11
27,28.77666666666667,-1.7766666666666708
33,34.75,-1.75
17,26.825,-9.825
0,0.0,0.0
38,43.21285714285714,-5.212857142857139
64,37.092756410256406,26.907243589743594
19,23.39,-4.390000000000001
72,62.0,10.0
1,27.08094202898551,-26.08094202898551
53,35.415742238153996,17.584257761846004
55,46.78,8.219999999999999
24,33.5425,-9.542499999999997
2,7.97,-5.97
45,38.8175,6.182499999999997
18,24.055,-6.055
31,35.92,-4.920000000000002
56,44.684761904761906,11.315238095238094
30,28.96,1.0399999999999991
4,18.475,-14.475000000000001
22,30.065,-8.065000000000001
32,28.73,3.2699999999999996
48,40.635,7.365000000000002
62,30.83967309883099,31.16032690116901
59,45.558214285714286,13.441785714285714
46,27.92,18.08
25,36.38,-11.380000000000003
0,12.592666666666666,-12.592666666666666
0,0.83,-0.83
16,30.58,-14.579999999999998
44,35.57785714285714,8.422142857142859
57,51.04,5.960000000000001
61,48.716,12.283999999999999
6,29.933333333333334,-23.933333333333334
48,42.04,5.960000000000001
56,52.66,3.3400000000000034
20,32.76960784313726,-12.769607843137258
60,50.17,9.829999999999998
31,38.185,-7.185000000000002
15,27.805,-12.805
57,40.59888888888889,16.401111111111113
60,35.196,24.804000000000002
29,37.63334090909091,-8.633340909090911
0,5.614322424017103,-5.614322424017103
0,2.33,-2.33
71,57.87333333333333,13.126666666666672
53,46.055,6.945
40,37.6037264957265,2.396273504273502
27,32.66271428571428,-5.66271428571428
0,0.0,0.0
20,37.9675,-17.9675
0,11.6,-11.6
59,47.74333333333334,11.25666666666666
57,34.045,22.955
46,37.459095238095244,8.540904761904756
19,33.6,-14.600000000000001
0,0.07541200886974668,-0.07541200886974668
5,39.13,-34.13
66,61.34265954225512,4.65734045774488
0,0.2,-0.2
47,45.21,1.7899999999999991
5,39.185,-34.185
69,63.06,5.939999999999998
2,2.10132079032079,-0.10132079032079
32,33.31,-1.3100000000000023
40,40.96,-0.9600000000000009
53,38.675,14.325000000000003
0,63.2151998001998,-63.2151998001998
58,31.8625,26.1375
2,13.538001780898844,-11.538001780898844
37,34.55,2.450000000000003
0,0.3,-0.3
9,35.115,-26.115000000000002
73,72.65,0.3499999999999943
32,39.95083333333333,-7.950833333333328
0,0.3157684537684536,-0.3157684537684536
44,36.49666666666666,7.503333333333337
63,54.536,8.463999999999999
42,41.715,0.2849999999999966
0,1.345,-1.345
9,31.28726354515051,-22.28726354515051
12,40.165,-28.165
38,34.40761904761905,3.5923809523809496
49,27.67869047619048,21.32130952380952
0,0.0,0.0
0,21.953333333333333,-21.953333333333333
39,38.94133333333333,0.05866666666666731
4,7.447380952380953,-3.4473809523809527
42,39.95119024834814,2.0488097516518593
22,44.6325,-22.6325
0,27.425,-27.425
1,3.9444871794871794,-2.9444871794871794
62,36.45689655172414,25.543103448275858
42,42.51,-0.509999999999998
45,40.735,4.265000000000001
43,26.60107647907648,16.39892352092352
37,33.855000000000004,3.144999999999996
40,41.315,-1.3149999999999977
26,26.94,-0.9400000000000013
1,1.9425515873015868,-0.9425515873015868
37,31.76,5.239999999999998
0,0.5532274062796511,-0.5532274062796511
59,44.0,15.0
37,45.03,-8.030000000000001
34,42.106428571428566,-8.106428571428566
47,40.17,6.829999999999998
12,17.682666666666666,-5.682666666666666
46,40.17583333333334,5.824166666666663
60,48.57,11.43
21,24.36095238095238,-3.36095238095238
26,29.575,-3.5749999999999993
30,30.17,-0.1700000000000017
64,33.6384193548387,30.361580645161297
80,0.0,80.0
48,48.73666666666667,-0.7366666666666717
43,34.6275,8.372500000000002
44,43.01,0.990000000000002
0,16.116,-16.116
20,22.47,-2.469999999999999
24,29.008000000000003,-5.008000000000003
62,42.59,19.409999999999997
7,19.36,-12.36
52,49.32,2.6799999999999997
63,57.47875,5.521250000000002
13,27.656666666666666,-14.656666666666666
24,31.455,-7.454999999999998
24,39.22233333333334,-15.222333333333339
38,22.45,15.55
22,35.605,-13.604999999999997
51,49.12,1.8800000000000026
60,53.58,6.420000000000002
62,37.45148717948718,24.54851282051282
45,41.065,3.9350000000000023
75,32.925,42.075
19,32.67466666666667,-13.674666666666667
59,41.99666666666666,17.003333333333337
71,40.32,30.68
81,65.90461538461538,15.095384615384617
16,22.686666666666664,-6.686666666666664
46,43.10333333333334,2.896666666666661
39,37.43,1.5700000000000003
0,0.645857142857143,-0.645857142857143
38,27.535999999999998,10.464000000000002
29,32.00375,-3.0037499999999966
62,59.19,2.8100000000000023
23,36.24249999999999,-13.242499999999993
58,37.45845341614907,20.54154658385093
22,29.6825,-7.682500000000001
31,32.1365,-1.136499999999998
4,33.84,-29.840000000000003
54,47.83,6.170000000000002
26,35.544333333333334,-9.544333333333334
5,20.93,-15.93
0,0.9341683592209,-0.9341683592209
29,33.08,-4.079999999999998
4,9.022714285714285,-5.022714285714285
8,30.6475,-22.6475
62,50.6435,11.356499999999997
40,36.72,3.280000000000001
40,44.27,-4.270000000000003
11,16.02,-5.02
0,6.055,-6.055
47,30.16,16.84
23,31.744363636363637,-8.744363636363637
24,28.736666666666668,-4.736666666666668
54,36.127843822843815,17.872156177156185
40,35.17,4.829999999999998
3,38.22366666666667,-35.22366666666667
37,37.24,-0.240000000000002
0,23.793499999999998,-23.793499999999998
0,0.5206231497260909,-0.5206231497260909
2,58.52000000000001,-56.52000000000001
80,68.73441666666666,11.265583333333339
41,43.29333333333334,-2.2933333333333366
26,33.14954545454545,-7.1495454545454535
54,50.73,3.270000000000003
51,47.37,3.6300000000000026
24,33.81909090909091,-9.81909090909091
58,27.07,30.93
44,24.42,19.58
52,37.583333333333336,14.416666666666664
16,34.479523809523805,-18.479523809523805
0,11.78,-11.78
54,47.89647619047619,6.103523809523807
51,49.683,1.3170000000000002
50,45.33,4.670000000000002
1,3.47,-2.47
31,37.5425,-6.542499999999997
47,35.28,11.719999999999999
86,43.33041666666667,42.66958333333333
24,48.18085714285714,-24.180857142857143
0,7.45,-7.45
37,34.65041666666667,2.349583333333328
35,29.182166666666664,5.817833333333336
0,32.895,-32.895
9,15.859916666666665,-6.859916666666665
0,9.26,-9.26
20,24.76,-4.760000000000002
26,39.6045,-13.604500000000002
55,49.18,5.82
39,29.293333333333337,9.706666666666663
13,27.75166666666667,-14.751666666666669
31,30.696666666666665,0.30333333333333456
0,0.9881782751020538,-0.9881782751020538
51,46.44,4.560000000000002
40,39.93,0.07000000000000028
32,36.72588235294118,-4.725882352941177
46,39.72875,6.271250000000002
42,41.25,0.75
40,32.413333333333334,7.586666666666666
3,7.33,-4.33
35,34.751000000000005,0.24899999999999523
30,32.274,-2.274000000000001
42,38.67375,3.3262500000000017
50,44.26375,5.736249999999998
25,31.86494444444445,-6.8649444444444505
46,45.611999999999995,0.38800000000000523
0,0.08150668775668775,-0.08150668775668775
39,39.08,-0.0799999999999983
52,2.7189774776852396,49.28102252231476
57,38.45666666666666,18.543333333333337
27,33.468,-6.4680000000000035
18,24.59,-6.59
0,9.17726807057705,-9.17726807057705
63,63.40965367965369,-0.4096536796536867
47,45.97,1.0300000000000011
0,0.0,0.0
34,41.52,-7.520000000000003
59,50.54,8.46
12,18.096666666666668,-6.096666666666668
27,36.36,-9.36
40,28.23310606060606,11.766893939393938
23,33.05,-10.049999999999997
24,16.49,7.510000000000002
23,34.42166666666667,-11.421666666666667
1,0.2859250471750471,0.7140749528249529
0,41.08666666666667,-41.08666666666667
85,53.93996626984128,31.06003373015872
52,38.666666666666664,13.333333333333336
9,15.97,-6.970000000000001
17,41.535,-24.534999999999997
51,42.222,8.777999999999999
58,41.327777777777776,16.672222222222224
29,30.90385714285714,-1.9038571428571416
81,80.35,0.6500000000000057
22,41.06483333333333,-19.064833333333333
43,34.625,8.375
10,33.86071428571429,-23.860714285714288
38,40.06,-2.0600000000000023
52,32.44985291943828,19.55014708056172
21,39.263333333333335,-18.263333333333335
40,34.344,5.655999999999999
27,33.64266666666667,-6.6426666666666705
47,43.96,3.039999999999999
37,35.888000000000005,1.1119999999999948
35,40.501333333333335,-5.501333333333335
0,13.81102564102564,-13.81102564102564
20,30.23,-10.23
35,33.27,1.7299999999999969
0,11.99,-11.99
55,36.02916666666667,18.97083333333333
14,22.58,-8.579999999999998
18,17.66,0.33999999999999986
29,28.085,0.9149999999999991
40,37.18529220779221,2.814707792207791
37,41.56,-4.560000000000002
55,53.84666666666667,1.1533333333333289
0,0.0,0.0
44,41.968999999999994,2.031000000000006
39,19.02,19.98
52,37.555,14.445
35,36.49,-1.490000000000002
0,36.89,-36.89
43,43.57,-0.5700000000000003
48,47.23,0.7700000000000031
0,0.14867513788091916,-0.14867513788091916
62,39.6792156862745,22.320784313725497
44,41.3325,2.667499999999997
19,26.91858974358974,-7.918589743589742
46,44.68,1.3200000000000003
69,47.295500000000004,21.704499999999996
26,37.15676190476191,-11.156761904761908
22,29.668333333333337,-7.6683333333333366
67,67.0,0.0
5,12.92142857142857,-7.921428571428571
22,32.608517982017986,-10.608517982017986
56,38.32,17.68
16,28.21659340659341,-12.216593406593411
59,48.82166666666667,10.178333333333327
71,69.91,1.0900000000000034
49,45.51,3.490000000000002
48,44.81333333333334,3.1866666666666603
23,41.49666666666667,-18.49666666666667
47,40.187333333333335,6.812666666666665
71,57.54,13.46
33,27.179166666666664,5.820833333333336
0,0.03382892731669073,-0.03382892731669073
0,7.59,-7.59
40,41.513999999999996,-1.5139999999999958
30,30.718666666666667,-0.7186666666666675
20,33.737058823529416,-13.737058823529416
26,32.076,-6.0760000000000005
24,19.7,4.300000000000001
6,31.59587121212121,-25.59587121212121
38,39.126,-1.1259999999999977
26,44.32,-18.32
0,15.79566666666667,-15.79566666666667
0,12.1,-12.1
18,40.995,-22.994999999999997
39,35.48052380952381,3.5194761904761904
21,24.83,-3.8299999999999983
10,45.92,-35.92
19,44.47,-25.47
0,9.78,-9.78
35,28.56907142857143,6.43092857142857
28,28.072888888888887,-0.07288888888888678
21,39.13674358974359,-18.13674358974359
69,33.67,35.33
33,25.01197619047619,7.98802380952381
43,43.8,-0.7999999999999972
0,2.7612267023654704,-2.7612267023654704
42,29.745,12.254999999999999
51,36.7975,14.2025
0,4.16,-4.16
23,26.37601785714286,-3.376017857142859
1,16.26,-15.260000000000002
62,57.17,4.829999999999998
7,37.99,-30.990000000000002
38,38.43666666666667,-0.4366666666666674
43,36.265,6.734999999999999
51,39.592777777777776,11.407222222222224
0,17.48,-17.48
27,23.37,3.629999999999999
39,29.657333333333337,9.342666666666663
28,48.155,-20.155
38,42.23,-4.229999999999997
0,51.17166666666667,-51.17166666666667
38,35.51766666666666,2.4823333333333366
51,45.405,5.594999999999999
40,24.4,15.600000000000001
38,14.966666666666667,23.03333333333333
0,0.0,0.0
57,44.67,12.329999999999998
29,27.13033333333333,1.8696666666666708
17,29.809285714285714,-12.809285714285714
56,55.10816666666667,0.8918333333333308
4,7.886870245743534,-3.886870245743534
8,36.47533333333333,-28.47533333333333
0,10.2185,-10.2185
41,39.95,1.0499999999999972
40,42.2105,-2.2105000000000032
14,25.6,-11.600000000000001
23,28.52769230769231,-5.527692307692309
50,39.606178571428565,10.393821428571435
0,0.14890121943759702,-0.14890121943759702
9,31.064722222222223,-22.064722222222223
22,42.8378076923077,-20.8378076923077
54,32.22361888111888,21.77638111888112
46,45.42,0.5799999999999983
37,47.03,-10.030000000000001
1,5.138653792147563,-4.138653792147563
30,29.7,0.3000000000000007
29,24.55,4.449999999999999
0,9.5,-9.5
51,50.04,0.9600000000000009
31,33.715,-2.7150000000000034
19,35.47833333333333,-16.47833333333333
76,23.09223819915745,52.90776180084255
45,36.931999999999995,8.068000000000005
41,21.565,19.435
54,50.007777777777775,3.9922222222222246
0,41.82538461538461,-41.82538461538461
32,32.08,-0.0799999999999983
49,39.422954545454544,9.577045454545456
0,2.7833333333333337,-2.7833333333333337
49,45.511833333333335,3.4881666666666646
0,0.5187857142857142,-0.5187857142857142
51,37.86142857142857,13.138571428571431
0,8.746818181818183,-8.746818181818183
58,46.02166666666667,11.978333333333332
60,54.373000000000005,5.626999999999995
20,44.153999999999996,-24.153999999999996
20,40.751666666666665,-20.751666666666665
40,34.15,5.850000000000001
38,37.38,0.6199999999999974
48,36.045390383426096,11.954609616573904
60,46.04038461538461,13.95961538461539
56,27.783333333333335,28.216666666666665
4,3.771274170274172,0.2287258297258279
2,12.1,-10.1
38,42.34559523809523,-4.345595238095228
0,36.918,-36.918
0,0.0,0.0
41,34.54,6.460000000000001
19,29.7325,-10.732500000000002
0,13.255749389499385,-13.255749389499385
26,27.983058823529415,-1.983058823529415
57,41.87238095238095,15.12761904761905
35,42.009212962962955,-7.009212962962955
46,22.77,23.23
47,39.1,7.899999999999999
52,48.455,3.5450000000000017
1,11.006666666666666,-10.006666666666666
32,33.38,-1.3800000000000026
35,38.28333333333333,-3.2833333333333314
0,1.1,-1.1
41,34.07333333333334,6.926666666666662
20,36.163333333333334,-16.163333333333334
23,39.41516666666667,-16.41516666666667
1,0.3766915584415583,0.6233084415584417
16,14.11,1.8900000000000006
50,39.2695,10.7305
43,34.293,8.707
48,47.6575,0.34250000000000114
35,35.14933333333333,-0.1493333333333311
0,2.38,-2.38
53,46.63,6.369999999999997
23,34.93,-11.93
19,30.992857142857144,-11.992857142857144
45,43.58,1.4200000000000017
47,39.07833333333333,7.921666666666667
40,33.541428571428575,6.458571428571425
21,50.02333333333333,-29.023333333333333
62,44.982,17.018
64,60.01,3.990000000000002
48,37.14,10.86
11,15.87,-4.869999999999999
0,0.46,-0.46
39,37.99,1.009999999999998
39,37.255,1.7449999999999974
66,32.443333333333335,33.556666666666665
55,45.51333333333334,9.486666666666657
22,36.843333333333334,-14.843333333333334
27,34.575833333333335,-7.575833333333335
0,9.2775,-9.2775
54,31.883333333333336,22.116666666666664
15,20.72,-5.719999999999999
28,34.08166666666667,-6.0816666666666706
59,46.3095,12.6905
47,34.657,12.343000000000004
47,44.75333333333333,2.2466666666666697
44,43.895357142857144,0.10464285714285637
0,0.57,-0.57
8,44.9,-36.9
42,32.676515151515154,9.323484848484846
2,1.497519403173443,0.5024805968265571
58,31.78,26.22
0,0.10058983471266915,-0.10058983471266915
22,32.87431818181818,-10.874318181818182
30,28.98,1.0199999999999996
35,33.89,1.1099999999999994
57,26.918222222222216,30.081777777777784
39,41.95515151515152,-2.9551515151515204
44,43.07,0.9299999999999997
17,21.116499999999995,-4.116499999999995
34,39.545,-5.545000000000002
39,35.12,3.8800000000000026
28,29.113000000000003,-1.113000000000003
46,36.6625,9.337499999999999
15,25.670217391304348,-10.670217391304348
30,29.534999999999997,0.4650000000000034
78,65.45857142857143,12.541428571428568
30,48.9,-18.9
38,37.58,0.4200000000000017
0,0.0,0.0
62,51.0975,10.902500000000003
51,43.35,7.649999999999999
43,35.655,7.344999999999999
38,38.179974738675966,-0.17997473867596625
15,29.97,-14.969999999999999
34,33.1285,0.8714999999999975
37,33.400555555555556,3.599444444444444
50,36.58416666666667,13.415833333333332
0,0.7047411934470758,-0.7047411934470758
36,35.00333333333334,0.9966666666666626
16,17.00330357142857,-1.003303571428571
26,42.678999999999995,-16.678999999999995
54,52.25,1.75
59,43.16,15.840000000000003
66,40.21,25.79
38,37.13,0.8699999999999974
52,47.11833333333333,4.881666666666668
46,44.04,1.9600000000000009
21,34.290151515151514,-13.290151515151514
58,22.54,35.46
0,17.65,-17.65
0,0.10675763125763126,-0.10675763125763126
25,31.68466666666667,-6.6846666666666685
35,25.175,9.825
25,26.19,-1.1900000000000013
0,0.0,0.0
52,29.03681818181818,22.96318181818182
28,38.18976190476191,-10.189761904761909
40,45.55,-5.549999999999997
21,37.148506122962004,-16.148506122962004
34,43.53922222222222,-9.539222222222222
43,45.63166666666667,-2.6316666666666677
0,3.63,-3.63
57,34.932857142857145,22.067142857142855
24,34.196666666666665,-10.196666666666665
57,38.620000000000005,18.379999999999995
2,10.808776413129353,-8.808776413129353
46,38.2231,7.776899999999998
55,32.34,22.659999999999997
41,41.065,-0.06499999999999773
35,39.66,-4.659999999999997
34,29.76984126984127,4.230158730158731
36,28.61,7.390000000000001
0,0.99,-0.99
0,0.3661767464825841,-0.3661767464825841
41,36.395,4.604999999999997
24,29.485,-5.484999999999999
8,33.67,-25.67
0,0.03536837838416847,-0.03536837838416847
60,41.74400000000001,18.255999999999993
41,43.50333333333334,-2.5033333333333374
13,20.88,-7.879999999999999
36,36.78,-0.7800000000000011
50,45.33,4.670000000000002
12,10.931,1.0690000000000008
63,31.79975,31.20025
0,2.7612267023654704,-2.7612267023654704
5,22.99,-17.99
37,37.1775,-0.177500000000002
23,31.655,-8.655000000000001
31,37.405,-6.405000000000001
19,27.566666666666666,-8.566666666666666
20,21.459494949494946,-1.459494949494946
1,0.3944253246753247,0.6055746753246753
50,46.3225,3.677500000000002
30,22.59,7.41
51,40.039,10.960999999999999
2,19.8075,-17.8075
60,28.67,31.33
57,44.032,12.968000000000004
46,45.716547619047624,0.2834523809523759
2,2.58,-0.5800000000000001
62,31.89,30.11
16,22.81166666666667,-6.811666666666671
58,43.03,14.969999999999999
59,38.1055,20.8945
31,30.68,0.3200000000000003
63,51.126999999999995,11.873000000000005
65,56.56428571428572,8.435714285714283
28,23.691666666666666,4.308333333333334
50,42.24,7.759999999999998
41,37.81,3.1899999999999977
26,30.61,-4.609999999999999
50,54.28,-4.280000000000001
45,44.525,0.4750000000000014
67,59.54,7.460000000000001
3,1.42377380952381,1.57622619047619
39,35.095,3.905000000000001
89,44.03166666666666,44.96833333333334
44,33.483333333333334,10.516666666666666
46,40.082,5.917999999999999
17,31.406309523809522,-14.406309523809522
0,0.3157684537684536,-0.3157684537684536
41,33.768,7.231999999999999
0,42.919761904761906,-42.919761904761906
0,0.0,0.0
0,0.0,0.0
33,34.26238095238095,-1.2623809523809513
39,37.4675,1.5324999999999989
63,49.59198412698414,13.408015873015863
6,35.613,-29.613
68,55.14201680672269,12.857983193277313
34,26.47,7.530000000000001
52,44.42,7.579999999999998
18,31.76,-13.760000000000002
76,76.79688888888887,-0.7968888888888728
18,30.21,-12.21
55,52.98333333333333,2.016666666666673
37,37.8825,-0.8825000000000003
23,18.8,4.199999999999999
22,31.1525,-9.1525
52,49.13,2.8699999999999974
0,43.56399999999999,-43.56399999999999
17,29.264333333333333,-12.264333333333333
20,29.06333333333333,-9.063333333333329
68,46.93528571428571,21.064714285714288
2,13.62658286349771,-11.62658286349771
67,33.83035714285714,33.16964285714286
22,33.04,-11.04
41,41.55,-0.5499999999999972
59,50.139353233830846,8.860646766169154
53,38.5025,14.497500000000002
26,35.62189144736842,-9.62189144736842
38,32.00833333333333,5.991666666666667
0,19.51,-19.51
51,49.56,1.4399999999999977
28,36.661142857142856,-8.661142857142856
64,56.73,7.270000000000003
28,31.36,-3.3599999999999994
19,20.916,-1.9160000000000004
11,30.763395021645024,-19.763395021645024
62,43.255,18.744999999999997
0,0.9341683592209,-0.9341683592209
53,51.87,1.1300000000000026
29,37.061620546120544,-8.061620546120544
42,32.00933333333333,9.99066666666667
16,24.438571428571425,-8.438571428571425
64,37.80229578754579,26.197704212454212
61,22.83,38.17
3,1.6567178001736835,1.3432821998263165
64,63.91,0.09000000000000341
0,2.33,-2.33
0,16.06,-16.06
23,40.08166666666666,-17.081666666666663
0,1.28,-1.28
56,41.38182754182754,14.61817245817246
23,39.99,-16.990000000000002
67,40.045,26.955
30,35.77375,-5.77375
60,55.004666666666665,4.995333333333335
22,33.56198717948718,-11.561987179487183
19,31.59,-12.59
44,43.51,0.490000000000002
71,49.367999999999995,21.632000000000005
80,44.878035714285716,35.121964285714284
64,26.926077165533673,37.07392283446633
67,20.062787563313876,46.937212436686124
65,48.76,16.240000000000002
50,44.89083333333333,5.109166666666667
33,35.144444444444446,-2.1444444444444457
80,65.44333333333333,14.556666666666672
42,24.33,17.67
65,52.18166666666667,12.818333333333328
53,45.74,7.259999999999998
2,4.64,-2.6399999999999997
36,40.82733333333333,-4.827333333333328
35,38.77776397515528,-3.777763975155281
40,37.82,2.1799999999999997
26,35.88,-9.880000000000003
55,41.84,13.159999999999997
51,40.79964285714286,10.200357142857143
52,32.405,19.595
21,30.195,-9.195
27,32.91,-5.909999999999997
37,39.124,-2.1240000000000023
46,75.18,-29.180000000000007
0,0.3661767464825841,-0.3661767464825841
0,24.91,-24.91
36,37.7875,-1.7875000000000014
36,30.095714285714283,5.904285714285717
44,27.44,16.56
28,36.28333333333333,-8.283333333333331
17,22.583242895035998,-5.583242895035998
0,5.72,-5.72
35,27.86625,7.133749999999999
35,46.9,-11.899999999999999
71,36.5175,34.4825
0,0.22139725844653843,-0.22139725844653843
0,12.008666666666668,-12.008666666666668
20,41.815,-21.814999999999998
14,23.2,-9.2
56,32.95285714285714,23.04714285714286
47,37.337426573426576,9.662573426573424
0,0.0,0.0
30,27.535000000000004,2.4649999999999963
41,39.16833333333333,1.8316666666666706
42,34.45,7.549999999999997
20,28.108560606060607,-8.108560606060607
25,44.22,-19.22
24,36.0375,-12.037500000000001
59,29.983333333333334,29.016666666666666
0,1.5436192555369428,-1.5436192555369428
56,50.84857142857143,5.151428571428568
5,8.47,-3.4700000000000006
51,46.68266666666668,4.317333333333323
0,17.23966666666667,-17.23966666666667
83,34.38166666666667,48.61833333333333
57,51.49,5.509999999999998
72,54.76,17.240000000000002
0,0.21112216741122164,-0.21112216741122164
0,0.0,0.0
49,38.567727272727275,10.432272727272725
24,34.34666666666667,-10.346666666666671
39,33.52,5.479999999999997
28,23.260833333333334,4.739166666666666
54,34.278,19.722
50,36.8675,13.1325
24,25.1,-1.1000000000000014
49,33.23309523809523,15.766904761904769
40,37.39,2.6099999999999994
13,19.445,-6.445
22,27.28,-5.280000000000001
38,35.001666666666665,2.998333333333335
62,42.299348221670805,19.700651778329195
49,42.158888888888896,6.841111111111104
0,8.17,-8.17
55,34.94,20.060000000000002
62,35.3225,26.677500000000002
17,25.42,-8.420000000000002
23,38.62,-15.619999999999997
28,28.915928571428573,-0.915928571428573
2,29.907722222222223,-27.907722222222223
23,25.94,-2.9400000000000013
30,27.98,2.0199999999999996
43,34.16,8.840000000000003
20,41.882222222222225,-21.882222222222225
46,36.685,9.314999999999998
30,30.21,-0.21000000000000085
25,35.02142857142857,-10.021428571428572
53,46.19,6.810000000000002
0,40.85833333333333,-40.85833333333333
15,41.29714285714286,-26.29714285714286
0,0.0,0.0
0,14.46,-14.46
27,36.901666666666664,-9.901666666666664
69,59.21,9.79
55,32.47888888888889,22.52111111111111
15,13.21,1.7899999999999991
0,0.03536837838416847,-0.03536837838416847
37,33.178000000000004,3.8219999999999956
0,2.34,-2.34
4,38.79866666666666,-34.79866666666666
35,46.02333333333334,-11.02333333333334
69,61.59,7.409999999999997
44,41.38,2.6199999999999974
2,7.97,-5.97
62,43.805666666666674,18.194333333333326
0,5.19,-5.19
1,0.3345847763347763,0.6654152236652238
24,30.545,-6.545000000000002
57,54.7,2.299999999999997
0,0.18,-0.18
24,30.920180919976442,-6.920180919976442
51,51.0,0.0
34,39.60833333333333,-5.608333333333327
0,0.0,0.0
53,41.7,11.299999999999997
0,0.0,0.0
78,34.855,43.145
44,40.6605,3.339500000000001
0,0.16640849020260784,-0.16640849020260784
0,0.4759067590638421,-0.4759067590638421
67,36.40612092862093,30.59387907137907
0,23.09223819915745,-23.09223819915745
30,39.18666666666667,-9.186666666666667
43,43.610666666666674,-0.610666666666674
34,34.29838461538461,-0.29838461538461303
21,32.2225,-11.222499999999997
69,42.68561403508772,26.314385964912283
0,2.82,-2.82
43,34.25,8.75
22,31.755,-9.754999999999999
59,49.339444444444446,9.660555555555554
30,35.06,-5.060000000000002
30,38.08,-8.079999999999998
8,47.362380952380946,-39.362380952380946
19,36.055,-17.055
19,39.156666666666666,-20.156666666666666
44,40.12855555555556,3.8714444444444425
48,42.23833333333333,5.76166666666667
0,42.705,-42.705
60,52.735,7.265000000000001
35,37.17709770114942,-2.177097701149421
16,36.55858134920635,-20.55858134920635
36,29.748,6.251999999999999
0,16.06,-16.06
0,8.71,-8.71
62,52.91,9.090000000000003
62,37.24,24.759999999999998
1,3.6668690476190475,-2.6668690476190475
48,36.32166666666667,11.678333333333327
53,49.8905,3.109499999999997
66,45.34333333333334,20.65666666666666
43,38.344,4.655999999999999
37,39.477196078431376,-2.4771960784313762
25,39.683,-14.683
42,38.99,3.009999999999998
45,26.516190476190477,18.483809523809523
43,41.416000000000004,1.583999999999996
22,20.876666666666665,1.1233333333333348
58,39.217000000000006,18.782999999999994
18,24.62,-6.620000000000001
11,27.9725,-16.9725
21,24.495,-3.495000000000001
24,33.57630952380952,-9.57630952380952
0,59.75333333333334,-59.75333333333334
61,37.868611111111115,23.131388888888885
20,32.55166666666667,-12.55166666666667
67,61.75714285714286,5.24285714285714
67,60.545,6.454999999999998
57,29.645714285714288,27.354285714285712
19,35.76916666666666,-16.769166666666663
22,23.57,-1.5700000000000003
52,30.303636363636365,21.696363636363635
33,40.70979691876751,-7.709796918767509
44,42.675,1.3250000000000028
0,5.1,-5.1
24,24.23785714285714,-0.2378571428571412
52,40.97,11.030000000000001
11,32.328,-21.328000000000003
29,32.572857142857146,-3.5728571428571456
0,0.0,0.0
60,31.951107142857143,28.048892857142857
75,73.26,1.7399999999999949
52,43.47375,8.526249999999997
49,43.4075,5.592500000000001
11,32.4,-21.4
55,32.970392857142855,22.029607142857145
39,41.187637987012984,-2.187637987012984
16,33.08666666666667,-17.086666666666673
28,27.37,0.629999999999999
3,25.20280952380952,-22.20280952380952
82,66.655,15.344999999999999
73,63.42,9.579999999999998
0,0.74,-0.74
59,37.04,21.96
5,40.5275,-35.5275
55,50.0,5.0
0,13.028076923076924,-13.028076923076924
51,46.37,4.630000000000003
62,32.14666666666667,29.85333333333333
8,30.695,-22.695
42,41.9,0.10000000000000142
43,43.9,-0.8999999999999986
0,0.0,0.0
18,31.0425,-13.0425
5,41.7555350877193,-36.7555350877193
60,37.02642857142857,22.973571428571432
16,20.6,-4.600000000000001
49,44.4275,4.572499999999998
0,40.26444444444444,-40.26444444444444
38,35.81,2.1899999999999977
22,18.28,3.719999999999999
55,38.25,16.75
39,36.22,2.780000000000001
70,68.67,1.3299999999999983
26,38.92333333333333,-12.923333333333332
20,22.61,-2.6099999999999994
22,31.76,-9.760000000000002
53,35.53833333333333,17.461666666666673
45,29.305,15.695
25,32.786,-7.786000000000001
19,23.482,-4.481999999999999
60,34.12355952380952,25.87644047619048
29,32.79,-3.789999999999999
42,43.93333333333334,-1.9333333333333371
42,41.82,0.17999999999999972
0,20.460833333333333,-20.460833333333333
35,35.21,-0.21000000000000085
11,13.93,-2.9299999999999997
63,36.403333333333336,26.596666666666664
55,40.77066666666666,14.229333333333336
39,41.97033333333333,-2.970333333333329
0,0.0,0.0
62,59.64333333333334,2.356666666666662
70,44.24416666666667,25.755833333333328
60,34.05,25.950000000000003
24,28.58,-4.579999999999998
48,26.7475,21.2525
35,45.43375,-10.433750000000003
22,45.07958333333334,-23.07958333333334
0,1.27,-1.27
23,13.19,9.81
0,1.382166666666667,-1.382166666666667
64,32.81,31.189999999999998
0,17.548436790718597,-17.548436790718597
21,41.10916666666666,-20.10916666666666
64,55.395,8.604999999999997
46,43.46,2.539999999999999
48,46.14333333333334,1.856666666666662
45,35.159285714285716,9.840714285714284
56,52.86,3.1400000000000006
35,19.75,15.25
54,44.30666666666667,9.693333333333328
63,59.98,3.020000000000003
63,59.65416666666667,3.3458333333333314
36,34.2225,1.7775000000000034
62,57.81666666666666,4.183333333333337
0,1.31,-1.31
53,42.792792792792795,10.207207207207205
65,63.47,1.5300000000000011
1,5.7940661283161266,-4.7940661283161266
21,29.5525,-8.552499999999998
39,26.79,12.21
13,15.9,-2.9000000000000004
0,0.637912524438066,-0.637912524438066
25,39.71590909090909,-14.715909090909093
0,14.276111111111113,-14.276111111111113
1,0.2779366605616604,0.7220633394383396
7,17.04,-10.04
33,41.87895833333334,-8.878958333333337
0,4.566339285714285,-4.566339285714285
0,0.64,-0.64
24,25.36,-1.3599999999999994
37,39.485,-2.4849999999999994
25,37.843333333333334,-12.843333333333334
25,45.406190476190474,-20.406190476190474
63,36.15035714285714,26.84964285714286
2,23.459500000000002,-21.459500000000002
11,35.678000000000004,-24.678000000000004
41,39.60008333333334,1.3999166666666625
48,40.672380952380955,7.327619047619045
42,31.613467948717947,10.386532051282053
41,44.12277777777777,-3.1227777777777703
78,21.18,56.82
47,41.54,5.460000000000001
54,48.8,5.200000000000003
51,42.9225,8.0775
47,43.18555555555556,3.8144444444444403
36,46.458999999999996,-10.458999999999996
75,58.22911507936508,16.77088492063492
83,81.51157359307358,1.488426406926422
0,0.43796910768969577,-0.43796910768969577
52,34.5525,17.447499999999998
0,38.56326007326007,-38.56326007326007
18,26.59,-8.59
38,43.66,-5.659999999999997
35,40.49333333333333,-5.493333333333332
22,29.89666666666667,-7.896666666666668
41,42.62363636363636,-1.6236363636363578
41,38.92,2.0799999999999983
38,42.098,-4.097999999999999
39,38.9925,0.007500000000000284
62,34.24666666666666,27.753333333333337
47,38.642676470588235,8.357323529411765
19,37.11764285714286,-18.11764285714286
39,43.54,-4.539999999999999
40,40.97666666666666,-0.9766666666666595
65,45.69666666666667,19.303333333333327
19,23.18,-4.18
28,31.7925,-3.7925000000000004
38,41.584122807017536,-3.584122807017536
39,27.90833333333333,11.091666666666669
48,33.55,14.450000000000003
52,44.87,7.130000000000003
28,36.419285714285714,-8.419285714285714
5,19.043333333333337,-14.043333333333337
63,56.94,6.060000000000002
59,42.405,16.595
57,37.151666666666664,19.848333333333336
50,43.46,6.539999999999999
74,63.955,10.045000000000002
16,21.82,-5.82
23,32.29833333333333,-9.298333333333332
0,16.05,-16.05
40,41.775,-1.7749999999999986
28,33.23106060606061,-5.231060606060609
78,62.95,15.049999999999997
1,15.193,-14.193
72,57.44666666666667,14.553333333333327
0,23.279993460709132,-23.279993460709132
49,38.4725,10.527500000000003
1,8.98,-7.98
49,44.627916666666664,4.372083333333336
74,68.62,5.3799999999999955
47,39.07833333333333,7.921666666666667
83,22.62167467996924,60.37832532003076
80,80.0,0.0
49,44.575,4.424999999999997
41,41.36773809523809,-0.36773809523808865
25,34.1175,-9.1175
42,28.285,13.715
43,37.58666666666667,5.413333333333327
82,69.85,12.150000000000006
0,18.554694444444447,-18.554694444444447
0,0.20999968853203757,-0.20999968853203757
64,38.3356,25.6644
8,35.72,-27.72
0,0.0,0.0
47,47.64,-0.6400000000000006
32,33.03761904761905,-1.037619047619053
44,25.81222222222222,18.18777777777778
39,46.60499639249639,-7.604996392496389
49,44.06,4.939999999999998
38,41.28,-3.280000000000001
59,47.56,11.439999999999998
22,14.19,7.8100000000000005
38,36.82,1.1799999999999997
48,39.71333333333334,8.286666666666662
26,43.24,-17.240000000000002
12,37.696666666666665,-25.696666666666665
73,63.56833333333334,9.431666666666658
0,6.18,-6.18
17,26.85,-9.850000000000001
50,17.1,32.9
0,17.265,-17.265
16,21.15809523809524,-5.158095238095239
66,35.997388500388496,30.002611499611504
37,34.061905753968254,2.9380942460317456
43,39.06,3.9399999999999977
20,18.039,1.9609999999999985
46,38.96,7.039999999999999
31,31.136,-0.13599999999999923
57,40.076,16.924
15,34.05,-19.049999999999997
0,0.0,0.0
21,36.34,-15.340000000000003
28,39.28519607843137,-11.285196078431369
40,30.73,9.27
0,1.2484718892218891,-1.2484718892218891
58,53.16666666666667,4.833333333333329
2,5.181106229503537,-3.181106229503537
59,55.18,3.8200000000000003
79,1.8127064266940396,77.18729357330596
36,32.7725,3.227499999999999
36,37.67,-1.6700000000000017
1,0.4817737262737265,0.5182262737262735
44,41.27,2.729999999999997
46,46.345,-0.34499999999999886
0,1.06,-1.06
4,6.85,-2.8499999999999996
25,35.898,-10.898000000000003
19,32.76157575757576,-13.761575757575763
0,3.97,-3.97
20,23.2,-3.1999999999999993
26,37.92718253968254,-11.92718253968254
42,40.18,1.8200000000000003
54,20.286666666666665,33.71333333333334
0,10.543333333333335,-10.543333333333335
36,42.55333333333334,-6.553333333333342
55,36.225,18.775
40,38.7,1.2999999999999972
41,42.8,-1.7999999999999972
24,36.845,-12.844999999999999
10,18.2,-8.2
0,0.0,0.0
76,57.342,18.658
0,0.22139725844653843,-0.22139725844653843
44,38.2606122072372,5.739387792762798
29,45.838571428571434,-16.838571428571434
44,45.16333333333334,-1.163333333333341
56,43.64848484848485,12.351515151515152
27,36.91,-9.909999999999997
30,6.493357142857143,23.506642857142857
0,1.5880833598768382,-1.5880833598768382
21,36.45,-15.450000000000003
27,29.998142857142856,-2.998142857142856
42,35.78277272727273,6.217227272727271
0,4.685,-4.685
24,31.42,-7.420000000000002
24,34.235,-10.235
30,34.061269456350104,-4.061269456350104
36,21.69,14.309999999999999
1,17.73,-16.73
44,45.335,-1.3350000000000009
17,41.465,-24.465000000000003
79,36.01,42.99
55,25.92,29.08
23,36.09274074074074,-13.092740740740737
55,36.23,18.770000000000003
0,0.52,-0.52
47,39.623333333333335,7.376666666666665
5,29.970714285714283,-24.970714285714283
56,52.45,3.549999999999997
68,0.43796910768969577,67.5620308923103
38,31.63285714285714,6.367142857142859
29,41.395,-12.395000000000003
38,40.765,-2.7650000000000006
58,44.85,13.149999999999999
72,23.187261904761904,48.812738095238096
24,30.98690476190476,-6.986904761904761
62,60.43,1.5700000000000003
25,35.973615384615385,-10.973615384615385
50,39.89666666666667,10.103333333333332
42,34.50666666666667,7.493333333333332
37,34.745,2.2550000000000026
0,7.12,-7.12
52,29.45,22.55
1,0.6538404657889784,0.34615953421102164
65,49.98,15.020000000000003
12,27.08,-15.079999999999998
24,40.07,-16.07
19,30.962797619047613,-11.962797619047613
70,56.9325,13.067500000000003
16,24.123333333333335,-8.123333333333335
0,0.0,0.0
19,36.00448717948718,-17.004487179487178
76,61.1,14.899999999999999
56,42.14666666666666,13.853333333333339
74,65.18,8.819999999999993
41,41.48,-0.4799999999999969
39,38.52,0.4799999999999969
0,0.62,-0.62
22,33.66416666666667,-11.664166666666667
36,36.57,-0.5700000000000003
72,34.55266666666667,37.44733333333333
45,36.1375,8.862499999999997
53,27.763333333333335,25.236666666666665
76,58.03,17.97
0,0.3750751339545305,-0.3750751339545305
38,38.42,-0.4200000000000017
39,37.935,1.0649999999999977
21,35.59625,-14.596249999999998
0,14.33,-14.33
62,39.31104166666667,22.688958333333332
0,9.06125,-9.06125
49,39.89333333333334,9.106666666666662
45,37.29523809523809,7.704761904761909
0,43.99733333333334,-43.99733333333334
0,3.6514285714285717,-3.6514285714285717
0,35.20815584415585,-35.20815584415585
12,30.85666666666667,-18.85666666666667
49,46.75,2.25
50,35.62777168045532,14.372228319544682
14,18.83,-4.829999999999998
69,34.47130303030303,34.52869696969697
44,25.62,18.38
59,35.505,23.494999999999997
0,16.913333333333334,-16.913333333333334
63,42.97544871794871,20.02455128205129
25,36.961,-11.960999999999999
0,0.0,0.0
61,57.435,3.5649999999999977
43,43.72,-0.7199999999999989
50,48.33,1.6700000000000017
18,15.624,2.3759999999999994
9,35.26,-26.259999999999998
64,55.005,8.994999999999997
23,38.64,-15.64
60,58.56,1.4399999999999977
24,31.0425,-7.0425
66,60.295,5.704999999999998
35,42.82,-7.82
31,44.345,-13.344999999999999
82,76.61,5.390000000000001
17,27.397333333333332,-10.397333333333332
30,41.97666666666667,-11.976666666666667
29,28.840025641025644,0.15997435897435608
52,46.255222222222216,5.744777777777784
51,44.875,6.125
63,39.18814393939394,23.81185606060606
39,38.373000000000005,0.6269999999999953
76,60.92666666666667,15.07333333333333
44,37.78,6.219999999999999
45,28.595,16.405
0,0.5176175768675769,-0.5176175768675769
0,5.34,-5.34
17,36.01,-19.009999999999998
39,38.48767676767677,0.512323232323233
53,62.944239538239515,-9.944239538239515
0,1.475767589875612,-1.475767589875612
52,35.98657142857143,16.01342857142857
18,33.229,-15.229
0,17.627083333333335,-17.627083333333335
0,21.88,-21.88
30,39.62103896103896,-9.621038961038963
39,40.299,-1.2989999999999995
23,38.32363636363637,-15.323636363636368
20,36.010886904761904,-16.010886904761904
58,56.8,1.2000000000000028
25,27.19,-2.1900000000000013
61,41.115,19.884999999999998
45,42.55,2.450000000000003
62,34.89495238095238,27.105047619047618
57,40.285,16.715000000000003
72,18.84,53.16
49,47.45,1.5499999999999972
87,2.12,84.88
9,16.76,-7.760000000000002
39,31.680999999999997,7.319000000000003
46,32.73,13.270000000000003
65,37.905,27.095
38,34.2,3.799999999999997
52,51.8,0.20000000000000284
57,13.211428571428572,43.78857142857143
38,45.76666666666666,-7.766666666666659
89,0.2954740259740259,88.70452597402597
6,43.22,-37.22
64,35.276666666666664,28.723333333333336
23,28.996666666666666,-5.996666666666666
45,44.26,0.740000000000002
41,33.785,7.215000000000003
24,38.52333333333333,-14.523333333333333
0,14.52,-14.52
38,33.21,4.789999999999999
46,45.13666666666667,0.8633333333333297
27,46.30927777777778,-19.30927777777778
46,35.018,10.982
0,31.683333333333334,-31.683333333333334
29,29.64,-0.6400000000000006
37,33.32333333333333,3.6766666666666694
46,39.93333333333334,6.066666666666663
49,43.955,5.045000000000002
53,45.51,7.490000000000002
40,27.568333333333335,12.431666666666665
39,35.0946673254282,3.9053326745718024
68,56.44,11.560000000000002
49,43.15,5.850000000000001
17,22.4325,-5.432500000000001
0,15.9465,-15.9465
41,41.21,-0.21000000000000085
26,42.80352380952381,-16.80352380952381
21,43.99333333333333,-22.993333333333332
64,38.977833333333336,25.022166666666664
40,33.32857142857143,6.671428571428571
12,14.41,-2.41
61,52.57,8.43
28,34.675,-6.674999999999997
63,50.575,12.424999999999997
33,36.55,-3.549999999999997
59,39.7,19.299999999999997
44,36.315,7.685000000000002
0,1.1123137125461975,-1.1123137125461975
25,21.815,3.1849999999999987
45,37.416666666666664,7.583333333333336
0,0.3635672562731386,-0.3635672562731386
57,36.9,20.1
0,10.413482635198816,-10.413482635198816
23,30.100888157894737,-7.100888157894737
42,36.06925892857143,5.930741071428571
58,36.250843137254904,21.749156862745096
27,36.41,-9.409999999999997
10,35.34,-25.340000000000003
78,65.67469047619048,12.325309523809523
37,40.46,-3.460000000000001
63,54.8,8.200000000000003
51,36.208,14.792000000000002
26,31.344,-5.344000000000001
19,37.975,-18.975
49,42.19,6.810000000000002
57,49.468,7.5319999999999965
1,0.0,1.0
46,40.507472763347764,5.492527236652236
57,50.71,6.289999999999999
2,2.332,-0.33199999999999985
18,34.402071428571425,-16.402071428571425
48,29.89035714285714,18.10964285714286
34,35.485,-1.4849999999999994
44,42.72333333333333,1.2766666666666708
85,61.6889761904762,23.311023809523803
22,29.659359649122813,-7.659359649122813
39,44.5547505623032,-5.554750562303198
68,46.86770833333334,21.13229166666666
23,27.35,-4.350000000000001
2,16.25916666666667,-14.259166666666669
0,5.138653792147563,-5.138653792147563
0,0.98,-0.98
17,30.38,-13.379999999999999
50,25.6996327332798,24.3003672667202
22,27.14,-5.140000000000001
50,27.16052380952381,22.83947619047619
0,0.1499714651533537,-0.1499714651533537
47,41.06,5.939999999999998
16,24.33,-8.329999999999998
44,25.434999999999995,18.565000000000005
60,51.4025,8.597499999999997
19,29.73,-10.73
28,37.17,-9.170000000000002
19,29.48,-10.48
31,33.35333333333333,-2.3533333333333317
50,45.73916666666667,4.260833333333331
34,35.81190476190476,-1.8119047619047635
45,43.39766666666667,1.602333333333327
10,30.204,-20.204
60,50.31,9.689999999999998
38,35.73,2.270000000000003
37,38.90904761904762,-1.9090476190476195
41,34.775,6.225000000000001
2,19.28375,-17.28375
32,18.4,13.600000000000001
49,42.19757575757576,6.802424242424237
36,38.398666666666664,-2.3986666666666636
0,0.19643678869209175,-0.19643678869209175
0,0.7232299082989195,-0.7232299082989195
36,31.75,4.25
43,42.47,0.5300000000000011
55,33.91625,21.083750000000002
46,40.028333333333336,5.971666666666664
63,38.42505064966624,24.57494935033376
0,0.47628164267792733,-0.47628164267792733
0,7.67,-7.67
15,37.46333333333333,-22.46333333333333
26,39.592,-13.591999999999999
30,33.0275,-3.0275000000000034
43,40.11,2.8900000000000006
0,1.475435015313727,-1.475435015313727
58,45.32523809523809,12.674761904761908
37,33.613034313725485,3.3869656862745146
41,39.57,1.4299999999999997
7,3.750757898147607,3.249242101852393
11,34.26,-23.259999999999998
36,34.825833333333335,1.1741666666666646
26,34.57957142857143,-8.579571428571427
0,0.0,0.0
69,56.74,12.259999999999998
22,23.025,-1.0249999999999986
18,35.91,-17.909999999999997
0,2.7612267023654704,-2.7612267023654704
1,0.03536837838416847,0.9646316216158315
18,22.82,-4.82
19,23.49,-4.489999999999998
37,38.083333333333336,-1.0833333333333357
1,54.83,-53.83
24,28.523333333333333,-4.523333333333333
44,15.23,28.77
0,0.0,0.0
53,40.39136842105263,12.608631578947367
23,37.44166666666666,-14.441666666666663
0,7.079864718614715,-7.079864718614715
32,35.96002380952381,-3.960023809523811
0,39.26166666666667,-39.26166666666667
51,40.40833333333333,10.591666666666669
0,12.0365,-12.0365
0,0.6869603174603175,-0.6869603174603175
37,35.41666666666667,1.5833333333333286
45,44.97916666666666,0.020833333333342807
50,32.5975,17.402500000000003
1,0.257038361775823,0.742961638224177
60,39.06366666666667,20.93633333333333
0,4.44,-4.44
35,36.74,-1.740000000000002
24,32.9075,-8.907499999999999
11,17.57,-6.57
47,40.70333333333333,6.296666666666667
1,23.35,-22.35
36,38.571,-2.570999999999998
66,45.56183333333333,20.438166666666667
38,36.71333333333334,1.2866666666666617
34,36.63,-2.6300000000000026
60,42.8295303030303,17.170469696969697
0,23.804844599844603,-23.804844599844603
45,40.770857142857146,4.229142857142854
0,10.27,-10.27
15,19.81,-4.809999999999999
41,37.74111111111111,3.2588888888888903
58,25.08136519036519,32.91863480963481
62,57.3975,4.602499999999999
20,40.852666666666664,-20.852666666666664
35,43.24944444444444,-8.249444444444443
59,41.410833333333336,17.589166666666664
55,46.086000000000006,8.913999999999994
25,34.814,-9.814
55,45.07094202898551,9.929057971014487
0,0.52,-0.52
1,3.6514285714285717,-2.6514285714285717
44,40.776666666666664,3.2233333333333363
42,32.465,9.534999999999997
27,27.5,-0.5
23,37.55,-14.549999999999997
39,43.16656565656565,-4.166565656565652
21,32.833333333333336,-11.833333333333336
46,44.549285714285716,1.4507142857142838
55,26.305999999999997,28.694000000000003
35,40.49,-5.490000000000002
47,42.31333333333334,4.68666666666666
65,56.6675,8.332500000000003
54,41.49,12.509999999999998
44,38.26346153846154,5.7365384615384585
15,42.785,-27.784999999999997
0,40.9625,-40.9625
46,33.3,12.700000000000003
0,3.18,-3.18
25,30.3425,-5.342500000000001
43,43.45333333333334,-0.45333333333334025
40,35.65179761904762,4.3482023809523795
0,1.16,-1.16
5,29.7975,-24.7975
33,36.51333333333333,-3.5133333333333283
0,1.3474090354090353,-1.3474090354090353
55,48.57,6.43
25,30.218672702776768,-5.218672702776768
27,46.17,-19.17
31,32.52,-1.5200000000000031
31,31.456999999999997,-0.4569999999999972
50,45.29,4.710000000000001
37,40.325500000000005,-3.3255000000000052
57,42.92,14.079999999999998
31,38.19,-7.189999999999998
41,40.134166666666665,0.8658333333333346
52,30.045,21.955
29,36.66166666666667,-7.661666666666669
38,38.85638888888889,-0.8563888888888869
77,72.1375,4.862499999999997
44,39.7425,4.2575
70,64.38,5.6200000000000045
64,53.02,10.979999999999997
26,27.56,-1.5599999999999987
67,61.88,5.119999999999997
44,40.57866666666667,3.4213333333333296
28,36.66023039215686,-8.660230392156862
48,44.0925,3.907499999999999
43,35.88904926108375,7.110950738916252
59,51.885,7.115000000000002
72,55.65625,16.34375
59,26.64,32.36
68,62.41,5.590000000000003
63,46.01535714285714,16.98464285714286
42,33.06333333333333,8.936666666666667
65,54.42,10.579999999999998
44,40.47,3.530000000000001
35,35.644,-0.6439999999999984
27,34.35,-7.350000000000001
1,0.47574206349206366,0.5242579365079363
25,24.59,0.41000000000000014
44,39.72833333333333,4.271666666666668
17,30.03,-13.030000000000001
0,0.0,0.0
11,26.008000000000003,-15.008000000000003
3,0.6822645526987631,2.317735447301237
62,29.49,32.510000000000005
48,39.90676923076923,8.093230769230772
75,36.900666666666666,38.099333333333334
33,38.965,-5.965000000000003
57,36.96630158730159,20.033698412698413
24,34.9125,-10.912500000000001
51,42.91,8.090000000000003
8,17.21,-9.21
35,33.24,1.759999999999998
1,40.75166666666667,-39.75166666666667
55,47.31,7.689999999999998
40,33.75676923076923,6.24323076923077
26,29.7,-3.6999999999999993
40,42.8195,-2.819499999999998
49,41.098333333333336,7.901666666666664
1,7.1,-6.1
38,31.886535002035007,6.113464997964993
55,35.81,19.189999999999998
0,0.0,0.0
28,46.58316666666666,-18.583166666666664
8,15.006666666666666,-7.006666666666666
21,44.95059523809524,-23.95059523809524
22,40.72,-18.72
0,4.224727272727273,-4.224727272727273
23,28.75,-5.75
41,35.90826923076923,5.091730769230772
0,0.16223124098124095,-0.16223124098124095
26,34.06325,-8.063249999999996
64,49.71636363636364,14.283636363636361
2,2.10132079032079,-0.10132079032079
0,4.240317313194788,-4.240317313194788
41,28.86,12.14
0,14.063333333333333,-14.063333333333333
25,43.68333333333333,-18.68333333333333
50,48.5575,1.4425000000000026
66,35.81,30.189999999999998
28,34.20189285714286,-6.201892857142859
63,62.2,0.7999999999999972
69,42.93372619047619,26.066273809523807
0,26.44,-26.44
0,0.350758171867692,-0.350758171867692
0,9.835714285714285,-9.835714285714285
32,27.45,4.550000000000001
56,48.895,7.104999999999997
37,36.01,0.990000000000002
0,11.359722222222222,-11.359722222222222
65,38.163333333333334,26.836666666666666
65,30.59,34.41
65,41.59,23.409999999999997
45,40.4075,4.592500000000001
68,56.89,11.11
22,34.1835,-12.183500000000002
0,32.75666666666667,-32.75666666666667
32,41.04375,-9.043750000000003
73,56.35575,16.64425
64,52.49023809523809,11.509761904761909
32,30.448,1.5519999999999996
72,26.926666666666666,45.07333333333334
42,43.76,-1.759999999999998
54,49.625,4.375
59,44.58083333333333,14.41916666666667
40,47.13628571428571,-7.136285714285712
44,35.426,8.573999999999998
73,69.71,3.2900000000000063
29,39.1265873015873,-10.1265873015873
22,36.2425,-14.2425
0,0.8798468061796365,-0.8798468061796365
26,29.56,-3.5599999999999987
62,31.76666666666667,30.23333333333333
0,37.065,-37.065
89,27.805916666666658,61.19408333333334
34,35.0025,-1.0024999999999977
53,37.37666666666667,15.623333333333328
32,40.45388888888889,-8.45388888888889
55,46.97,8.030000000000001
67,66.255,0.7450000000000045
21,35.64,-14.64
0,0.03382892731669073,-0.03382892731669073
31,31.6,-0.6000000000000014
12,36.147,-24.147
35,34.6,0.3999999999999986
26,28.34,-2.34
53,34.82,18.18
23,33.21285714285714,-10.212857142857139
48,43.01,4.990000000000002
51,39.49,11.509999999999998
60,37.83,22.17
9,37.72673076923077,-28.72673076923077
0,32.74,-32.74
23,32.18,-9.18
79,30.17619607843137,48.823803921568626
44,36.925555555555555,7.074444444444445
25,21.83,3.1700000000000017
0,14.001984848484849,-14.001984848484849
19,20.366666666666664,-1.3666666666666636
30,40.101875,-10.101875
26,37.336,-11.335999999999999
28,45.33084848484848,-17.33084848484848
18,31.083333333333336,-13.083333333333336
85,21.89,63.11
60,37.699357142857146,22.300642857142854
21,39.45833333333333,-18.45833333333333
9,17.1875,-8.1875
36,42.42666666666666,-6.426666666666662
50,29.21,20.79
0,20.87,-20.87
3,17.13,-14.129999999999999
26,34.920833333333334,-8.920833333333334
58,52.095,5.905000000000001
22,21.8775,0.12249999999999872
20,38.32217086834734,-18.322170868347342
42,42.75238095238095,-0.7523809523809533
17,19.93,-2.9299999999999997
0,23.78,-23.78
24,28.08,-4.079999999999998
54,47.755,6.244999999999997
25,24.92,0.0799999999999983
28,27.825,0.1750000000000007
0,15.12,-15.12
46,42.015,3.9849999999999994
40,40.49,-0.490000000000002
58,51.4,6.600000000000001
16,28.02515151515151,-12.02515151515151
36,32.569,3.4309999999999974
37,30.098000000000003,6.9019999999999975
18,23.66090909090909,-5.66090909090909
32,35.763333333333335,-3.7633333333333354
9,27.59,-18.59
0,14.522063492063493,-14.522063492063493
63,58.01,4.990000000000002
27,27.116666666666664,-0.11666666666666359
48,41.965,6.034999999999997
20,29.42666666666667,-9.42666666666667
66,42.0575,23.942500000000003
66,55.0,11.0
43,44.13,-1.1300000000000026
45,42.4425,2.5574999999999974
37,37.1,-0.10000000000000142
36,30.638333333333332,5.361666666666668
34,34.57916666666667,-0.5791666666666728
66,15.81,50.19
0,0.0,0.0
34,33.41416666666667,0.5858333333333334
24,41.2725,-17.2725
50,49.34,0.6599999999999966
47,37.346,9.654000000000003
20,40.397511904761906,-20.397511904761906
53,44.45666666666666,8.543333333333337
38,37.97666666666667,0.023333333333333428
10,26.84,-16.84
76,57.342,18.658
37,26.77,10.23
46,37.23318181818182,8.76681818181818
28,33.57113636363636,-5.571136363636363
37,37.36,-0.35999999999999943
66,55.43333333333333,10.56666666666667
28,34.106388888888894,-6.106388888888894
43,41.49,1.509999999999998
41,28.18923076923077,12.810769230769228
64,30.385871212121216,33.614128787878784
0,7.660939862644312,-7.660939862644312
18,32.42,-14.420000000000002
51,46.455,4.545000000000002
65,56.473333333333336,8.526666666666664
37,32.815,4.185000000000002
76,72.47,3.530000000000001
52,51.05135714285714,0.9486428571428576
40,44.5875,-4.587499999999999
29,36.01,-7.009999999999998
22,33.3574025974026,-11.357402597402597
56,53.049,2.9510000000000005
56,37.952666666666666,18.047333333333334
50,37.378846153846155,12.621153846153845
35,39.32,-4.32
53,37.00203968253968,15.997960317460318
0,0.0,0.0
0,0.0,0.0
60,56.01666666666666,3.9833333333333414
23,29.86,-6.859999999999999
67,60.830402298850565,6.169597701149435
44,31.345,12.655000000000001
45,30.96,14.04
0,0.26,-0.26
38,43.4125,-5.412500000000001
63,56.55,6.450000000000003
9,35.28285714285714,-26.28285714285714
43,33.06,9.939999999999998
44,44.273,-0.27300000000000324
19,36.5022619047619,-17.5022619047619
0,9.78,-9.78
64,40.22,23.78
24,27.835,-3.835000000000001
55,44.19666666666667,10.803333333333327
73,72.65,0.3499999999999943
19,33.86,-14.86
43,40.40333333333333,2.596666666666671
29,37.885,-8.884999999999998
0,34.102333333333334,-34.102333333333334
81,75.37,5.6299999999999955
0,21.25,-21.25
33,42.39047586206897,-9.390475862068968
24,33.36,-9.36
44,35.08009523809524,8.91990476190476
23,39.00629914529915,-16.006299145299153
64,57.66,6.340000000000003
26,33.9185,-7.918500000000002
17,18.47,-1.4699999999999989
43,40.708,2.2920000000000016
49,48.284,0.7160000000000011
1,0.5057678002166393,0.49423219978336075
12,27.7875,-15.787500000000001
0,0.27264630261005945,-0.27264630261005945
22,33.285,-11.284999999999997
12,38.666666666666664,-26.666666666666664
28,29.99,-1.9899999999999984
56,48.63666666666667,7.36333333333333
56,41.04,14.96
13,37.755,-24.755000000000003
65,54.238,10.762
53,46.48,6.520000000000003
1,40.12536212121211,-39.12536212121211
0,0.0,0.0
1,0.27857492507492493,0.721425074925075
67,47.78,19.22
54,33.022,20.978
0,13.80625,-13.80625
26,41.06416666666667,-15.064166666666672
26,34.895,-8.895000000000003
43,42.865,0.134999999999998
80,81.51157359307358,-1.511573593073578
67,57.71,9.29
18,25.895,-7.895
64,37.972317460317456,26.027682539682544
34,40.1875,-6.1875
0,5.181106229503537,-5.181106229503537
58,33.84222222222222,24.15777777777778
22,20.9,1.1000000000000014
31,36.10142857142857,-5.1014285714285705
14,31.71333333333333,-17.71333333333333
60,41.47,18.53
0,1.87,-1.87
8,23.46,-15.46
28,29.03,-1.0300000000000011
72,30.770606060606056,41.229393939393944
28,47.95583333333334,-19.955833333333338
60,35.785,24.215000000000003
16,23.725,-7.725000000000001
52,35.87865656565656,16.121343434343437
34,36.94607142857143,-2.946071428571429
62,46.61164933195826,15.388350668041738
88,69.81333333333333,18.186666666666667
16,26.266666666666666,-10.266666666666666
66,33.80333333333333,32.19666666666667
0,5.93,-5.93
46,37.52166666666667,8.478333333333332
24,40.145,-16.145000000000003
47,31.652857142857144,15.347142857142856
50,12.65,37.35
41,39.64,1.3599999999999994
16,14.758,1.2420000000000009
0,0.0,0.0
0,0.0,0.0
40,41.44,-1.4399999999999977
0,28.45,-28.45
72,60.247,11.753
22,25.355999999999998,-3.355999999999998
0,0.0,0.0
46,44.05,1.9500000000000028
21,27.769166666666663,-6.7691666666666634
0,0.0,0.0
3,7.886870245743534,-4.886870245743534
56,54.76,1.240000000000002
43,28.1425,14.857500000000002
76,63.340266666666665,12.659733333333335
49,28.731666666666666,20.268333333333334
0,0.0,0.0
38,38.61,-0.6099999999999994
21,42.8492,-21.849200000000003
31,38.24467418546366,-7.2446741854636585
47,33.998717948717946,13.001282051282054
19,36.827,-17.826999999999998
33,35.84178571428571,-2.841785714285713
51,33.71666666666667,17.28333333333333
40,39.6225,0.3774999999999977
0,41.46333333333333,-41.46333333333333
18,40.321666666666665,-22.321666666666665
52,34.64653846153846,17.353461538461538
25,39.8,-14.799999999999997
1,12.85793452874954,-11.85793452874954
46,41.26666666666667,4.733333333333327
34,36.464999999999996,-2.4649999999999963
0,2.24,-2.24
0,0.07239832455621265,-0.07239832455621265
13,35.605,-22.604999999999997
51,22.68,28.32
23,24.21,-1.2100000000000009
0,0.0,0.0
16,27.941999999999997,-11.941999999999997
12,22.179166666666664,-10.179166666666664
23,44.68820512820513,-21.688205128205126
0,1.1516666666666666,-1.1516666666666666
47,49.66,-2.6599999999999966
20,40.708,-20.708
21,33.076833333333326,-12.076833333333326
17,32.18666666666667,-15.186666666666667
15,29.533888888888885,-14.533888888888885
11,34.55,-23.549999999999997
31,48.58880952380952,-17.588809523809523
40,38.3,1.7000000000000028
45,34.78242424242424,10.217575757575759
40,47.77466666666667,-7.774666666666668
48,44.04,3.960000000000001
33,29.545,3.4549999999999983
52,42.486036139455784,9.513963860544216
38,38.50141666666667,-0.5014166666666711
64,59.724,4.276000000000003
19,27.02083333333333,-8.020833333333329
23,36.639,-13.639000000000003
44,43.9325,0.06750000000000256
60,31.865523809523808,28.134476190476192
3,16.34,-13.34
58,46.476000000000006,11.523999999999994
28,32.538666666666664,-4.538666666666664
0,4.240317313194788,-4.240317313194788
8,27.97,-19.97
29,37.925,-8.924999999999997
54,43.925,10.075000000000003
41,38.3,2.700000000000003
8,22.85,-14.850000000000001
50,48.33,1.6700000000000017
57,36.643499999999996,20.356500000000004
65,35.225,29.775
48,45.45272727272728,2.54727272727272
37,41.8,-4.799999999999997
50,41.17111111111112,8.828888888888883
33,39.91536036036036,-6.91536036036036
21,34.16656734006734,-13.166567340067338
2,38.433844488844485,-36.433844488844485
42,35.37126984126984,6.628730158730157
28,25.23,2.7699999999999996
37,44.4875,-7.487499999999997
38,29.96,8.04
31,25.865666666666666,5.134333333333334
43,43.836000000000006,-0.8360000000000056
22,11.72,10.28
55,35.12583333333333,19.874166666666667
51,40.58316666666666,10.416833333333336
25,48.50583333333333,-23.505833333333328
13,34.09,-21.090000000000003
16,22.0,-6.0
51,44.76,6.240000000000002
10,42.037,-32.037
47,45.59,1.4099999999999966
51,47.905,3.094999999999999
29,26.38,2.620000000000001
45,32.61,12.39
40,44.13308333333333,-4.133083333333332
53,43.31285714285714,9.68714285714286
19,47.20166666666667,-28.201666666666668
0,0.1499714651533537,-0.1499714651533537
72,38.219,33.781
0,7.77,-7.77
39,33.666,5.334000000000003
31,31.623333333333335,-0.6233333333333348
0,0.54,-0.54
24,29.75833333333333,-5.758333333333329
21,30.106547202797206,-9.106547202797206
0,10.67,-10.67
20,30.388595325177462,-10.388595325177462
44,41.25,2.75
36,36.245,-0.24499999999999744
41,46.211000000000006,-5.211000000000006
10,13.51,-3.51
37,35.75,1.25
23,33.07038461538461,-10.070384615384611
51,39.67,11.329999999999998
44,33.19,10.810000000000002
0,0.020917194059227734,-0.020917194059227734
45,40.22,4.780000000000001
26,28.31,-2.3099999999999987
0,10.15,-10.15
0,0.68,-0.68
21,36.22315789473684,-15.223157894736843
42,39.784,2.216000000000001
26,43.081,-17.081000000000003
44,36.278,7.722000000000001
47,44.07076190476192,2.9292380952380768
60,44.25666666666666,15.74333333333334
0,27.495,-27.495
0,25.01,-25.01
87,75.04033333333334,11.959666666666664
57,45.27833333333333,11.721666666666671
44,43.68,0.3200000000000003
2,3.5564997160730267,-1.5564997160730267
0,25.756666666666664,-25.756666666666664
35,47.81833333333333,-12.818333333333328
50,49.18,0.8200000000000003
54,49.845,4.155000000000001
36,32.14666666666667,3.8533333333333317
61,37.62678571428572,23.373214285714283
24,30.096875,-6.096875000000001
22,22.43,-0.4299999999999997
0,35.82214285714286,-35.82214285714286
48,40.26,7.740000000000002
44,40.897333333333336,3.1026666666666642
34,37.175,-3.174999999999997
28,38.365,-10.365000000000002
31,37.52166666666667,-6.521666666666668
48,36.882111111111115,11.117888888888885
18,42.976000000000006,-24.976000000000006
45,28.486,16.514
32,34.138666666666666,-2.1386666666666656
11,30.1266862170088,-19.1266862170088
1,34.7,-33.7
55,46.50666666666666,8.49333333333334
44,38.175000000000004,5.824999999999996
60,52.64,7.359999999999999
50,36.7,13.299999999999997
60,38.54,21.46
12,17.724,-5.724
39,41.4605,-2.4605000000000032
44,39.70666666666666,4.2933333333333366
0,34.65,-34.65
37,39.69991666666667,-2.6999166666666667
40,32.45,7.549999999999997
66,36.67583333333333,29.32416666666667
4,11.07,-7.07
47,39.0085,7.991500000000002
51,48.98,2.020000000000003
0,1.1123137125461975,-1.1123137125461975
55,40.32916666666667,14.670833333333327
35,29.185590909090912,5.814409090909088
67,34.58655392755393,32.41344607244607
28,37.108888888888885,-9.108888888888885
13,36.651666666666664,-23.651666666666664
33,35.1775,-2.177500000000002
2,3.9123492063492074,-1.9123492063492074
46,46.27,-0.2700000000000031
70,37.44340350877193,32.55659649122807
28,34.16,-6.159999999999997
55,37.428333333333335,17.571666666666665
65,50.63,14.369999999999997
66,57.145,8.854999999999997
32,40.42949579831932,-8.429495798319323
11,33.58035748462064,-22.58035748462064
61,18.91,42.09
39,39.22,-0.21999999999999886
55,39.16,15.840000000000003
35,47.656666666666666,-12.656666666666666
45,44.77619047619048,0.22380952380952124
42,42.6,-0.6000000000000014
9,22.953333333333333,-13.953333333333333
51,42.43,8.57
30,31.705,-1.7049999999999983
31,36.5025,-5.502499999999998
16,15.47,0.5299999999999994
60,42.44916666666667,17.55083333333333
46,44.72583333333333,1.274166666666673
23,31.305,-8.305
23,30.985,-7.984999999999999
20,32.5005,-12.500500000000002
44,44.33088095238096,-0.3308809523809586
94,87.92,6.079999999999998
30,33.42,-3.4200000000000017
29,28.89166666666667,0.10833333333333073
43,40.28133333333333,2.718666666666671
39,41.28,-2.280000000000001
0,6.245948628993679,-6.245948628993679
19,29.17,-10.170000000000002
40,36.58431818181818,3.4156818181818167
66,63.19,2.8100000000000023
0,0.33,-0.33
37,35.6,1.3999999999999986
50,43.29566666666667,6.704333333333331
37,15.224166666666665,21.775833333333335
43,42.2,0.7999999999999972
0,0.0,0.0
22,33.23142857142857,-11.231428571428573
60,55.60857142857143,4.39142857142857
16,30.38,-14.379999999999999
71,59.223333333333336,11.776666666666664
17,28.766,-11.765999999999998
27,40.21666666666667,-13.216666666666669
45,35.98719047619048,9.012809523809523
21,33.17666666666667,-12.17666666666667
6,29.57,-23.57
19,22.563333333333336,-3.563333333333336
47,40.945,6.055
48,43.28041666666666,4.71958333333334
63,40.3625,22.637500000000003
23,28.873333333333335,-5.873333333333335
45,44.44666666666666,0.5533333333333417
1,19.185833333333335,-18.185833333333335
64,48.21666666666667,15.783333333333331
6,10.390999999999998,-4.390999999999998
79,1.8127064266940396,77.18729357330596
34,37.83,-3.8299999999999983
41,39.51333333333333,1.4866666666666717
22,27.45714285714286,-5.457142857142859
44,44.343333333333334,-0.3433333333333337
35,39.72416666666666,-4.724166666666662
20,23.76,-3.7600000000000016
42,39.870934065934065,2.1290659340659346
49,48.14,0.8599999999999994
51,46.281000000000006,4.718999999999994
34,34.990833333333335,-0.9908333333333346
60,61.22333333333333,-1.2233333333333292
20,35.99333333333333,-15.993333333333332
54,32.95666666666667,21.04333333333333
51,50.46,0.5399999999999991
47,32.4502380952381,14.549761904761901
30,39.0575,-9.057499999999997
46,43.98666666666666,2.0133333333333425
30,31.4,-1.3999999999999986
33,32.04612781954887,0.9538721804511283
42,40.47583333333333,1.524166666666673
28,37.41166666666667,-9.411666666666669
0,2.608333333333334,-2.608333333333334
8,44.0,-36.0
23,35.736,-12.735999999999997
0,0.2,-0.2
47,44.29,2.710000000000001
57,44.37,12.630000000000003
48,35.015166666666666,12.984833333333334
0,1.98,-1.98
44,36.75,7.25
29,40.242,-11.241999999999997
37,41.28,-4.280000000000001
68,57.128684210526316,10.871315789473684
88,69.87,18.129999999999995
41,37.510238095238094,3.489761904761906
48,37.39941666666667,10.600583333333333
53,47.309,5.6910000000000025
0,0.0,0.0
55,44.95,10.049999999999997
44,41.833999999999996,2.166000000000004
1,1.1479938479658163,-0.14799384796581627
0,17.78697435897436,-17.78697435897436
45,40.52,4.479999999999997
26,35.57458333333334,-9.574583333333337
11,16.51,-5.510000000000002
37,48.06416666666666,-11.064166666666658
19,32.62,-13.619999999999997
0,6.66,-6.66
63,39.111666666666665,23.888333333333335
32,48.23761111111111,-16.237611111111107
55,36.251648351648356,18.748351648351644
50,46.56,3.4399999999999977
73,39.26808333333334,33.73191666666666
60,26.35,33.65
20,31.722357142857145,-11.722357142857145
42,42.84214285714286,-0.8421428571428606
19,28.01,-9.010000000000002
2,8.591000000000001,-6.591000000000001
21,37.38,-16.380000000000003
38,42.300399999999996,-4.300399999999996
44,39.43333333333333,4.56666666666667
0,0.0,0.0
19,28.161666666666665,-9.161666666666665
56,11.381818181818181,44.61818181818182
29,32.36425,-3.3642499999999984
33,32.94,0.060000000000002274
75,32.91811904761905,42.08188095238095
1,56.43,-55.43
0,14.516666666666666,-14.516666666666666
26,43.4675,-17.4675
6,19.572857142857142,-13.572857142857142
35,33.68,1.3200000000000003
47,42.09092857142857,4.90907142857143
24,35.10301515151516,-11.103015151515159
22,41.4,-19.4
6,22.84,-16.84
34,37.365,-3.365000000000002
0,7.408190074693107,-7.408190074693107
56,33.345,22.655
17,13.19,3.8100000000000005
27,44.260588235294115,-17.260588235294115
0,1.891869047619048,-1.891869047619048
17,28.15,-11.149999999999999
21,32.75666666666667,-11.756666666666668
61,42.16238095238096,18.837619047619043
35,56.05,-21.049999999999997
52,59.3225,-7.322499999999998
24,38.06166666666667,-14.061666666666667
64,56.736000000000004,7.263999999999996
40,39.74,0.259999999999998
0,0.5331034871131621,-0.5331034871131621
39,41.8075,-2.8074999999999974
24,46.01,-22.009999999999998
0,0.0,0.0
45,32.535,12.465000000000003
70,62.73,7.270000000000003
19,31.55,-12.55
0,14.926714285714283,-14.926714285714283
19,27.12212121212121,-8.122121212121211
61,29.25318181818182,31.74681818181818
48,48.125,-0.125
75,39.55782539682539,35.44217460317461
44,42.71,1.2899999999999991
53,42.82583098061359,10.174169019386412
46,11.89,34.11
57,49.89228571428572,7.10771428571428
36,43.66283333333333,-7.662833333333332
69,36.345666666666666,32.654333333333334
47,37.62,9.380000000000003
18,28.035,-10.035
0,6.794661440683501,-6.794661440683501
28,38.1875,-10.1875
33,40.321666666666665,-7.321666666666665
31,31.165,-0.16499999999999915
39,36.135,2.865000000000002
8,3.5564997160730267,4.443500283926973
63,45.14233333333333,17.857666666666667
20,30.88807142857143,-10.888071428571429
64,46.515,17.485
38,36.5,1.5
45,41.6225,3.3774999999999977
28,17.92153846153846,10.07846153846154
0,0.14890121943759702,-0.14890121943759702
41,35.035,5.965000000000003
68,42.71,25.29
0,29.826666666666668,-29.826666666666668
0,2.532,-2.532
61,32.82,28.18
38,40.248666666666665,-2.248666666666665
49,48.21,0.7899999999999991
68,56.156666666666666,11.843333333333334
49,39.64388888888889,9.356111111111112
26,29.930714285714284,-3.9307142857142843
71,70.79407142857144,0.20592857142855792
74,43.376000000000005,30.623999999999995
82,69.85,12.150000000000006
0,39.3,-39.3
0,0.3157684537684536,-0.3157684537684536
35,39.39,-4.390000000000001
9,16.48,-7.48
42,41.48,0.5200000000000031
24,36.39533333333333,-12.395333333333333
41,42.74833333333334,-1.748333333333342
75,71.34,3.6599999999999966
43,62.22666666666667,-19.226666666666667
43,34.0325,8.967500000000001
58,35.17,22.83
38,40.44633333333333,-2.446333333333328
39,37.64791666666667,1.3520833333333329
44,33.63177419354838,10.368225806451619
0,36.964999999999996,-36.964999999999996
40,44.87,-4.869999999999997
44,40.9025,3.0974999999999966
4,29.94,-25.94
65,58.235,6.765000000000001
37,35.3,1.7000000000000028
47,36.36,10.64
19,33.91875,-14.918750000000003
51,37.901666666666664,13.098333333333336
52,51.27,0.7299999999999969
0,3.43564059504879,-3.43564059504879
14,24.186,-10.186
45,45.67,-0.6700000000000017
26,33.65,-7.649999999999999
52,40.46,11.54
55,49.9,5.100000000000001
72,33.06166666666667,38.93833333333333
47,35.02972222222222,11.970277777777781
43,41.005,1.9949999999999974
62,38.083333333333336,23.916666666666664
47,43.64,3.3599999999999994
57,50.018,6.981999999999999
47,27.999285714285715,19.000714285714285
0,5.501952380952382,-5.501952380952382
40,44.78818181818182,-4.788181818181819
52,37.58909523809524,14.41090476190476
47,44.54,2.460000000000001
10,23.733399787347153,-13.733399787347153
42,42.21,-0.21000000000000085
46,28.77757142857143,17.22242857142857
21,28.04,-7.039999999999999
43,43.0,0.0
42,35.60043859649123,6.39956140350877
35,43.53916666666666,-8.53916666666666
60,45.03708333333333,14.962916666666672
80,62.87999999999999,17.12000000000001
42,35.94433823529412,6.0556617647058815
57,50.215,6.784999999999997
42,41.095,0.9050000000000011
61,38.410000000000004,22.589999999999996
19,42.122857142857136,-23.122857142857136
0,32.43,-32.43
22,44.32299999999999,-22.322999999999993
62,30.586,31.414
20,25.67,-5.670000000000002
45,30.951111111111114,14.048888888888886
19,39.37333333333333,-20.373333333333328
6,17.87,-11.870000000000001
41,42.945,-1.9450000000000003
17,31.193333333333335,-14.193333333333335
33,39.57833333333333,-6.578333333333333
38,50.657,-12.656999999999996
15,26.268,-11.268
49,42.38285714285714,6.617142857142859
66,37.44307359307359,28.556926406926408
24,24.51,-0.5100000000000016
46,45.57666666666667,0.423333333333332
46,36.67166666666667,9.328333333333333
24,36.87,-12.869999999999997
0,0.15560770733508344,-0.15560770733508344
1,10.567,-9.567
33,43.64583333333333,-10.645833333333329
0,24.99,-24.99
12,23.53,-11.530000000000001
26,41.571999999999996,-15.571999999999996
36,56.74435714285713,-20.744357142857133
56,65.19,-9.189999999999998
62,50.57,11.43
43,35.34166666666667,7.658333333333331
79,42.91532258064516,36.08467741935484
43,41.99,1.009999999999998
58,39.44,18.560000000000002
61,53.97666666666666,7.0233333333333405
22,31.63,-9.629999999999999
34,40.9565,-6.956499999999998
65,57.09,7.909999999999997
48,38.065714285714286,9.934285714285714
73,37.21687610570544,35.78312389429456
23,37.59,-14.590000000000003
70,34.106339285714284,35.893660714285716
19,26.39,-7.390000000000001
53,28.376071428571432,24.623928571428568
61,54.79,6.210000000000001
43,42.712888888888884,0.2871111111111162
47,43.156666666666666,3.8433333333333337
47,34.9,12.100000000000001
75,73.96,1.0400000000000063
57,30.19327586206897,26.80672413793103
38,37.18,0.8200000000000003
48,48.0325,-0.03249999999999886
34,34.102,-0.10199999999999676
1,0.18133651560368758,0.8186634843963124
42,34.058777472527474,7.941222527472526
30,41.85418137254902,-11.854181372549021
41,46.4875,-5.487499999999997
52,34.85454545454545,17.145454545454548
52,41.15,10.850000000000001
54,68.394,-14.394000000000005
38,29.59722222222222,8.402777777777779
42,46.9425,-4.942500000000003
54,50.13857142857143,3.8614285714285685
37,35.648666666666664,1.3513333333333364
34,41.93333333333333,-7.93333333333333
40,40.67,-0.6700000000000017
35,36.46775,-1.4677500000000023
0,4.24,-4.24
42,41.085,0.9149999999999991
28,35.08566666666667,-7.085666666666668
34,30.21333333333333,3.786666666666669
68,35.498181761006286,32.501818238993714
43,27.53,15.469999999999999
12,30.925,-18.925
56,47.99,8.009999999999998
23,19.41,3.59
6,33.44,-27.439999999999998
30,43.119206349206344,-13.119206349206344
13,25.2625,-12.2625
56,51.42214285714286,4.577857142857141
46,42.81533333333333,3.184666666666672
41,43.8,-2.799999999999997
18,20.54,-2.539999999999999
66,45.84571428571429,20.154285714285713
57,51.66,5.340000000000003
0,10.15,-10.15
0,22.824923076923078,-22.824923076923078
23,33.17931818181818,-10.179318181818182
44,38.653636363636366,5.346363636363634
24,33.23833333333333,-9.23833333333333
0,0.16223124098124095,-0.16223124098124095
0,10.66,-10.66
37,38.16866666666667,-1.1686666666666667
58,24.865098039215685,33.13490196078432
13,16.16,-3.16
55,36.306666666666665,18.693333333333335
40,31.951833333333333,8.048166666666667
41,33.57666666666667,7.423333333333332
26,33.25316666666667,-7.253166666666672
0,39.026999999999994,-39.026999999999994
21,27.61,-6.609999999999999
46,41.56945238095238,4.430547619047623
0,29.35,-29.35
62,50.87,11.130000000000003
0,13.3,-13.3
0,4.240317313194788,-4.240317313194788
54,39.19,14.810000000000002
40,38.45,1.5499999999999972
51,24.303333333333335,26.696666666666665
23,36.905833333333334,-13.905833333333334
14,23.04,-9.04
0,9.78,-9.78
54,47.08,6.920000000000002
0,35.29913690476191,-35.29913690476191
30,33.995,-3.9949999999999974
47,45.42666666666667,1.5733333333333306
47,36.73416666666667,10.265833333333333
39,44.788999999999994,-5.788999999999994
80,8.795682539682536,71.20431746031747
27,33.93,-6.93
29,40.06,-11.060000000000002
55,40.65777310924369,14.342226890756308
37,31.27123015873016,5.728769841269841
21,45.19904761904761,-24.19904761904761
20,35.23514285714286,-15.235142857142861
30,36.6375,-6.637500000000003
24,45.39987012987012,-21.399870129870123
55,49.84,5.159999999999997
56,35.418708333333335,20.581291666666665
43,45.355,-2.354999999999997
21,24.04,-3.039999999999999
13,30.88,-17.88
53,44.28533333333334,8.714666666666659
1,3.05,-2.05
22,40.3175,-18.317500000000003
39,32.86,6.140000000000001
41,35.541841269841264,5.458158730158736
39,28.962857142857143,10.037142857142857
1,11.7425,-10.7425
0,0.0,0.0
24,22.3575,1.6424999999999983
0,37.18285714285714,-37.18285714285714
54,47.341428571428565,6.658571428571435
1,1.462484126984127,-0.4624841269841271
75,6.663043493421188,68.33695650657882
51,44.48,6.520000000000003
58,30.1,27.9
8,24.48791666666667,-16.48791666666667
37,43.78,-6.780000000000001
31,31.609122807017542,-0.6091228070175418
39,36.01,2.990000000000002
27,28.271,-1.2710000000000008
61,32.92077380952381,28.07922619047619
0,0.13516509214819886,-0.13516509214819886
43,44.2,-1.2000000000000028
54,41.84928571428571,12.150714285714287
40,29.24,10.760000000000002
72,38.0,34.0
21,34.855,-13.854999999999997
35,40.44508771929825,-5.44508771929825
32,31.755,0.245000000000001
31,32.78154761904762,-1.7815476190476218
37,40.37428571428572,-3.374285714285719
36,41.03,-5.030000000000001
8,30.704,-22.704
29,30.05,-1.0500000000000007
0,2.9431111111111106,-2.9431111111111106
57,47.91666666666667,9.083333333333329
0,0.0,0.0
18,23.18,-5.18
22,37.018,-15.018
21,34.43533333333333,-13.435333333333332
55,46.16,8.840000000000003
61,58.15,2.8500000000000014
4,14.01,-10.01
7,26.1135,-19.1135
1,2.26,-1.2599999999999998
21,28.803333333333335,-7.803333333333335
42,36.69,5.310000000000002
39,37.90651515151515,1.0934848484848487
42,44.51458333333333,-2.514583333333327
0,0.95,-0.95
12,41.82,-29.82
39,27.3,11.7
33,40.68983333333333,-7.689833333333333
50,33.83166666666667,16.16833333333333
55,38.9725,16.027500000000003
50,38.86,11.14
0,30.46,-30.46
52,48.224,3.7760000000000034
0,2.6,-2.6
0,1.07,-1.07
43,37.57,5.43
44,41.23333333333334,2.7666666666666586
21,38.75,-17.75
2,32.905,-30.905
31,26.643333333333334,4.356666666666666
23,30.94,-7.940000000000001
18,20.29714285714286,-2.297142857142859
35,47.11,-12.11
63,56.1525,6.847499999999997
61,57.92,3.0799999999999983
48,43.138238095238094,4.861761904761906
19,33.12,-14.119999999999997
0,38.01383333333334,-38.01383333333334
43,41.68035714285714,1.3196428571428598
35,36.981,-1.9810000000000016
0,13.7,-13.7
40,38.16,1.8400000000000034
24,38.78041666666667,-14.780416666666667
53,41.37333333333334,11.626666666666658
64,60.09,3.9099999999999966
62,48.2,13.799999999999997
43,35.243,7.756999999999998
32,31.385,0.6149999999999984
20,35.02,-15.020000000000003
47,38.3875,8.612499999999997
40,38.82,1.1799999999999997
45,43.96,1.0399999999999991
0,38.568333333333335,-38.568333333333335
0,2.7612267023654704,-2.7612267023654704
0,32.29,-32.29
27,30.548190476190474,-3.5481904761904737
66,63.96,2.039999999999999
53,25.32,27.68
24,29.705,-5.704999999999998
24,30.826666666666664,-6.826666666666664
16,23.07,-7.07
20,40.16,-20.159999999999997
22,15.54,6.460000000000001
0,13.52,-13.52
18,34.59,-16.590000000000003
0,0.5,-0.5
66,39.96654761904762,26.033452380952383
19,24.8,-5.800000000000001
0,0.07239832455621265,-0.07239832455621265
57,47.96,9.04
13,21.325,-8.325
0,37.49583333333334,-37.49583333333334
61,53.72,7.280000000000001
33,36.87677601809955,-3.876776018099548
22,26.75,-4.75
63,54.3225,8.677500000000002
13,30.63508974358974,-17.63508974358974
45,18.901666666666664,26.098333333333336
64,41.235428571428564,22.764571428571436
18,33.79,-15.79
4,19.1,-15.100000000000001
20,41.005,-21.005000000000003
44,62.88,-18.880000000000003
23,26.65666666666667,-3.65666666666667
7,39.4995,-32.4995
34,43.18,-9.18
62,61.01,0.990000000000002
40,39.77,0.22999999999999687
34,44.72666666666667,-10.726666666666667
42,42.5375,-0.5375000000000014
25,32.14,-7.140000000000001
14,0.36258423025192676,13.637415769748074
24,36.7,-12.700000000000003
50,49.64375,0.35625000000000284
50,34.445,15.555
15,36.488,-21.488
46,34.11,11.89
70,61.927,8.073
0,0.5532274062796511,-0.5532274062796511
27,32.27166666666667,-5.271666666666668
0,2.5345952380952377,-2.5345952380952377
19,27.44,-8.440000000000001
37,32.83095238095238,4.169047619047618
59,49.72303561334087,9.276964386659131
1,33.0275,-32.0275
9,33.31,-24.310000000000002
45,44.29,0.7100000000000009
14,31.137999999999998,-17.137999999999998
28,44.165,-16.165
27,33.846,-6.8459999999999965
0,0.0,0.0
57,55.70847619047618,1.2915238095238166
20,33.08,-13.079999999999998
0,11.889440476190478,-11.889440476190478
60,51.776666666666664,8.223333333333336
12,15.85,-3.8499999999999996
13,36.07095238095238,-23.070952380952377
0,0.020917194059227734,-0.020917194059227734
2,6.78,-4.78
44,36.84366666666667,7.156333333333329
0,0.0,0.0
43,40.943333333333335,2.056666666666665
32,32.20333333333333,-0.20333333333333314
62,50.47,11.530000000000001
55,32.98,22.020000000000003
44,43.75,0.25
23,36.065,-13.064999999999998
0,15.996666666666668,-15.996666666666668
65,55.74,9.259999999999998
13,29.95,-16.95
28,28.25,-0.25
14,31.195999999999998,-17.195999999999998
0,0.9629344576991633,-0.9629344576991633
64,41.93666666666666,22.06333333333334
31,30.395,0.6050000000000004
49,42.07,6.93
32,30.58,1.4200000000000017
24,49.57,-25.57
31,36.19,-5.189999999999998
33,44.391878787878795,-11.391878787878795
67,43.473333333333336,23.526666666666664
26,41.045,-15.045000000000002
62,54.7725,7.227499999999999
21,29.36875,-8.368749999999999
0,31.003636363636364,-31.003636363636364
0,1.4233549783549784,-1.4233549783549784
0,14.183166666666667,-14.183166666666667
0,50.755,-50.755
42,41.37,0.6300000000000026
63,40.788000000000004,22.211999999999996
0,0.34897937683231794,-0.34897937683231794
41,41.12,-0.11999999999999744
61,37.48898168498169,23.511018315018312
0,0.0,0.0
0,1.51,-1.51
19,36.264472222222224,-17.264472222222224
0,7.39,-7.39
0,0.9730662670662669,-0.9730662670662669
35,34.98916666666666,0.010833333333337691
47,36.913333333333334,10.086666666666666
40,36.513333333333335,3.4866666666666646
48,39.87,8.130000000000003
48,45.41,2.5900000000000034
34,37.67055555555556,-3.670555555555559
0,0.0,0.0
21,28.651333333333334,-7.6513333333333335
13,11.97,1.0299999999999994
62,42.645,19.354999999999997
16,40.556,-24.555999999999997
35,34.23,0.7700000000000031
72,70.79,1.2099999999999937
30,36.418,-6.417999999999999
44,44.346626984126985,-0.3466269841269849
49,35.00083333333333,13.999166666666667
3,7.660939862644312,-4.660939862644312
59,45.9,13.100000000000001
17,22.37,-5.370000000000001
57,53.23,3.770000000000003
0,23.18,-23.18
25,42.28888157894737,-17.288881578947368
17,35.35166666666667,-18.351666666666667
45,29.939333333333334,15.060666666666666
45,35.67,9.329999999999998
23,26.24166666666667,-3.2416666666666707
34,48.22452380952381,-14.22452380952381
53,40.66,12.340000000000003
50,45.373781664777624,4.626218335222376
22,28.89,-6.890000000000001
57,47.66,9.340000000000003
41,30.545666666666662,10.454333333333338
0,18.95,-18.95
20,21.695166666666665,-1.6951666666666654
2,24.6,-22.6
39,44.43,-5.43
40,35.755,4.244999999999997
0,4.6658333333333335,-4.6658333333333335
36,42.16833333333334,-6.1683333333333366
45,37.59,7.409999999999997
36,26.9,9.100000000000001
20,39.241875,-19.241875
47,40.7665,6.233499999999999
7,30.556666666666665,-23.556666666666665
52,40.88388888888889,11.11611111111111
0,17.308333333333334,-17.308333333333334
18,26.11095238095238,-8.11095238095238
33,34.5,-1.5
47,40.455,6.545000000000002
48,36.695,11.305
24,32.20166666666667,-8.201666666666668
0,31.975526960784315,-31.975526960784315
67,57.394375,9.605625000000003
11,29.67,-18.67
3,0.13261983278159745,2.8673801672184025
31,30.24,0.7600000000000016
0,26.47899261703209,-26.47899261703209
64,63.91,0.09000000000000341
45,44.57,0.4299999999999997
23,36.98311255411255,-13.983112554112552
29,25.971999999999998,3.0280000000000022
0,58.318999999999996,-58.318999999999996
67,32.2225,34.7775
24,38.29852272727273,-14.298522727272733
31,33.472307692307695,-2.4723076923076945
45,42.59636363636364,2.403636363636359
29,32.68,-3.6799999999999997
0,20.477999999999998,-20.477999999999998
61,48.19952380952381,12.80047619047619
0,10.58,-10.58
18,24.12,-6.120000000000001
24,33.62789285714286,-9.62789285714286
47,46.3,0.7000000000000028
57,51.1,5.899999999999999
56,51.42133333333333,4.57866666666667
44,39.02,4.979999999999997
0,7.038695652173913,-7.038695652173913
43,40.888333333333335,2.1116666666666646
74,27.03109523809524,46.96890476190476
74,60.185,13.814999999999998
22,35.55,-13.549999999999997
6,20.56,-14.559999999999999
67,41.495,25.505000000000003
82,67.55666666666667,14.443333333333328
43,33.345,9.655000000000001
19,31.462,-12.462
75,63.03,11.969999999999999
24,34.295,-10.295000000000002
61,37.349545454545456,23.650454545454544
8,19.39966666666667,-11.399666666666668
57,34.07333333333334,22.926666666666662
0,0.0,0.0
77,47.599,29.401000000000003
31,32.06766666666667,-1.0676666666666677
20,40.2125,-20.2125
3,1.2719256576756577,1.7280743423243423
38,33.07,4.93
0,10.9485,-10.9485
57,43.01,13.990000000000002
40,42.14,-2.1400000000000006
9,13.56,-4.5600000000000005
60,41.951115591397844,18.048884408602156
15,37.806,-22.805999999999997
51,30.22,20.78
37,33.28,3.719999999999999
35,39.45021794871795,-4.450217948717949
29,33.07094444444444,-4.070944444444443
50,41.11,8.89
31,29.837023809523807,1.1629761904761935
0,0.0,0.0
27,31.160369047619042,-4.160369047619042
0,5.6083333333333325,-5.6083333333333325
55,53.44,1.5600000000000023
40,41.605,-1.6049999999999969
16,31.65125,-15.651250000000001
0,0.0,0.0
2,3.3390431576077844,-1.3390431576077844
43,30.183333333333334,12.816666666666666
33,36.49622619047619,-3.496226190476193
27,39.18,-12.18
0,18.684272727272727,-18.684272727272727
0,0.0,0.0
69,34.78333333333333,34.21666666666667
13,28.34,-15.34
0,1.5309408369408368,-1.5309408369408368
47,36.38181818181818,10.618181818181817
48,31.41,16.59
30,32.07,-2.0700000000000003
0,0.2,-0.2
35,39.31111111111111,-4.31111111111111
54,42.30833333333334,11.691666666666663
58,42.526,15.473999999999997
27,25.295555555555556,1.7044444444444444
29,27.944166666666664,1.0558333333333358
60,32.17,27.83
41,43.25,-2.25
29,43.64125,-14.64125
21,29.24833333333333,-8.248333333333331
63,53.12,9.880000000000003
71,56.01906666666667,14.980933333333333
55,29.73,25.27
0,5.146666666666667,-5.146666666666667
58,42.205,15.795000000000002
26,26.875,-0.875
65,43.157333333333334,21.842666666666666
0,0.0,0.0
68,47.64261437908497,20.357385620915032
25,36.67388888888889,-11.67388888888889
44,33.3575,10.642499999999998
5,19.110370629370628,-14.110370629370628
8,29.39,-21.39
57,46.11666666666667,10.883333333333333
69,39.783750000000005,29.216249999999995
35,34.03211904761905,0.967880952380952
1,5.81,-4.81
24,33.48,-9.479999999999997
9,37.38,-28.380000000000003
30,43.46950000000001,-13.46950000000001
19,33.45416666666667,-14.454166666666673
16,37.23,-21.229999999999997
37,34.27384615384615,2.7261538461538493
35,34.82,0.17999999999999972
20,35.14,-15.14
0,1.7647186147186142,-1.7647186147186142
0,0.0,0.0
0,0.92,-0.92
0,0.29,-0.29
0,0.0,0.0
12,37.14666666666667,-25.14666666666667
74,38.04,35.96
26,32.50333333333333,-6.50333333333333
85,37.500761363636364,47.499238636363636
43,30.53,12.469999999999999
1,6.21,-5.21
50,38.11,11.89
57,34.59819841269841,22.40180158730159
12,14.36,-2.3599999999999994
66,64.0,2.0
69,57.57,11.43
25,34.179,-9.179000000000002
46,25.14,20.86
46,66.66,-20.659999999999997
2,1.8200881211682727,0.17991187883172732
42,38.71,3.289999999999999
27,33.0525,-6.052500000000002
31,27.06,3.9400000000000013
39,40.1125,-1.1124999999999972
52,34.83015151515151,17.169848484848487
23,34.905,-11.905000000000001
45,35.67,9.329999999999998
30,39.49,-9.490000000000002
63,53.92,9.079999999999998
16,29.28,-13.280000000000001
11,27.30366666666667,-16.30366666666667
37,37.68,-0.6799999999999997
10,21.835,-11.835
31,44.63375,-13.63375
43,42.45285714285714,0.5471428571428589
43,41.58678571428572,1.4132142857142824
33,31.311923076923076,1.688076923076924
23,34.28571428571429,-11.285714285714292
0,36.64877777777778,-36.64877777777778
33,26.893714285714285,6.106285714285715
66,41.89033333333333,24.10966666666667
68,41.03916666666667,26.960833333333333
0,8.16,-8.16
33,33.70488888888889,-0.7048888888888882
20,20.02,-0.019999999999999574
53,46.727888888888884,6.272111111111116
44,43.205,0.7950000000000017
52,42.86,9.14
26,41.873999999999995,-15.873999999999995
58,43.60916666666666,14.39083333333334
63,47.68,15.32
13,36.01851282051282,-23.018512820512818
20,47.76275793650793,-27.76275793650793
32,31.07950427350427,0.9204957264957301
22,33.714999999999996,-11.714999999999996
65,34.045,30.955
23,24.4,-1.3999999999999986
0,6.05,-6.05
33,37.66,-4.659999999999997
0,17.651666666666667,-17.651666666666667
12,23.996666666666666,-11.996666666666666
63,58.52000000000001,4.47999999999999
23,41.133809523809525,-18.133809523809525
70,0.29,69.71
0,13.755,-13.755
0,11.370045454545457,-11.370045454545457
0,19.924720128727486,-19.924720128727486
42,47.04766666666667,-5.047666666666672
34,37.925,-3.924999999999997
39,43.24166666666667,-4.241666666666667
10,28.054871794871794,-18.054871794871794
39,35.98,3.020000000000003
10,21.815,-11.815000000000001
64,38.81060606060606,25.189393939393938
1,18.0,-17.0
33,30.14,2.8599999999999994
59,52.8,6.200000000000003
64,43.85833333333334,20.14166666666666
0,0.0,0.0
32,31.75666666666667,0.24333333333332874
70,33.68833333333333,36.31166666666667
43,47.468999999999994,-4.468999999999994
45,44.01,0.990000000000002
48,40.96,7.039999999999999
48,47.91,0.09000000000000341
30,29.56681818181818,0.43318181818181856
58,28.93241452991453,29.06758547008547
44,44.153333333333336,-0.15333333333333599
32,32.896,-0.8960000000000008
0,9.4015,-9.4015
54,46.15,7.850000000000001
54,35.16,18.840000000000003
0,0.83,-0.83
60,40.844,19.156
23,41.67533333333333,-18.675333333333327
61,48.765,12.235
44,40.897333333333336,3.1026666666666642
38,28.601459706959705,9.398540293040295
0,17.01547619047619,-17.01547619047619
0,34.5386984126984,-34.5386984126984
15,21.335,-6.335000000000001
23,39.541666666666664,-16.541666666666664
21,29.1,-8.100000000000001
56,44.09761904761905,11.902380952380952
0,0.0,0.0
46,45.22746153846154,0.7725384615384598
42,41.14666666666666,0.8533333333333388
80,78.55666666666667,1.443333333333328
19,31.7525,-12.752500000000001
28,33.531,-5.530999999999999
28,24.8675,3.1325000000000003
32,43.98,-11.979999999999997
38,40.00714285714286,-2.00714285714286
30,29.963333333333335,0.03666666666666529
30,33.23333333333333,-3.233333333333327
0,27.26701680672269,-27.26701680672269
62,57.57,4.43
36,36.63333333333333,-0.6333333333333329
59,47.03,11.969999999999999
29,25.95,3.0500000000000007
0,0.020917194059227734,-0.020917194059227734
57,43.95333333333334,13.04666666666666
70,40.59,29.409999999999997
0,0.28347220837010667,-0.28347220837010667
54,46.78,7.219999999999999
63,32.97639610389611,30.023603896103893
54,31.06088888888889,22.93911111111111
60,49.42,10.579999999999998
33,31.545,1.4549999999999983
39,37.64,1.3599999999999994
53,53.09,-0.09000000000000341
46,26.38,19.62
30,43.40242857142857,-13.402428571428572
32,39.38133333333333,-7.38133333333333
44,42.636,1.3639999999999972
0,3.06,-3.06
30,37.09204761904762,-7.092047619047619
38,40.39666666666667,-2.3966666666666683
35,35.98866666666667,-0.988666666666667
35,38.66,-3.6599999999999966
0,0.63,-0.63
56,46.675357142857145,9.324642857142855
36,37.867666666666665,-1.8676666666666648
33,24.58,8.420000000000002
60,32.38666666666666,27.613333333333337
0,17.87666666666667,-17.87666666666667
52,50.06,1.9399999999999977
23,36.536,-13.536000000000001
0,4.02,-4.02
0,0.03382892731669073,-0.03382892731669073
0,7.33916815129315,-7.33916815129315
35,38.341,-3.341000000000001
34,26.86833333333333,7.131666666666671
43,37.53766666666667,5.4623333333333335
0,27.697,-27.697
55,48.005731707317075,6.994268292682925
40,39.2,0.7999999999999972
0,0.13516509214819886,-0.13516509214819886
65,53.67,11.329999999999998
22,40.92333333333333,-18.923333333333332
34,36.1025,-2.102499999999999
0,37.6205,-37.6205
21,37.89,-16.89
39,27.41833333333333,11.58166666666667
44,37.91733333333334,6.082666666666661
62,46.937,15.063000000000002
0,18.11,-18.11
74,68.83,5.170000000000002
19,29.9,-10.899999999999999
0,2.91,-2.91
26,31.46142857142857,-5.46142857142857
0,25.939652777777777,-25.939652777777777
84,72.535,11.465000000000003
0,12.482166666666664,-12.482166666666664
0,31.96966666666667,-31.96966666666667
74,70.096,3.9039999999999964
36,36.45041666666666,-0.450416666666662
50,54.20944444444444,-4.209444444444443
45,33.82821428571428,11.171785714285718
25,28.304000000000002,-3.304000000000002
0,5.23,-5.23
72,40.05,31.950000000000003
51,40.955999999999996,10.044000000000004
66,40.15,25.85
45,29.418000000000003,15.581999999999997
0,0.0,0.0
54,27.7,26.3
28,36.688,-8.688000000000002
23,26.73833333333333,-3.7383333333333297
33,39.448571428571434,-6.448571428571434
34,24.32,9.68
34,33.25,0.75
44,43.325,0.6749999999999972
0,39.72775,-39.72775
8,25.11333333333333,-17.11333333333333
64,56.71,7.289999999999999
63,49.805,13.195
21,31.35,-10.350000000000001
2,63.24999999999999,-61.24999999999999
21,22.46,-1.4600000000000009
33,28.79352941176471,4.206470588235291
63,5.181154761904761,57.818845238095236
50,42.91,7.090000000000003
64,35.753976190476195,28.246023809523805
19,32.919555555555554,-13.919555555555554
56,32.94,23.060000000000002
44,43.43,0.5700000000000003
36,34.281,1.7190000000000012
0,0.0,0.0
23,29.69,-6.690000000000001
39,46.59166666666666,-7.5916666666666615
30,31.21942857142857,-1.219428571428569
0,1.2226888944388943,-1.2226888944388943
0,5.526571428571429,-5.526571428571429
23,38.79,-15.79
25,38.07416666666666,-13.074166666666663
55,37.1332673992674,17.866732600732597
0,0.01,-0.01
44,36.59066666666667,7.409333333333329
66,55.17,10.829999999999998
62,51.38,10.619999999999997
1,16.94272727272727,-15.942727272727272
14,25.925,-11.925
19,24.37,-5.370000000000001
44,42.276,1.7239999999999966
2,10.890539682539682,-8.890539682539682
21,39.79571428571428,-18.795714285714283
38,44.24586956521739,-6.24586956521739
35,34.342,0.6580000000000013
46,41.25333333333334,4.746666666666663
24,32.31681818181818,-8.316818181818178
61,38.596,22.404000000000003
15,25.76,-10.760000000000002
29,35.11333333333333,-6.11333333333333
0,2.7612267023654704,-2.7612267023654704
38,37.895,0.10499999999999687
39,39.10111111111111,-0.10111111111110915
53,47.47920634920634,5.520793650793657
47,42.57916666666666,4.420833333333341
55,50.9,4.100000000000001
71,62.16,8.840000000000003
18,42.13759259259259,-24.13759259259259
55,41.88,13.119999999999997
0,1.01,-1.01
57,53.181785714285716,3.8182142857142836
51,46.70964285714286,4.29035714285714
40,41.47,-1.4699999999999989
8,29.18,-21.18
0,0.0,0.0
64,21.94,42.06
5,53.26384615384615,-48.26384615384615
11,50.53666666666667,-39.53666666666667
8,17.385,-9.385000000000002
21,44.85333333333333,-23.85333333333333
23,42.23920634920635,-19.23920634920635
17,25.79,-8.79
32,34.64678571428571,-2.6467857142857127
0,0.72,-0.72
75,47.45933333333333,27.540666666666667
9,20.865,-11.864999999999998
60,50.87,9.130000000000003
56,37.72,18.28
43,35.81766666666667,7.182333333333332
42,39.56,2.4399999999999977
38,34.76333333333333,3.2366666666666717
44,43.95,0.04999999999999716
41,43.54,-2.539999999999999
0,1.56,-1.56
22,33.04,-11.04
37,36.1125,0.8875000000000028
63,57.17,5.829999999999998
30,38.248000000000005,-8.248000000000005
48,45.79818181818182,2.201818181818183
29,32.611333333333334,-3.6113333333333344
51,44.68,6.32
2,1.8127064266940396,0.18729357330596041
58,37.555,20.445
16,25.52,-9.52
38,27.09083333333333,10.909166666666671
24,40.11666666666667,-16.116666666666667
0,13.183333333333332,-13.183333333333332
50,44.219166666666666,5.780833333333334
9,41.23541666666666,-32.23541666666666
0,1.749327256077255,-1.749327256077255
5,4.240317313194788,0.7596826868052116
34,31.824333333333335,2.1756666666666646
21,20.11,0.8900000000000006
27,23.325547619047626,3.674452380952374
7,15.66,-8.66
50,36.8525,13.1475
39,43.911,-4.911000000000001
0,0.03382892731669073,-0.03382892731669073
0,4.746666666666667,-4.746666666666667
3,18.68,-15.68
0,0.10058983471266915,-0.10058983471266915
83,73.2015405555332,9.7984594444668
20,35.37,-15.369999999999997
59,34.49183333333334,24.50816666666666
7,20.360833333333336,-13.360833333333336
20,24.67861904761905,-4.678619047619051
70,60.79272727272727,9.20727272727273
32,42.59916666666666,-10.599166666666662
0,2.7833333333333337,-2.7833333333333337
30,36.059628992628994,-6.059628992628994
51,49.12,1.8800000000000026
28,39.63033333333333,-11.630333333333333
0,0.3661767464825841,-0.3661767464825841
78,11.176746753246748,66.82325324675325
7,27.11,-20.11
54,47.76,6.240000000000002
32,42.6318115942029,-10.631811594202901
11,14.405,-3.4049999999999994
44,38.52,5.479999999999997
45,39.279666666666664,5.720333333333336
21,35.12,-14.119999999999997
26,35.4375,-9.4375
45,39.77,5.229999999999997
34,40.965,-6.965000000000003
24,30.49,-6.489999999999998
48,43.33,4.670000000000002
56,39.93190476190477,16.068095238095232
58,57.73,0.2700000000000031
57,44.45,12.549999999999997
0,18.65866666666667,-18.65866666666667
28,34.25333333333334,-6.253333333333337
52,40.978500000000004,11.021499999999996
29,32.28142857142857,-3.2814285714285703
0,0.0,0.0
57,43.940383064516126,13.059616935483874
0,1.1479938479658163,-1.1479938479658163
32,36.52166666666667,-4.521666666666668
0,12.72,-12.72
42,45.82666666666666,-3.826666666666661
61,42.055,18.945
24,38.879352941176464,-14.879352941176464
67,35.8,31.200000000000003
37,32.217,4.783000000000001
2,8.623333333333333,-6.623333333333333
75,68.47,6.530000000000001
44,47.06833333333333,-3.068333333333328
33,42.4675,-9.467500000000001
61,36.78,24.22
44,42.37,1.6300000000000026
52,50.272,1.7280000000000015
21,23.38,-2.379999999999999
0,9.062000000000001,-9.062000000000001
50,30.87,19.13
59,36.80392857142857,22.19607142857143
70,11.885984848484853,58.11401515151515
64,28.325000000000003,35.675
58,36.995,21.005000000000003
23,28.63,-5.629999999999999
13,29.79,-16.79
38,35.285833333333336,2.7141666666666637
41,40.32,0.6799999999999997
65,43.542166666666674,21.457833333333326
46,43.83,2.1700000000000017
35,33.06,1.9399999999999977
19,28.0725,-9.072500000000002
5,38.67,-33.67
61,21.59,39.41
51,34.888666666666666,16.111333333333334
33,32.36,0.6400000000000006
63,56.285,6.715000000000003
21,22.75133333333333,-1.7513333333333314
38,38.6525303030303,-0.6525303030302965
19,34.68583333333333,-15.685833333333328
20,12.96,7.039999999999999
47,34.335,12.665
21,31.8,-10.8
0,0.28347220837010667,-0.28347220837010667
33,36.14334340659341,-3.1433434065934094
22,40.29396428571429,-18.29396428571429
65,63.05333333333333,1.9466666666666725
45,35.42,9.579999999999998
68,63.91,4.090000000000003
44,40.47,3.530000000000001
12,36.1865,-24.186500000000002
16,40.01,-24.009999999999998
69,67.11622222222222,1.8837777777777802
34,36.11871428571428,-2.118714285714283
0,18.554694444444447,-18.554694444444447
23,26.57,-3.5700000000000003
49,45.43333333333333,3.56666666666667
19,37.836666666666666,-18.836666666666666
1,4.240317313194788,-3.2403173131947884
34,33.62564285714286,0.37435714285714283
65,59.28,5.719999999999999
27,42.29,-15.29
59,33.70279761904762,25.297202380952378
45,31.78,13.219999999999999
17,24.125,-7.125
44,44.41,-0.4099999999999966
0,6.663043493421188,-6.663043493421188
1,26.75189399489399,-25.75189399489399
27,35.8,-8.799999999999997
56,46.30375,9.69625
44,42.91,1.0900000000000034
1,32.41309523809524,-31.413095238095238
43,41.88333333333333,1.1166666666666671
57,67.13,-10.129999999999995
69,55.81,13.189999999999998
70,37.7,32.3
0,18.998734126984132,-18.998734126984132
44,43.13,0.8699999999999974
71,57.80032735685367,13.199672643146329
71,69.86,1.1400000000000006
6,19.79,-13.79
59,24.21,34.79
59,40.54933333333334,18.450666666666663
56,41.57266666666666,14.427333333333337
16,22.30166666666667,-6.301666666666669
59,51.835,7.164999999999999
24,38.289249999999996,-14.289249999999996
25,36.5475,-11.5475
0,0.0,0.0
79,72.28,6.719999999999999
0,2.6795952380952377,-2.6795952380952377
47,43.22,3.780000000000001
43,37.088857142857144,5.911142857142856
0,37.60767948717949,-37.60767948717949
13,31.63,-18.63
0,4.53,-4.53
35,35.78,-0.7800000000000011
0,3.749095238095238,-3.749095238095238
55,34.481500000000004,20.518499999999996
66,57.6475,8.3525
77,71.5,5.5
18,27.799,-9.799
18,39.74166666666667,-21.741666666666667
32,34.644969696969696,-2.644969696969696
0,24.28,-24.28
71,57.45583333333333,13.54416666666667
46,37.59,8.409999999999997
57,48.648888888888884,8.351111111111116
36,35.95,0.04999999999999716
13,25.310583333333334,-12.310583333333334
67,36.13133400809716,30.868665991902837
19,36.473333333333336,-17.473333333333336
5,40.28,-35.28
23,27.122000000000003,-4.122000000000003
54,47.6125,6.387500000000003
35,38.80797619047619,-3.8079761904761895
0,0.24,-0.24
64,38.144333333333336,25.855666666666664
21,29.2775,-8.2775
7,13.27,-6.27
14,24.28,-10.280000000000001
21,32.44,-11.439999999999998
43,39.82,3.1799999999999997
71,36.058833333333325,34.941166666666675
7,23.58,-16.58
0,0.64,-0.64
31,33.34,-2.3400000000000034
59,23.82122222222222,35.17877777777778
0,39.965,-39.965
0,11.885984848484853,-11.885984848484853
84,76.458,7.542000000000002
0,3.8352380952380956,-3.8352380952380956
40,39.1675,0.8325000000000031
21,35.43,-14.43
47,40.69066666666666,6.309333333333342
39,39.22821428571429,-0.22821428571428726
13,20.83,-7.829999999999998
2,8.73,-6.73
44,43.06,0.9399999999999977
0,0.0,0.0
77,76.16,0.8400000000000034
0,1.87,-1.87
0,0.0009090909090909091,-0.0009090909090909091
65,51.33,13.670000000000002
36,46.150238095238095,-10.150238095238095
45,45.03,-0.030000000000001137
7,28.89,-21.89
53,36.53958333333333,16.460416666666667
46,38.895,7.104999999999997
46,42.62,3.3800000000000026
39,36.145833333333336,2.8541666666666643
16,35.874,-19.874000000000002
32,36.375,-4.375
46,41.88375,4.116250000000001
29,32.611333333333334,-3.6113333333333344
21,33.935,-12.935000000000002
0,10.785076923076923,-10.785076923076923
14,24.666666666666664,-10.666666666666664
22,30.019880952380948,-8.019880952380948
0,0.0,0.0
1,0.5057678002166393,0.49423219978336075
50,40.44173913043478,9.558260869565217
37,38.57944444444444,-1.5794444444444409
0,41.96083333333334,-41.96083333333334
0,10.32,-10.32
30,38.03476190476191,-8.034761904761908
54,50.48,3.520000000000003
56,48.95,7.049999999999997
27,23.35,3.6499999999999986
67,51.97,15.030000000000001
44,40.28,3.719999999999999
39,35.992339181286546,3.007660818713454
0,9.67452380952381,-9.67452380952381
22,32.89333333333334,-10.893333333333338
48,53.704499999999996,-5.704499999999996
50,40.45,9.549999999999997
47,44.47,2.530000000000001
44,40.3795,3.6205
34,38.0,-4.0
78,71.66,6.340000000000003
48,44.730666666666664,3.2693333333333356
27,37.03147619047619,-10.03147619047619
20,13.611333333333333,6.388666666666667
44,40.22,3.780000000000001
60,53.452,6.548000000000002
10,23.1760840651103,-13.176084065110299
47,35.746,11.253999999999998
69,56.14,12.86
30,36.2,-6.200000000000003
54,46.66,7.340000000000003
34,43.12830303030303,-9.12830303030303
1,5.181106229503537,-4.181106229503537
0,23.56,-23.56
0,0.44,-0.44
28,37.80240476190476,-9.80240476190476
50,44.78,5.219999999999999
4,16.9825,-12.982500000000002
56,36.36833333333333,19.631666666666668
33,31.09666666666667,1.9033333333333289
30,39.567,-9.567
74,66.90307692307692,7.096923076923076
32,38.555,-6.555
18,33.88466666666666,-15.88466666666666
74,57.52,16.479999999999997
51,37.43,13.57
65,41.66166666666667,23.33833333333333
0,0.49,-0.49
45,42.36890909090909,2.631090909090908
9,13.04,-4.039999999999999
25,25.07,-0.07000000000000028
51,44.89721136173768,6.102788638262318
35,41.91545454545454,-6.915454545454537
41,39.71,1.2899999999999991
20,34.0505,-14.0505
67,45.09714285714286,21.902857142857137
50,47.11368686868686,2.8863131313131376
80,34.572380952380946,45.427619047619054
27,26.89,0.10999999999999943
72,55.8825,16.1175
68,62.44,5.560000000000002
0,13.538001780898844,-13.538001780898844
0,7.54,-7.54
27,27.592499999999994,-0.592499999999994
46,44.875,1.125
58,45.537545248868774,12.462454751131226
49,28.731666666666666,20.268333333333334
64,38.175,25.825000000000003
40,35.545,4.454999999999998
0,0.3,-0.3
48,45.23833333333333,2.7616666666666703
10,21.9325,-11.932500000000001
41,36.34180952380952,4.658190476190477
57,30.989999999999995,26.010000000000005
12,34.01291666666667,-22.01291666666667
0,1.37,-1.37
1,14.40121212121212,-13.40121212121212
2,0.22363073527779398,1.776369264722206
56,43.59333333333334,12.40666666666666
0,1.3,-1.3
23,33.522666666666666,-10.522666666666666
61,26.436999999999998,34.563
0,0.0,0.0
0,1.0228270895770892,-1.0228270895770892
26,25.84,0.16000000000000014
0,4.94,-4.94
35,30.18375,4.81625
58,50.542,7.457999999999998
43,44.86266666666666,-1.8626666666666623
30,25.21,4.789999999999999
54,49.043,4.957000000000001
23,26.534285714285716,-3.5342857142857156
57,40.66,16.340000000000003
22,22.47,-0.46999999999999886
60,41.19833333333334,18.801666666666662
0,4.470714285714285,-4.470714285714285
0,5.004777777777777,-5.004777777777777
25,37.8425,-12.842500000000001
1,3.847435897435898,-2.847435897435898
66,56.67,9.329999999999998
38,42.30447619047619,-4.304476190476187
0,3.43564059504879,-3.43564059504879
1,1.8127064266940396,-0.8127064266940396
52,36.41,15.590000000000003
14,20.441666666666666,-6.441666666666666
59,50.03,8.969999999999999
45,40.48,4.520000000000003
12,22.71,-10.71
64,56.62,7.380000000000003
53,45.278333333333336,7.721666666666664
43,43.68,-0.6799999999999997
79,73.49,5.510000000000005
20,13.3425,6.657500000000001
21,26.195,-5.195
44,43.64,0.35999999999999943
23,29.38049404761905,-6.380494047619049
39,46.361000000000004,-7.361000000000004
39,38.294444444444444,0.7055555555555557
37,33.36785714285714,3.63214285714286
20,17.4,2.6000000000000014
83,65.62349999999999,17.376500000000007
0,29.485,-29.485
52,33.3875,18.612499999999997
43,34.571999999999996,8.428000000000004
51,44.98,6.020000000000003
0,4.63,-4.63
15,36.54966666666667,-21.549666666666667
37,37.45,-0.45000000000000284
2,0.5893779553779551,1.4106220446220448
0,19.945,-19.945
12,19.61,-7.609999999999999
44,41.77,2.229999999999997
4,34.47416666666666,-30.47416666666666
32,31.165,0.8350000000000009
41,38.63,2.3699999999999974
32,32.866,-0.8659999999999997
0,0.0,0.0
0,2.42,-2.42
1,2.05,-1.0499999999999998
0,41.310809523809525,-41.310809523809525
51,42.62,8.380000000000003
18,33.2825,-15.282499999999999
19,39.23120887445887,-20.231208874458872
0,26.23,-26.23
62,34.2575,27.7425
37,37.77,-0.7700000000000031
47,44.54,2.460000000000001
20,41.181999999999995,-21.181999999999995
47,44.8825,2.1174999999999997
41,46.23833333333333,-5.23833333333333
0,5.15,-5.15
4,17.17,-13.170000000000002
0,0.13516509214819886,-0.13516509214819886
47,38.880833333333335,8.119166666666665
18,23.88522727272727,-5.8852272727272705
55,13.376666666666667,41.623333333333335
48,41.931999999999995,6.068000000000005
51,35.83,15.170000000000002
19,15.702857142857143,3.297142857142857
0,20.171666666666667,-20.171666666666667
45,32.3225,12.677500000000002
43,41.04,1.9600000000000009
29,30.63,-1.629999999999999
40,38.48666666666667,1.5133333333333283
36,39.28857142857143,-3.28857142857143
17,26.40866666666667,-9.408666666666669
24,18.64,5.359999999999999
6,19.07,-13.07
33,37.8475,-4.847499999999997
52,39.72834920634921,12.271650793650792
0,24.91,-24.91
42,40.155,1.8449999999999989
0,44.225765765765765,-44.225765765765765
2,1.5873469447219448,0.4126530552780552
54,2.05,51.95
11,21.36,-10.36
22,24.3,-2.3000000000000007
39,38.001793650793644,0.998206349206356
0,0.0,0.0
0,20.955,-20.955
79,44.91330735930737,34.08669264069263
36,34.76,1.240000000000002
46,37.218333333333334,8.781666666666666
61,51.76,9.240000000000002
49,48.14,0.8599999999999994
39,37.81,1.1899999999999977
14,27.88,-13.879999999999999
0,29.74833333333333,-29.74833333333333
47,47.7525,-0.7524999999999977
40,39.009,0.9909999999999997
20,23.334174603174596,-3.3341746031745956
44,43.71,0.28999999999999915
43,37.145714285714284,5.854285714285716
21,20.965,0.03500000000000014
0,40.58883333333333,-40.58883333333333
0,2.47,-2.47
17,19.740225563909775,-2.7402255639097746
56,34.6525,21.347499999999997
40,36.81257575757576,3.1874242424242425
20,25.59333333333333,-5.59333333333333
16,30.839000000000002,-14.839000000000002
25,13.32,11.68
42,37.0725,4.927500000000002
37,34.13961538461538,2.8603846153846177
46,49.217857142857135,-3.2178571428571345
0,18.47,-18.47
41,38.9025,2.0974999999999966
31,29.12219817927171,1.8778018207282905
0,0.6869603174603175,-0.6869603174603175
0,19.409166666666664,-19.409166666666664
21,32.01833333333333,-11.01833333333333
8,29.368444444444446,-21.368444444444446
55,32.084666666666664,22.915333333333336
85,67.77566666666667,17.224333333333334
10,16.44,-6.440000000000001
16,22.295,-6.295000000000002
65,61.64,3.3599999999999994
65,52.24,12.759999999999998
0,36.1496248606466,-36.1496248606466
0,45.979523809523805,-45.979523809523805
67,46.14333333333333,20.85666666666667
6,16.156666666666666,-10.156666666666666
0,25.04,-25.04
0,28.09,-28.09
1,4.4664153281359145,-3.4664153281359145
54,45.805,8.195
75,63.176,11.823999999999998
16,41.03,-25.03
0,35.34102941176471,-35.34102941176471
63,44.43,18.57
7,22.596666666666664,-15.596666666666664
41,42.92964285714286,-1.9296428571428592
46,45.3,0.7000000000000028
57,31.342380952380953,25.657619047619047
45,40.178000000000004,4.821999999999996
24,47.754444444444445,-23.754444444444445
52,37.18,14.82
0,1.9481883949383954,-1.9481883949383954
54,37.09997222222222,16.90002777777778
37,37.77,-0.7700000000000031
41,39.240625,1.7593749999999986
73,69.85766666666667,3.142333333333326
41,45.77333333333334,-4.7733333333333405
37,32.30384615384615,4.696153846153848
60,32.45733333333333,27.54266666666667
19,29.733249999999998,-10.733249999999998
0,4.297142857142858,-4.297142857142858
41,23.975,17.025
64,31.543833333333332,32.45616666666667
48,38.04,9.96
38,36.65,1.3500000000000014
0,14.01,-14.01
34,37.09083333333333,-3.090833333333329
45,37.2803999541337,7.719600045866301
38,38.11,-0.10999999999999943
0,10.96,-10.96
10,31.482738095238098,-21.482738095238098
63,18.008333333333333,44.99166666666667
13,17.63,-4.629999999999999
24,24.31,-0.3099999999999987
0,0.0,0.0
85,71.44555555555556,13.554444444444442
34,14.83,19.17
1,0.7031768688827513,0.2968231311172487
44,42.11666666666666,1.88333333333334
16,21.03,-5.030000000000001
37,37.56442857142857,-0.5644285714285715
11,29.16700641025641,-18.16700641025641
16,28.19333333333333,-12.193333333333332
23,34.522,-11.521999999999998
44,39.7425,4.2575
6,38.47333333333333,-32.47333333333333
21,43.46261111111111,-22.46261111111111
47,46.7,0.29999999999999716
62,39.657714285714285,22.342285714285715
20,36.71,-16.71
28,37.80583333333333,-9.805833333333332
57,39.34,17.659999999999997
17,31.81,-14.809999999999999
0,0.06317060649478182,-0.06317060649478182
28,36.945238095238096,-8.945238095238096
32,19.890526315789476,12.109473684210524
59,57.62,1.3800000000000026
69,59.841,9.158999999999999
36,40.82733333333333,-4.827333333333328
18,22.25,-4.25
41,38.83,2.1700000000000017
33,31.00667857142857,1.9933214285714307
49,37.365,11.634999999999998
28,29.28081871345029,-1.2808187134502909
45,42.75,2.25
13,27.21791666666667,-14.217916666666671
41,37.035,3.9650000000000034
64,41.05333333333334,22.94666666666666
34,29.646666666666665,4.353333333333335
40,39.58,0.4200000000000017
1,0.7291150793650794,0.27088492063492065
17,40.40385714285714,-23.40385714285714
55,41.76583333333334,13.23416666666666
2,7.685947712418301,-5.685947712418301
42,47.3325,-5.332500000000003
0,0.0,0.0
23,36.5643972298771,-13.564397229877102
39,32.436,6.564
52,38.81,13.189999999999998
66,65.33,0.6700000000000017
0,45.18,-45.18
29,32.78541666666666,-3.785416666666663
1,1.2624881784881783,-0.2624881784881783
50,30.604545454545455,19.395454545454545
6,14.45,-8.45
57,43.62409523809524,13.375904761904764
71,40.31130952380952,30.68869047619048
33,36.49315789473684,-3.4931578947368394
52,42.995,9.005000000000003
41,40.90539393939394,0.09460606060606125
66,61.91,4.090000000000003
67,61.73,5.270000000000003
58,26.32,31.68
24,39.629333333333335,-15.629333333333335
47,31.92125,15.07875
0,12.28,-12.28
41,40.97,0.030000000000001137
40,38.675333333333334,1.3246666666666655
0,0.20534523809523805,-0.20534523809523805
9,17.77,-8.77
26,45.768,-19.768
0,38.56166666666667,-38.56166666666667
55,48.339,6.661000000000001
17,30.195,-13.195
46,44.92,1.0799999999999983
52,31.96,20.04
16,19.99,-3.9899999999999984
18,31.2,-13.2
0,0.19286818736818734,-0.19286818736818734
0,32.834666666666664,-32.834666666666664
65,31.003571428571426,33.996428571428574
23,32.52916666666667,-9.529166666666669
36,37.46,-1.4600000000000009
63,59.52,3.479999999999997
51,34.75,16.25
35,37.98041666666667,-2.9804166666666703
17,28.04333333333333,-11.04333333333333
24,37.71666666666667,-13.716666666666669
74,30.645,43.355000000000004
0,0.0,0.0
60,24.61,35.39
0,6.37375,-6.37375
21,25.63666666666667,-4.63666666666667
67,60.13,6.869999999999997
31,34.707142857142856,-3.7071428571428555
41,41.17,-0.1700000000000017
63,61.45,1.5499999999999972
35,45.68633333333333,-10.68633333333333
26,37.58,-11.579999999999998
60,50.49,9.509999999999998
41,40.08988095238095,0.9101190476190482
43,36.92,6.079999999999998
44,30.58666666666667,13.41333333333333
55,47.37666666666667,7.623333333333328
24,33.97690476190476,-9.976904761904763
59,51.71,7.289999999999999
0,0.47628164267792733,-0.47628164267792733
20,39.46933333333333,-19.46933333333333
36,34.57,1.4299999999999997
19,28.53738095238095,-9.53738095238095
18,36.23535714285714,-18.23535714285714
52,47.464333333333336,4.535666666666664
58,27.280833333333334,30.719166666666666
70,61.001845238095214,8.998154761904786
15,24.83,-9.829999999999998
31,31.66879120879121,-0.6687912087912089
0,3.813333333333333,-3.813333333333333
46,42.483999999999995,3.5160000000000053
23,40.048857142857145,-17.048857142857145
25,24.31,0.6900000000000013
61,38.45333333333333,22.546666666666667
22,31.589473684210525,-9.589473684210525
37,34.53,2.469999999999999
22,28.72188679245283,-6.721886792452828
34,32.44166666666667,1.55833333333333
73,33.5125,39.4875
38,39.26,-1.259999999999998
17,25.353684210526318,-8.353684210526318
0,0.3661767464825841,-0.3661767464825841
74,41.613866666666674,32.386133333333326
0,0.0,0.0
3,11.315,-8.315
1,0.2083797313797313,0.7916202686202687
41,31.34534370015949,9.65465629984051
53,30.3025,22.6975
61,47.68969696969697,13.310303030303032
52,45.53,6.469999999999999
23,35.97333333333333,-12.97333333333333
57,32.20444444444444,24.79555555555556
42,44.70459999999999,-2.704599999999992
38,34.406666666666666,3.5933333333333337
15,33.14,-18.14
40,50.79333333333333,-10.79333333333333
66,49.20450000000001,16.79549999999999
55,39.555,15.445
60,40.738,19.262
71,58.78,12.219999999999999
30,27.78,2.219999999999999
15,31.6825,-16.6825
21,30.609714285714286,-9.609714285714286
16,34.09,-18.090000000000003
41,46.91333333333334,-5.913333333333341
26,32.04833333333333,-6.048333333333332
62,55.9,6.100000000000001
10,33.31166666666667,-23.311666666666667
67,64.9,2.0999999999999943
1,7.1,-6.1
35,28.20333333333333,6.79666666666667
0,14.902909090909091,-14.902909090909091
0,43.223333333333336,-43.223333333333336
32,42.73,-10.729999999999997
41,32.62,8.380000000000003
30,32.89,-2.8900000000000006
61,52.816,8.183999999999997
14,45.65938095238095,-31.65938095238095
30,34.17,-4.170000000000002
25,31.164971264367814,-6.164971264367814
0,11.22,-11.22
4,1.5791818181818176,2.4208181818181824
56,45.848571428571425,10.151428571428575
21,39.56044444444444,-18.560444444444443
49,44.4625,4.537500000000001
45,41.42583333333334,3.574166666666663
36,30.534000000000002,5.4659999999999975
45,45.32,-0.3200000000000003
0,46.48033333333333,-46.48033333333333
23,38.02666666666667,-15.02666666666667
47,46.68,0.3200000000000003
0,0.06317060649478182,-0.06317060649478182
0,0.1399166666666666,-0.1399166666666666
52,38.42333333333333,13.576666666666668
34,39.75811111111111,-5.758111111111113
57,37.685500000000005,19.314499999999995
19,31.5075,-12.5075
61,40.335,20.665
31,29.67,1.3299999999999983
38,37.78666666666666,0.21333333333333826
65,42.605087719298254,22.394912280701746
15,21.92,-6.920000000000002
20,39.86,-19.86
18,14.98,3.0199999999999996
50,44.35863636363636,5.641363636363643
21,21.68,-0.6799999999999997
63,37.8625,25.137500000000003
37,38.515,-1.5150000000000006
41,37.11,3.8900000000000006
29,36.28,-7.280000000000001
64,41.3975,22.6025
37,45.58242857142857,-8.582428571428572
28,36.07076666666667,-8.070766666666671
39,41.790507936507936,-2.790507936507936
19,30.74127922077922,-11.74127922077922
50,42.056939393939395,7.943060606060605
54,49.24,4.759999999999998
18,33.59238095238096,-15.592380952380957
34,30.282857142857143,3.717142857142857
28,45.54583333333333,-17.545833333333327
38,39.26166666666666,-1.2616666666666632
68,55.32,12.68
36,39.17,-3.1700000000000017
53,43.14333333333334,9.856666666666662
20,26.76,-6.760000000000002
0,14.34,-14.34
0,0.0,0.0
47,46.3,0.7000000000000028
48,40.045,7.954999999999998
45,43.718,1.2819999999999965
2,1.497519403173443,0.5024805968265571
6,2.1191002886002885,3.8808997113997115
12,38.63666666666666,-26.636666666666663
23,44.88795454545454,-21.88795454545454
52,36.1,15.899999999999999
0,0.558109493093448,-0.558109493093448
0,0.21112216741122164,-0.21112216741122164
79,36.727303030303034,42.272696969696966
0,11.42,-11.42
44,43.61,0.39000000000000057
16,45.147,-29.147
28,28.47,-0.46999999999999886
22,31.78666666666667,-9.786666666666669
50,43.49,6.509999999999998
40,40.54666666666667,-0.5466666666666669
33,34.52875,-1.5287500000000023
57,52.00916666666666,4.990833333333342
18,20.14,-2.1400000000000006
44,41.994,2.0060000000000002
21,19.57,1.4299999999999997
29,28.39,0.6099999999999994
63,40.425642857142854,22.574357142857146
0,45.18,-45.18
63,58.79,4.210000000000001
76,71.54,4.459999999999994
31,44.72711538461539,-13.727115384615388
55,49.321999999999996,5.678000000000004
1,3.6514285714285717,-2.6514285714285717
73,62.482666666666674,10.517333333333326
59,47.913000000000004,11.086999999999996
18,38.186190476190475,-20.186190476190475
64,62.56,1.4399999999999977
22,30.645,-8.645
12,19.05,-7.050000000000001
36,36.694,-0.6940000000000026
0,1.1486471861471863,-1.1486471861471863
0,0.0,0.0
1,0.5926981906981905,0.4073018093018095
46,43.68833333333334,2.3116666666666603
1,18.790595238095236,-17.790595238095236
48,36.48,11.520000000000003
0,6.245948628993679,-6.245948628993679
0,0.91,-0.91
18,26.55166666666667,-8.55166666666667
24,33.34,-9.340000000000003
39,34.295,4.704999999999998
33,35.015,-2.0150000000000006
54,23.032666666666664,30.967333333333336
3,40.73,-37.73
0,8.649025907557997,-8.649025907557997
35,37.75,-2.75
45,32.87,12.130000000000003
23,29.975,-6.975000000000001
46,39.09,6.909999999999997
77,42.958492063492066,34.041507936507934
44,26.102111111111107,17.897888888888893
8,35.0,-27.0
19,35.23852100840335,-16.238521008403353
56,44.9575,11.042499999999997
40,31.772428571428573,8.227571428571427
5,28.354,-23.354
76,58.383125,17.616875
40,29.73,10.27
16,44.56760714285714,-28.567607142857142
47,45.44333333333334,1.5566666666666578
19,17.295333333333332,1.704666666666668
73,38.21,34.79
18,21.495,-3.495000000000001
60,41.04,18.96
43,34.01,8.990000000000002
51,39.8525,11.1475
41,46.03,-5.030000000000001
27,37.932916666666664,-10.932916666666664
0,38.01383333333334,-38.01383333333334
0,3.197457935985858,-3.197457935985858
38,41.08,-3.0799999999999983
0,11.965625,-11.965625
59,37.02555555555555,21.97444444444445
51,34.95,16.049999999999997
39,33.846833333333336,5.153166666666664
9,26.10375,-17.10375
33,34.54,-1.5399999999999991
18,32.38,-14.380000000000003
57,33.76916666666666,23.230833333333337
56,38.3475,17.652500000000003
19,26.61,-7.609999999999999
46,32.007636363636365,13.992363636363635
0,0.9536428571428571,-0.9536428571428571
75,72.66049999999998,2.3395000000000152
58,55.36,2.6400000000000006
52,34.1725,17.8275
0,0.0,0.0
41,41.23,-0.22999999999999687
0,5.9,-5.9
44,31.191768261150617,12.808231738849383
2,17.6897380952381,-15.689738095238098
52,33.87,18.130000000000003
40,36.968,3.0319999999999965
49,30.195833333333336,18.804166666666664
0,30.54222222222222,-30.54222222222222
0,0.0,0.0
60,61.04857142857143,-1.048571428571428
0,5.138653792147563,-5.138653792147563
50,13.39,36.61
44,48.606880952380955,-4.606880952380955
54,45.55,8.450000000000003
54,41.84928571428571,12.150714285714287
0,38.643,-38.643
43,38.86855555555556,4.1314444444444405
25,45.58333333333333,-20.58333333333333
6,13.315666666666665,-7.315666666666665
37,36.849714285714285,0.15028571428571524
37,30.17,6.829999999999998
43,42.47,0.5300000000000011
43,34.04642857142857,8.95357142857143
0,33.97,-33.97
55,47.87,7.130000000000003
24,32.58202725097483,-8.582027250974832
57,50.15555555555556,6.8444444444444414
51,34.38142857142857,16.61857142857143
0,0.13516509214819886,-0.13516509214819886
43,47.26333333333333,-4.263333333333328
32,34.24065355940356,-2.2406535594035617
26,34.635,-8.634999999999998
1,40.81318181818182,-39.81318181818182
56,42.3,13.700000000000003
1,9.95,-8.95
59,38.89207142857143,20.107928571428573
0,0.3661767464825841,-0.3661767464825841
42,34.86,7.140000000000001
38,40.083333333333336,-2.0833333333333357
69,60.45333333333333,8.546666666666667
31,26.3175,4.682500000000001
64,61.93,2.0700000000000003
42,39.58114285714286,2.418857142857142
30,24.47,5.530000000000001
58,43.94,14.060000000000002
11,27.678053030303037,-16.678053030303037
57,56.98,0.020000000000003126
43,29.46,13.54
35,32.63666666666667,2.3633333333333297
58,36.69845614035087,21.30154385964913
52,32.826,19.174
44,29.624636363636363,14.375363636363637
35,24.539333333333328,10.460666666666672
67,55.78,11.219999999999999
25,39.51683712121212,-14.51683712121212
7,15.727666666666666,-8.727666666666666
36,31.853333333333335,4.146666666666665
68,62.71,5.289999999999999
12,11.71,0.28999999999999915
11,40.528,-29.528
17,23.78,-6.780000000000001
30,28.96,1.0399999999999991
17,42.94,-25.939999999999998
0,28.805627289377288,-28.805627289377288
21,13.575999999999999,7.424000000000001
43,40.888333333333335,2.1116666666666646
16,36.70583333333333,-20.70583333333333
62,56.38533333333333,5.614666666666672
10,23.89,-13.89
56,42.028,13.972000000000001
50,43.33678571428572,6.663214285714282
64,41.43,22.57
46,38.31625,7.683750000000003
1,0.18089181080357547,0.8191081891964245
56,41.99,14.009999999999998
23,30.61590476190476,-7.615904761904758
41,38.334,2.665999999999997
48,38.93964052287581,9.060359477124187
21,38.196333333333335,-17.196333333333335
0,10.904000000000002,-10.904000000000002
40,42.262,-2.2620000000000005
52,25.100454545454546,26.899545454545454
54,33.93533333333333,20.064666666666668
65,37.63,27.369999999999997
23,27.41,-4.41
0,0.8206825396825396,-0.8206825396825396
37,36.780833333333334,0.2191666666666663
54,49.07666666666666,4.923333333333339
58,38.88,19.119999999999997
21,34.25,-13.25
45,33.325,11.674999999999997
45,48.69,-3.6899999999999977
52,42.66,9.340000000000003
42,41.1,0.8999999999999986
61,42.34866666666667,18.651333333333334
73,40.294619047619044,32.705380952380956
46,46.00333333333333,-0.0033333333333303017
23,28.565,-5.565000000000001
84,28.758714285714287,55.24128571428571
38,42.44833333333334,-4.448333333333338
41,40.3248717948718,0.6751282051282033
22,36.75853754940712,-14.758537549407123
34,41.866538461538454,-7.866538461538454
74,59.85,14.149999999999999
59,37.50083333333333,21.499166666666667
11,20.7,-9.7
17,48.80982142857143,-31.809821428571432
48,46.95833333333333,1.0416666666666714
45,34.77,10.229999999999997
43,37.6425,5.357500000000002
0,0.0,0.0
59,49.62333333333334,9.376666666666658
46,35.78133333333333,10.218666666666671
70,56.06,13.939999999999998
12,24.7875,-12.787500000000001
44,42.87,1.1300000000000026
58,45.692380952380944,12.307619047619056
20,37.942,-17.942
0,0.0,0.0
40,36.64046428571428,3.3595357142857196
26,38.833333333333336,-12.833333333333336
30,36.0,-6.0
52,51.72,0.28000000000000114
0,34.89,-34.89
41,34.85,6.149999999999999
0,0.4759067590638421,-0.4759067590638421
49,41.11333333333333,7.88666666666667
0,0.45858920084915505,-0.45858920084915505
47,34.845,12.155000000000001
60,45.35,14.649999999999999
44,44.328,-0.32800000000000296
41,44.91409090909091,-3.914090909090909
59,51.95,7.049999999999997
0,0.0,0.0
54,44.50666666666667,9.493333333333332
30,46.27809523809524,-16.27809523809524
8,21.65,-13.649999999999999
56,57.31,-1.3100000000000023
49,48.23633333333331,0.7636666666666869
0,6.245948628993679,-6.245948628993679
40,41.395714285714284,-1.3957142857142841
22,39.963151515151516,-17.963151515151516
46,43.28333333333333,2.7166666666666686
17,28.25,-11.25
35,36.65,-1.6499999999999986
77,18.658,58.342
53,39.44253333333333,13.55746666666667
0,0.0,0.0
27,31.3,-4.300000000000001
40,42.48,-2.479999999999997
0,40.85933333333333,-40.85933333333333
22,37.179,-15.179000000000002
0,8.275,-8.275
60,33.528,26.472
47,33.85597619047619,13.144023809523809
54,36.177095238095234,17.822904761904766
62,42.895,19.104999999999997
6,10.32,-4.32
49,47.06,1.9399999999999977
11,29.908333333333335,-18.908333333333335
0,0.0,0.0
0,6.671428571428571,-6.671428571428571
0,6.455,-6.455
6,31.783809523809524,-25.783809523809524
0,22.62167467996924,-22.62167467996924
33,38.50441558441558,-5.504415584415582
34,24.92,9.079999999999998
57,52.45,4.549999999999997
46,45.92,0.0799999999999983
25,25.551666666666666,-0.5516666666666659
19,19.945,-0.9450000000000003
33,40.72666666666667,-7.726666666666667
40,38.32392857142857,1.6760714285714329
47,37.00840579710145,9.991594202898547
31,35.76583333333333,-4.765833333333333
31,41.96166666666666,-10.961666666666659
49,39.3815,9.618499999999997
60,54.561690476190485,5.438309523809515
70,64.62,5.3799999999999955
24,38.539738408521295,-14.539738408521295
36,42.00023809523809,-6.000238095238089
23,20.85,2.1499999999999986
18,14.03,3.9700000000000006
74,41.999227272727275,32.000772727272725
44,43.76,0.240000000000002
29,30.36,-1.3599999999999994
48,31.065,16.935
49,47.44,1.5600000000000023
14,20.93833333333333,-6.938333333333329
3,30.12553968253969,-27.12553968253969
20,33.343333333333334,-13.343333333333334
5,1.8127064266940396,3.1872935733059604
51,39.776666666666664,11.223333333333336
59,56.88,2.1199999999999974
40,33.47190476190476,6.52809523809524
6,12.39,-6.390000000000001
0,15.26,-15.26
36,36.32,-0.3200000000000003
12,16.58,-4.579999999999998
23,31.21041666666667,-8.21041666666667
44,43.74,0.259999999999998
46,42.215,3.7849999999999966
18,24.605,-6.605
53,64.5325476190476,-11.532547619047605
21,36.56066666666666,-15.560666666666663
56,34.55806397306397,21.441936026936027
61,30.63118531468531,30.36881468531469
51,35.35971014492753,15.640289855072467
22,24.49,-2.4899999999999984
0,6.9125,-6.9125
21,31.47866666666667,-10.478666666666669
44,39.589166666666664,4.410833333333336
55,45.3,9.700000000000003
28,31.122666666666664,-3.122666666666664
0,0.07541200886974668,-0.07541200886974668
48,42.03181818181818,5.968181818181819
0,0.0,0.0
0,0.86,-0.86
13,18.21,-5.210000000000001
0,15.53,-15.53
0,0.3766915584415583,-0.3766915584415583
44,42.3,1.7000000000000028
1,26.47899261703209,-25.47899261703209
34,42.036625,-8.036625
21,28.916666666666664,-7.916666666666664
51,50.55,0.45000000000000284
58,52.52,5.479999999999997
0,0.22,-0.22
54,43.94942857142857,10.05057142857143
23,22.691388397801823,0.3086116021981766
1,0.1747644789616588,0.8252355210383412
50,36.969166666666666,13.030833333333334
1,10.572833333333334,-9.572833333333334
33,36.1,-3.1000000000000014
69,42.14,26.86
32,38.46448484848485,-6.464484848484851
74,59.35090909090909,14.649090909090908
0,0.7232299082989195,-0.7232299082989195
0,1.4233549783549784,-1.4233549783549784
0,16.06,-16.06
54,31.469444444444445,22.530555555555555
27,44.96590476190477,-17.965904761904767
49,43.681000000000004,5.3189999999999955
26,44.01916666666666,-18.019166666666663
54,48.284285714285716,5.715714285714284
48,35.13,12.869999999999997
58,36.99916666666667,21.000833333333333
0,0.0,0.0
13,25.06,-12.059999999999999
49,43.15,5.850000000000001
42,38.41,3.5900000000000034
71,30.26485714285714,40.73514285714286
50,35.00083333333333,14.999166666666667
48,31.474,16.526
41,41.45,-0.45000000000000284
56,34.56472222222222,21.435277777777777
23,29.546666666666667,-6.546666666666667
76,63.84310344827586,12.156896551724138
23,21.0,2.0
37,31.862380952380953,5.137619047619047
45,43.54,1.4600000000000009
0,16.543333333333337,-16.543333333333337
53,43.97,9.030000000000001
67,53.2875,13.712499999999999
47,42.89,4.109999999999999
71,23.459999999999994,47.540000000000006
29,37.43383116883117,-8.43383116883117
50,41.725,8.274999999999999
77,41.15,35.85
24,34.27,-10.270000000000003
11,22.459714285714284,-11.459714285714284
0,6.752285714285714,-6.752285714285714
24,31.03,-7.030000000000001
60,35.26938375350141,24.73061624649859
58,40.86805194805195,17.13194805194805
27,31.69,-4.690000000000001
0,0.0,0.0
40,40.5725,-0.572499999999998
40,25.56,14.440000000000001
62,53.403333333333336,8.596666666666664
44,36.56,7.439999999999998
1,39.44,-38.44
42,43.95,-1.9500000000000028
54,43.84321428571428,10.156785714285718
47,47.14,-0.14000000000000057
23,32.59733333333334,-9.597333333333339
71,41.725,29.275
46,44.77,1.2299999999999969
55,39.72,15.280000000000001
59,52.803111111111114,6.196888888888886
46,49.02166666666666,-3.021666666666661
16,37.945,-21.945
5,1.6625180220106694,3.3374819779893308
59,43.67666666666666,15.323333333333338
52,46.2625,5.737499999999997
65,56.85,8.149999999999999
32,30.807575757575755,1.192424242424245
13,16.06,-3.0599999999999987
64,54.51,9.490000000000002
22,42.81088235294117,-20.81088235294117
67,37.41,29.590000000000003
54,42.695,11.305
0,32.02,-32.02
19,30.48,-11.48
65,55.66909090909091,9.330909090909088
70,68.51,1.4899999999999949
1,27.57,-26.57
29,32.21,-3.210000000000001
1,15.497777777777777,-14.497777777777777
34,28.35,5.649999999999999
22,32.75116666666666,-10.751166666666663
51,29.95,21.05
21,23.65,-2.6499999999999986
12,20.721666666666664,-8.721666666666664
13,37.30431447641974,-24.30431447641974
51,11.5,39.5
33,36.94133333333333,-3.9413333333333327
4,6.41,-2.41
0,8.6375,-8.6375
28,34.0165,-6.016500000000001
41,36.435,4.564999999999998
61,52.13,8.869999999999997
16,18.6,-2.6000000000000014
0,0.03536837838416847,-0.03536837838416847
23,21.89,1.1099999999999994
32,33.47,-1.4699999999999989
1,0.7291150793650794,0.27088492063492065
30,30.28666666666667,-0.28666666666666885
30,38.24216666666667,-8.24216666666667
29,32.904666666666664,-3.904666666666664
2,0.913814491064491,1.086185508935509
0,4.14,-4.14
56,51.75375,4.246250000000003
37,38.41833333333333,-1.4183333333333294
39,33.396477918935275,5.603522081064725
46,37.47,8.530000000000001
27,31.21,-4.210000000000001
15,24.712,-9.712
15,18.447690476190477,-3.447690476190477
50,40.488125,9.511875000000003
42,40.945,1.0549999999999997
38,39.109,-1.1090000000000018
35,41.797,-6.796999999999997
21,24.83,-3.8299999999999983
60,47.36985858585858,12.63014141414142
0,0.0,0.0
57,45.7575,11.2425
41,31.89,9.11
42,34.3175,7.682499999999997
25,26.015,-1.0150000000000006
33,36.56,-3.5600000000000023
39,32.327380952380956,6.672619047619044
57,28.737202797202798,28.262797202797202
45,45.78666666666667,-0.7866666666666688
80,63.0125,16.987499999999997
60,45.41,14.590000000000003
1,2.96375,-1.96375
63,33.321939393939395,29.678060606060605
23,15.98,7.02
18,40.53666666666667,-22.53666666666667
36,26.10333333333333,9.896666666666668
42,68.2825,-26.2825
67,37.59666666666667,29.40333333333333
64,57.391309523809525,6.608690476190475
56,41.99666666666666,14.003333333333337
0,1.1851534347448085,-1.1851534347448085
74,40.431666666666665,33.568333333333335
20,31.8,-11.8
0,36.168392857142855,-36.168392857142855
39,31.5845,7.4155000000000015
59,54.295,4.704999999999998
1,6.745,-5.745
46,27.31,18.69
19,31.237333333333336,-12.237333333333336
50,46.68,3.3200000000000003
1,0.956803929546159,0.043196070453840996
60,34.08990476190476,25.910095238095238
47,34.75916666666667,12.240833333333327
12,31.63147653554176,-19.63147653554176
30,34.489000000000004,-4.489000000000004
0,8.291021909463083,-8.291021909463083
30,38.11816666666667,-8.118166666666667
44,18.732857142857142,25.267142857142858
0,11.77,-11.77
28,31.185,-3.1849999999999987
0,0.0,0.0
25,30.6225,-5.622499999999999
30,39.42,-9.420000000000002
36,43.48830769230769,-7.488307692307693
20,28.07,-8.07
29,34.56133333333333,-5.56133333333333
22,34.501904761904754,-12.501904761904754
49,43.468809523809526,5.531190476190474
54,48.0625,5.9375
85,17.820204085946738,67.17979591405326
0,2.82,-2.82
52,46.09966666666667,5.900333333333329
0,7.0,-7.0
50,37.596666666666664,12.403333333333336
25,32.4,-7.399999999999999
24,32.89840638528139,-8.89840638528139
2,5.181106229503537,-3.181106229503537
1,32.6602619047619,-31.660261904761903
43,41.84,1.1599999999999966
3,1.2547329833479217,1.7452670166520783
0,3.77,-3.77
64,29.43883333333333,34.561166666666665
37,32.89595238095238,4.10404761904762
0,0.257038361775823,-0.257038361775823
0,0.22363073527779398,-0.22363073527779398
46,39.55866666666667,6.441333333333333
23,25.93,-2.9299999999999997
42,29.745,12.254999999999999
74,64.67666666666666,9.323333333333338
41,38.604,2.396000000000001
12,27.42,-15.420000000000002
56,48.965,7.034999999999997
0,40.039,-40.039
28,45.931000000000004,-17.931000000000004
28,41.03933333333333,-13.039333333333332
13,35.618095238095236,-22.618095238095236
0,0.35,-0.35
23,36.35533333333333,-13.355333333333327
49,38.77733333333333,10.222666666666669
57,41.846666666666664,15.153333333333336
42,44.785,-2.7849999999999966
0,4.773333333333333,-4.773333333333333
37,43.74333333333334,-6.743333333333339
17,26.281999999999996,-9.281999999999996
0,0.020917194059227734,-0.020917194059227734
72,59.9,12.100000000000001
39,41.31,-2.3100000000000023
23,26.143333333333334,-3.1433333333333344
54,51.28,2.719999999999999
18,32.00583333333333,-14.005833333333328
50,47.03,2.969999999999999
0,9.908736804861801,-9.908736804861801
0,0.03382892731669073,-0.03382892731669073
64,34.95772727272727,29.04227272727273
52,44.288999999999994,7.711000000000006
23,24.820833333333336,-1.8208333333333364
0,12.24,-12.24
37,37.2525,-0.2524999999999977
53,30.69,22.31
1,46.47333333333333,-45.47333333333333
1,0.4759067590638421,0.5240932409361578
23,28.220000000000006,-5.220000000000006
14,31.42,-17.42
8,26.8,-18.8
15,30.035,-15.035
38,25.03,12.969999999999999
25,34.16,-9.159999999999997
10,38.41,-28.409999999999997
11,28.18173076923077,-17.18173076923077
49,30.211666666666666,18.788333333333334
51,30.47333333333333,20.52666666666667
1,1.6567178001736835,-0.6567178001736835
19,29.425,-10.425
77,37.155,39.845
23,21.42,1.5799999999999983
38,39.115,-1.115000000000002
7,31.185,-24.185
49,37.275,11.725000000000001
64,30.53,33.47
5,31.17033333333334,-26.17033333333334
52,39.98,12.020000000000003
44,42.655,1.3449999999999989
56,52.12,3.8800000000000026
0,15.87,-15.87
28,29.02960224089636,-1.0296022408963594
24,18.58,5.420000000000002
20,38.695,-18.695
68,46.86770833333334,21.13229166666666
38,28.588174297924297,9.411825702075703
45,46.58133333333334,-1.5813333333333404
0,1.78,-1.78
40,36.44859523809524,3.551404761904763
48,36.16833333333334,11.831666666666663
46,48.92,-2.9200000000000017
66,46.00333333333333,19.99666666666667
0,2.7612267023654704,-2.7612267023654704
37,31.58688596491228,5.41311403508772
35,38.1705616050616,-3.1705616050616
36,32.9625,3.0375000000000014
0,8.57,-8.57
23,26.627115384615387,-3.6271153846153865
3,3.6109079943300086,-0.6109079943300086
49,40.4,8.600000000000001
0,1.8127064266940396,-1.8127064266940396
50,33.615,16.384999999999998
0,17.6897380952381,-17.6897380952381
1,0.5333285262102329,0.46667147378976714
19,29.63590271493213,-10.63590271493213
41,26.73,14.27
25,41.61833333333333,-16.618333333333332
60,55.72,4.280000000000001
0,16.04222222222222,-16.04222222222222
0,17.155956043956042,-17.155956043956042
55,43.39646024151287,11.60353975848713
51,46.07233333333335,4.927666666666653
0,6.436666666666667,-6.436666666666667
33,35.27015404040404,-2.2701540404040372
1,1.4707976190476186,-0.47079761904761863
45,42.3,2.700000000000003
65,64.41,0.5900000000000034
52,25.545,26.455
36,21.41,14.59
52,38.41166666666666,13.588333333333338
0,6.422000000000001,-6.422000000000001
28,29.9,-1.8999999999999986
12,43.5825,-31.582500000000003
56,21.975,34.025
4,3.6109079943300086,0.38909200566999136
50,47.5,2.5
0,1.633357142857143,-1.633357142857143
46,36.36666666666667,9.633333333333333
10,35.266666666666666,-25.266666666666666
23,25.682619047619045,-2.6826190476190455
25,40.85,-15.850000000000001
20,35.54,-15.54
74,67.085,6.915000000000006
7,25.85,-18.85
38,29.68,8.32
46,41.56326086956522,4.4367391304347805
15,23.299,-8.299
49,44.0475,4.952500000000001
40,42.49,-2.490000000000002
0,0.7231610676475226,-0.7231610676475226
40,41.06066666666666,-1.0606666666666626
0,2.76,-2.76
51,30.4,20.6
18,15.27,2.7300000000000004
46,43.99166666666667,2.008333333333333
27,34.228556390977445,-7.228556390977445
65,27.614888888888892,37.38511111111111
46,43.85771428571428,2.1422857142857197
8,12.388333333333332,-4.388333333333332
50,44.91166666666667,5.088333333333331
47,43.23333333333334,3.7666666666666586
42,41.69,0.3100000000000023
20,37.29,-17.29
41,39.589,1.4110000000000014
0,27.2975,-27.2975
41,34.175,6.825000000000003
0,1.24,-1.24
44,41.20666666666667,2.7933333333333294
1,0.14867513788091916,0.8513248621190809
42,38.71,3.289999999999999
44,36.358000000000004,7.641999999999996
48,44.24,3.759999999999998
57,48.78916666666667,8.210833333333333
72,65.038,6.962000000000003
53,44.06166666666667,8.938333333333333
21,26.26,-5.260000000000002
75,73.14,1.8599999999999994
44,40.49,3.509999999999998
0,25.81,-25.81
43,42.12,0.8800000000000026
61,13.994801587301586,47.00519841269841
0,0.0,0.0
46,41.14,4.859999999999999
42,38.16607142857143,3.8339285714285722
9,22.085666666666665,-13.085666666666665
39,32.89333333333333,6.106666666666669
26,40.2325,-14.232500000000002
0,35.73,-35.73
24,39.08042857142858,-15.080428571428577
20,31.97,-11.969999999999999
65,40.75,24.25
42,43.1025,-1.1024999999999991
45,43.77,1.2299999999999969
17,34.672333333333334,-17.672333333333334
56,43.599333333333334,12.400666666666666
0,3.926,-3.926
68,57.36,10.64
59,47.738,11.262
18,44.565,-26.564999999999998
48,37.46,10.54
40,37.45090909090909,2.549090909090907
17,22.92,-5.920000000000002
13,21.093684210526316,-8.093684210526316
22,28.162045454545456,-6.162045454545456
38,38.60666666666666,-0.606666666666662
49,42.33666666666666,6.663333333333341
29,33.78666666666666,-4.786666666666662
24,18.64,5.359999999999999
51,48.62,2.3800000000000026
0,20.84230303030303,-20.84230303030303
0,1.24,-1.24
35,34.79933333333333,0.20066666666667032
22,39.135,-17.134999999999998
41,38.57666666666667,2.423333333333332
23,28.506738871635612,-5.506738871635612
26,39.97808333333333,-13.97808333333333
4,37.06414005602241,-33.06414005602241
23,32.651785714285715,-9.651785714285715
62,34.58857142857143,27.411428571428573
59,55.49,3.509999999999998
5,18.775,-13.774999999999999
30,36.46666666666667,-6.466666666666669
59,41.165,17.835
19,35.235,-16.235
41,39.5375,1.4624999999999986
29,32.33,-3.3299999999999983
20,30.154166666666665,-10.154166666666665
0,0.08150668775668775,-0.08150668775668775
44,45.25615384615385,-1.2561538461538504
41,28.10333333333333,12.896666666666668
49,46.226000000000006,2.773999999999994
22,22.01,-0.010000000000001563
22,22.06733333333333,-0.06733333333333036
0,2.7845992063492067,-2.7845992063492067
0,1.87,-1.87
0,40.84571428571429,-40.84571428571429
0,34.375,-34.375
62,35.99035714285714,26.009642857142858
62,55.93,6.07
22,26.098333333333336,-4.098333333333336
51,38.37319047619047,12.626809523809527
23,32.435,-9.435000000000002
34,40.42,-6.420000000000002
35,25.614583333333336,9.385416666666664
48,44.37333333333334,3.626666666666658
26,28.87,-2.870000000000001
32,34.2525,-2.2524999999999977
17,26.813333333333336,-9.813333333333336
70,37.69712121212121,32.30287878787879
37,40.84196428571428,-3.8419642857142833
48,33.636111111111106,14.363888888888894
57,42.462266666666665,14.537733333333335
24,33.882411347517724,-9.882411347517724
28,29.324333333333335,-1.3243333333333354
34,35.70333333333333,-1.7033333333333331
66,38.653484848484844,27.346515151515156
65,35.36963636363636,29.63036363636364
40,38.4,1.6000000000000014
0,5.33,-5.33
56,43.71076576576577,12.289234234234229
59,58.1775,0.822499999999998
45,41.268,3.7319999999999993
58,39.58,18.42
0,12.987324584600128,-12.987324584600128
77,71.095,5.905000000000001
44,40.678000000000004,3.3219999999999956
38,33.95,4.049999999999997
59,61.56811954711955,-2.568119547119551
39,39.67666666666666,-0.6766666666666623
19,30.796666666666667,-11.796666666666667
39,37.395,1.6049999999999969
31,34.0475,-3.0474999999999994
0,17.308333333333334,-17.308333333333334
0,0.24043741934879687,-0.24043741934879687
22,23.8,-1.8000000000000007
50,50.433285714285724,-0.4332857142857236
50,36.85666666666666,13.143333333333338
0,0.0,0.0
36,42.979375,-6.979374999999997
41,29.01,11.989999999999998
23,28.41,-5.41
2,3.43,-1.4300000000000002
36,36.82,-0.8200000000000003
43,43.62,-0.6199999999999974
45,44.08,0.9200000000000017
2,0.8056020923520922,1.1943979076479079
57,49.90666666666666,7.093333333333341
52,50.88,1.1199999999999974
22,39.055,-17.055
39,35.84166666666667,3.1583333333333314
44,44.60495454545455,-0.6049545454545466
51,47.887,3.1129999999999995
27,28.48,-1.4800000000000004
34,34.822857142857146,-0.8228571428571456
52,45.215714285714284,6.784285714285716
42,14.698,27.302
50,42.33,7.670000000000002
0,14.335,-14.335
22,31.043333333333337,-9.043333333333337
42,44.7135,-2.7135000000000034
59,43.775363636363636,15.224636363636364
43,39.123333333333335,3.876666666666665
23,22.000666666666667,0.9993333333333325
23,40.82,-17.82
11,32.23,-21.229999999999997
42,38.174904761904756,3.825095238095244
45,41.17845508658008,3.8215449134199204
44,41.181999999999995,2.818000000000005
28,37.25,-9.25
0,4.16,-4.16
31,19.081500000000002,11.918499999999998
43,39.06,3.9399999999999977
1,36.74999999999999,-35.74999999999999
18,27.573333333333334,-9.573333333333334
29,34.466818181818184,-5.466818181818184
8,44.99416666666666,-36.99416666666666
52,42.125,9.875
65,33.91797929606626,31.082020703933743
21,31.48,-10.48
13,42.22666666666666,-29.22666666666666
21,34.23274731182796,-13.232747311827957
0,10.143333333333334,-10.143333333333334
62,59.64,2.3599999999999994
57,48.65095238095238,8.349047619047617
40,38.98458333333333,1.0154166666666669
34,40.23,-6.229999999999997
21,16.46333333333333,4.536666666666669
0,1.2547329833479217,-1.2547329833479217
29,24.56,4.440000000000001
1,50.724853174603176,-49.724853174603176
63,46.00454545454546,16.995454545454542
25,18.414880952380955,6.585119047619045
22,32.24,-10.240000000000002
22,28.44,-6.440000000000001
77,74.54,2.4599999999999937
0,6.1,-6.1
51,32.96294871794872,18.03705128205128
53,47.77130434782609,5.228695652173911
50,31.05,18.95
7,27.960333333333335,-20.960333333333335
57,36.50666666666667,20.493333333333332
32,29.366428571428568,2.6335714285714324
4,43.12860222439388,-39.12860222439388
0,3.576666666666666,-3.576666666666666
40,41.775,-1.7749999999999986
21,35.97261904761905,-14.972619047619048
33,40.79,-7.789999999999999
14,30.16067226890756,-16.16067226890756
54,53.44,0.5600000000000023
0,0.87,-0.87
55,25.75,29.25
53,47.56,5.439999999999998
12,14.49,-2.49
56,45.37,10.630000000000003
67,60.99,6.009999999999998
35,27.5975,7.4025
44,44.53,-0.5300000000000011
32,39.8,-7.799999999999997
0,10.808776413129353,-10.808776413129353
0,0.0,0.0
34,32.321999999999996,1.6780000000000044
31,43.95066666666666,-12.950666666666663
30,49.1,-19.1
45,38.8,6.200000000000003
27,36.725833333333334,-9.725833333333334
44,46.2731746031746,-2.2731746031746027
0,14.733333333333334,-14.733333333333334
83,73.2015405555332,9.7984594444668
63,55.25,7.75
59,61.04857142857143,-2.048571428571428
38,26.194000000000003,11.805999999999997
12,19.93,-7.93
0,1.75,-1.75
56,45.20625,10.793750000000003
52,40.10071428571428,11.899285714285718
65,58.67,6.329999999999998
0,15.096666666666668,-15.096666666666668
52,49.92,2.0799999999999983
70,39.83,30.17
48,46.14,1.8599999999999994
0,25.159000000000002,-25.159000000000002
74,37.9532619047619,36.0467380952381
51,50.232,0.7680000000000007
1,0.03382892731669073,0.9661710726833093
26,37.281547619047615,-11.281547619047615
0,0.0,0.0
0,0.5333285262102329,-0.5333285262102329
57,31.144125,25.855875
44,37.832222222222214,6.167777777777786
28,33.49666666666666,-5.496666666666663
7,16.59,-9.59
16,37.5745,-21.5745
1,20.335,-19.335
47,36.73416666666667,10.265833333333333
52,37.82,14.18
26,45.32269230769231,-19.322692307692307
64,55.465,8.534999999999997
19,26.32,-7.32
42,44.76666666666666,-2.7666666666666586
51,46.68266666666668,4.317333333333323
43,41.19,1.8100000000000023
65,60.65666666666666,4.343333333333341
75,62.88,12.119999999999997
35,36.60666666666666,-1.606666666666662
40,39.255,0.7449999999999974
42,38.74,3.259999999999998
23,24.96,-1.9600000000000009
21,40.61855555555556,-19.61855555555556
18,29.12,-11.120000000000001
69,39.51638888888888,29.483611111111117
49,35.289928571428575,13.710071428571425
0,20.171666666666667,-20.171666666666667
22,22.25,-0.25
25,33.16,-8.159999999999997
43,32.00363636363637,10.996363636363633
60,48.61457142857142,11.385428571428577
0,10.593636363636366,-10.593636363636366
0,0.2083797313797313,-0.2083797313797313
48,38.86102951382983,9.138970486170173
66,65.435,0.5649999999999977
64,52.97,11.030000000000001
19,21.72,-2.719999999999999
45,40.66266666666667,4.3373333333333335
42,42.9,-0.8999999999999986
35,30.445166666666665,4.554833333333335
49,46.91,2.0900000000000034
0,10.064166666666667,-10.064166666666667
34,28.42809523809524,5.5719047619047615
26,30.12152380952381,-4.121523809523811
0,23.09223819915745,-23.09223819915745
22,38.05666666666667,-16.056666666666672
0,8.745,-8.745
0,0.32,-0.32
63,37.06875,25.93125
0,31.087564102564105,-31.087564102564105
27,32.27166666666667,-5.271666666666668
0,13.895,-13.895
36,30.642857142857142,5.357142857142858
0,1.1436121656121658,-1.1436121656121658
51,36.23583333333333,14.764166666666668
45,40.34,4.659999999999997
50,48.47,1.5300000000000011
30,34.486999999999995,-4.486999999999995
34,39.974833333333336,-5.974833333333336
14,22.1,-8.100000000000001
36,31.89,4.109999999999999
18,26.11,-8.11
21,23.318333333333335,-2.318333333333335
0,29.38666666666667,-29.38666666666667
44,43.94,0.060000000000002274
21,37.620666666666665,-16.620666666666665
18,25.734373626373625,-7.734373626373625
47,46.52,0.4799999999999969
40,39.79,0.21000000000000085
0,3.73,-3.73
27,43.07780303030303,-16.07780303030303
33,43.8775,-10.877499999999998
0,8.526666666666666,-8.526666666666666
40,31.931071428571435,8.068928571428565
49,32.64,16.36
26,38.876666666666665,-12.876666666666665
59,29.89,29.11
23,39.427,-16.427
52,45.0,7.0
49,47.93,1.0700000000000003
23,23.675,-0.6750000000000007
34,40.744166666666665,-6.744166666666665
77,36.43333333333334,40.56666666666666
21,31.19,-10.190000000000001
49,34.77,14.229999999999997
0,0.79,-0.79
62,53.58,8.420000000000002
29,43.4485,-14.448500000000003
53,52.62,0.38000000000000256
0,39.5775,-39.5775
32,32.51333333333333,-0.5133333333333283
22,32.80882352941177,-10.808823529411768
59,58.09,0.9099999999999966
0,43.50903388278388,-43.50903388278388
18,38.394999999999996,-20.394999999999996
0,2.76,-2.76
22,22.71666666666667,-0.7166666666666686
43,42.476000000000006,0.5239999999999938
22,20.24416666666667,1.7558333333333316
21,25.63,-4.629999999999999
0,32.311,-32.311
0,0.0,0.0
0,0.33226663927747524,-0.33226663927747524
0,28.26,-28.26
33,28.945,4.055
57,40.513333333333335,16.486666666666665
0,0.62,-0.62
46,35.83557142857143,10.164428571428573
0,0.0,0.0
20,50.31000000000001,-30.31000000000001
47,42.95090909090909,4.049090909090907
40,40.01988095238095,-0.019880952380951555
49,39.566875,9.433124999999997
30,41.2375,-11.237499999999997
83,22.62167467996924,60.37832532003076
50,35.95255844155844,14.047441558441562
33,36.536923076923074,-3.536923076923074
20,33.696,-13.695999999999998
81,80.58,0.4200000000000017
41,39.97,1.0300000000000011
40,38.19833333333334,1.8016666666666623
54,25.11,28.89
45,37.04454545454546,7.955454545454543
51,49.46,1.5399999999999991
20,28.77875,-8.778749999999999
44,24.101198075222264,19.898801924777736
46,45.53,0.46999999999999886
43,42.25,0.75
25,37.55619047619048,-12.55619047619048
25,31.912739938080495,-6.912739938080495
0,45.738727272727274,-45.738727272727274
38,37.05,0.9500000000000028
32,33.38,-1.3800000000000026
37,40.435047619047616,-3.435047619047616
61,32.146,28.854
71,42.57416666666666,28.425833333333337
16,26.36333333333333,-10.36333333333333
64,41.013999999999996,22.986000000000004
39,38.15,0.8500000000000014
42,36.57833333333333,5.421666666666667
9,17.944714285714284,-8.944714285714284
69,29.15608333333333,39.84391666666667
37,28.68,8.32
50,44.47833333333333,5.521666666666668
51,45.25642857142857,5.743571428571428
0,43.04448717948718,-43.04448717948718
15,34.35,-19.35
41,38.57666666666667,2.423333333333332
9,25.22,-16.22
43,42.02,0.9799999999999969
35,34.379666666666665,0.6203333333333347
0,17.434444444444445,-17.434444444444445
22,26.971333333333334,-4.971333333333334
28,39.76,-11.759999999999998
0,27.59994024917366,-27.59994024917366
19,37.32363636363637,-18.323636363636368
36,35.8,0.20000000000000284
86,10.711805302275668,75.28819469772434
45,40.6725,4.327500000000001
0,0.33226663927747524,-0.33226663927747524
59,29.765,29.235
40,35.021,4.978999999999999
30,32.605,-2.604999999999997
40,38.49,1.509999999999998
44,43.75,0.25
52,43.3260606060606,8.6739393939394
2,4.64,-2.6399999999999997
45,41.85166666666666,3.1483333333333405
34,34.48,-0.4799999999999969
17,21.69,-4.690000000000001
42,47.52333333333333,-5.523333333333333
23,32.83333333333333,-9.833333333333329
40,44.97,-4.969999999999999
73,39.249375,33.750625
47,32.925,14.075000000000003
35,34.810560606060605,0.18943939393939502
26,36.166666666666664,-10.166666666666664
12,33.38,-21.380000000000003
41,35.56166666666667,5.438333333333333
46,45.405,0.5949999999999989
0,3.41,-3.41
51,34.85933333333333,16.140666666666668
0,10.413482635198816,-10.413482635198816
31,37.20830769230769,-6.208307692307692
12,27.69212887989204,-15.692128879892039
0,6.794661440683501,-6.794661440683501
39,41.83041666666667,-2.8304166666666717
6,31.643589743589743,-25.643589743589743
0,22.234080086580093,-22.234080086580093
58,55.794761904761906,2.2052380952380943
56,22.54,33.46
39,37.7325,1.2674999999999983
0,45.89333333333333,-45.89333333333333
53,38.160805555555555,14.839194444444445
6,22.877,-16.877
39,41.14301470588235,-2.1430147058823508
45,28.83125,16.16875
0,0.0,0.0
0,0.0,0.0
0,40.54708333333333,-40.54708333333333
52,53.305,-1.3049999999999997
49,30.405833333333334,18.594166666666666
0,0.0,0.0
76,61.705,14.295000000000002
18,33.586,-15.585999999999999
24,34.655,-10.655000000000001
19,30.549407407407408,-11.549407407407408
0,0.1490912837162837,-0.1490912837162837
38,30.409000000000002,7.5909999999999975
56,29.979,26.021
19,31.902954545454545,-12.902954545454545
0,16.27981637806638,-16.27981637806638
80,75.6000984848485,4.399901515151498
58,42.30666666666667,15.693333333333328
0,33.447833333333335,-33.447833333333335
75,71.24,3.760000000000005
62,47.644,14.356000000000002
0,20.7915,-20.7915
51,37.72666666666667,13.273333333333333
15,36.88299145299146,-21.88299145299146
25,22.31,2.6900000000000013
32,42.37080952380952,-10.37080952380952
58,54.50666666666667,3.4933333333333323
56,54.35,1.6499999999999986
54,37.457611111111106,16.542388888888894
68,57.784444444444446,10.215555555555554
55,39.248474358974356,15.751525641025644
45,48.86333333333334,-3.863333333333337
46,46.07,-0.07000000000000028
11,10.22,0.7799999999999994
27,35.4675,-8.467500000000001
61,43.919,17.081000000000003
25,26.54,-1.5399999999999991
55,48.9,6.100000000000001
6,37.31020691434468,-31.310206914344683
51,37.785,13.215000000000003
0,10.030833333333334,-10.030833333333334
49,43.27125,5.728749999999998
38,38.111666666666665,-0.11166666666666458
17,33.03619047619048,-16.036190476190477
16,32.10333333333333,-16.10333333333333
57,41.66416666666666,15.33583333333334
37,31.04,5.960000000000001
43,38.458333333333336,4.541666666666664
23,21.117095238095235,1.882904761904765
15,19.866666666666664,-4.866666666666664
25,34.344166666666666,-9.344166666666666
43,42.01333333333334,0.9866666666666575
51,34.899803921568626,16.100196078431374
33,32.63,0.36999999999999744
37,37.37,-0.36999999999999744
0,33.64,-33.64
57,36.08,20.92
1,16.405,-15.405000000000001
36,35.735434609250404,0.2645653907495955
34,34.42285714285714,-0.42285714285713993
20,22.42,-2.4200000000000017
12,36.022666666666666,-24.022666666666666
57,36.403333333333336,20.596666666666664
51,44.42,6.579999999999998
48,43.74,4.259999999999998
50,30.57,19.43
33,26.392000000000003,6.607999999999997
10,17.75,-7.75
0,3.14,-3.14
49,47.64,1.3599999999999994
47,45.22,1.7800000000000011
58,38.81238888888888,19.187611111111117
33,30.962702702702703,2.0372972972972967
37,35.02,1.9799999999999969
61,47.87088450292397,13.129115497076029
56,46.89,9.11
42,42.63666666666666,-0.6366666666666632
34,34.11620995670995,-0.11620995670995171
43,42.43600000000001,0.563999999999993
21,29.54,-8.54
22,15.574333333333332,6.425666666666668
43,31.958000000000002,11.041999999999998
51,42.09833333333333,8.90166666666667
47,45.81,1.1899999999999977
28,31.46,-3.460000000000001
1,0.45858920084915505,0.541410799150845
51,51.09583333333333,-0.09583333333333144
54,1.178,52.822
39,25.228999999999996,13.771000000000004
47,47.57333333333334,-0.5733333333333377
44,44.4,-0.3999999999999986
29,35.92547619047619,-6.925476190476189
44,41.95,2.049999999999997
35,26.785,8.215
68,62.6,5.399999999999999
68,30.210151515151516,37.789848484848484
51,51.27,-0.2700000000000031
48,47.7,0.29999999999999716
0,17.215,-17.215
18,26.629999999999995,-8.629999999999995
51,41.27,9.729999999999997
0,29.38,-29.38
33,42.32033333333333,-9.32033333333333
18,36.64666666666667,-18.64666666666667
0,0.10058983471266915,-0.10058983471266915
52,27.929166666666664,24.070833333333336
45,46.16,-1.1599999999999966
18,27.7,-9.7
46,44.63083333333333,1.369166666666672
56,35.17216666666667,20.82783333333333
26,34.876666666666665,-8.876666666666665
7,17.56,-10.559999999999999
72,67.34,4.659999999999997
0,1.9481883949383954,-1.9481883949383954
14,30.230833333333337,-16.230833333333337
20,15.87,4.130000000000001
0,10.711805302275668,-10.711805302275668
54,40.748114035087724,13.251885964912276
0,1.2226888944388943,-1.2226888944388943
12,23.21,-11.21
40,39.3455,0.6544999999999987
0,17.34,-17.34
19,39.36416666666666,-20.364166666666662
44,41.99666666666667,2.0033333333333303
34,34.265,-0.26500000000000057
24,27.944666666666663,-3.944666666666663
21,29.545,-8.545000000000002
19,42.032,-23.031999999999996
60,37.60666666666667,22.39333333333333
35,41.175,-6.174999999999997
28,26.631666666666664,1.3683333333333358
26,29.93,-3.9299999999999997
45,39.740427432216904,5.259572567783096
0,17.557607843137255,-17.557607843137255
0,13.85590909090909,-13.85590909090909
58,57.93,0.07000000000000028
37,43.925,-6.924999999999997
44,41.20666666666667,2.7933333333333294
67,66.59,0.4099999999999966
47,34.015499999999996,12.984500000000004
0,0.53,-0.53
60,23.374334365325076,36.625665634674924
22,33.73,-11.729999999999997
62,51.01,10.990000000000002
46,41.905,4.094999999999999
77,36.65966666666666,40.34033333333334
36,34.79690476190476,1.203095238095237
14,23.995,-9.995000000000001
0,8.436666666666667,-8.436666666666667
0,24.488293650793647,-24.488293650793647
0,0.0,0.0
72,56.574,15.426000000000002
18,31.595,-13.594999999999999
22,22.27,-0.2699999999999996
45,41.11222222222223,3.887777777777771
0,0.0,0.0
44,39.260222222222225,4.739777777777775
18,30.427142857142858,-12.427142857142858
1,31.6465,-30.6465
57,50.08411904761904,6.9158809523809595
41,42.34,-1.3400000000000034
0,3.02,-3.02
45,29.424166666666668,15.575833333333332
23,23.051490058488817,-0.051490058488816715
48,35.27,12.729999999999997
41,36.04,4.960000000000001
0,43.179523809523815,-43.179523809523815
42,36.79875,5.201250000000002
71,67.08,3.9200000000000017
41,41.51,-0.509999999999998
70,51.16666666666667,18.83333333333333
33,36.49,-3.490000000000002
0,36.0975,-36.0975
31,30.43875,0.5612500000000011
25,25.203333333333333,-0.20333333333333314
30,19.58,10.420000000000002
56,48.86,7.140000000000001
42,39.775333333333336,2.224666666666664
0,13.183333333333332,-13.183333333333332
43,46.78333333333333,-3.7833333333333314
37,42.082,-5.082000000000001
26,34.96505952380952,-8.965059523809522
45,20.97,24.03
0,0.0,0.0
8,22.88,-14.879999999999999
46,45.92,0.0799999999999983
50,42.68600000000001,7.313999999999993
48,34.01892857142857,13.981071428571433
30,36.905,-6.905000000000001
39,43.14190476190476,-4.141904761904762
54,44.22066666666667,9.779333333333327
57,31.38,25.62
58,56.622,1.3780000000000001
65,64.32,0.6800000000000068
33,38.04828571428571,-5.048285714285711
23,21.27,1.7300000000000004
39,31.02333333333333,7.97666666666667
39,38.81,0.18999999999999773
49,59.229,-10.229
57,39.431666666666665,17.568333333333335
50,50.294,-0.29399999999999693
50,26.787142857142857,23.212857142857143
20,28.54,-8.54
28,42.08117948717949,-14.08117948717949
2,22.6545,-20.6545
36,37.641000000000005,-1.6410000000000053
63,54.12200000000001,8.877999999999993
0,11.986666666666668,-11.986666666666668
53,31.225,21.775
49,30.81866666666667,18.18133333333333
47,39.135,7.865000000000002
42,41.352,0.6480000000000032
44,44.8,-0.7999999999999972
77,76.74,0.2600000000000051
47,39.792833333333334,7.207166666666666
37,42.248999999999995,-5.248999999999995
59,25.08136519036519,33.91863480963481
49,28.541666666666664,20.458333333333336
62,62.155,-0.15500000000000114
58,39.214333333333336,18.785666666666664
12,34.42,-22.42
30,37.006344155844154,-7.006344155844154
57,38.47868253968254,18.521317460317462
62,51.849833333333336,10.150166666666664
56,45.48,10.520000000000003
47,47.84,-0.8400000000000034
19,37.45,-18.450000000000003
38,35.946666666666665,2.0533333333333346
20,35.45372727272727,-15.45372727272727
42,41.87083333333333,0.12916666666666998
29,29.57,-0.5700000000000003
43,52.089,-9.088999999999999
43,40.75666666666667,2.2433333333333323
24,22.855,1.1449999999999996
30,27.115,2.8850000000000016
51,22.88,28.12
26,33.39,-7.390000000000001
0,15.889805795511672,-15.889805795511672
0,0.0,0.0
50,41.31666666666666,8.683333333333337
56,37.325833333333335,18.674166666666665
0,9.336401515151515,-9.336401515151515
64,58.195,5.805
29,29.95,-0.9499999999999993
33,32.01983333333334,0.980166666666662
5,28.1,-23.1
1,5.486000000000001,-4.486000000000001
20,23.32,-3.3200000000000003
23,21.31,1.6900000000000013
67,36.90116666666667,30.09883333333333
0,12.98,-12.98
0,15.213,-15.213
51,39.07,11.93
4,1.1532498291524909,2.846750170847509
53,43.91,9.090000000000003
63,36.45997154471545,26.54002845528455
32,41.49647619047619,-9.496476190476187
49,40.148690476190474,8.851309523809526
31,32.14,-1.1400000000000006
38,32.96682603686636,5.033173963133642
11,25.559666666666672,-14.559666666666672
40,40.92666666666666,-0.9266666666666623
76,56.515,19.485
16,29.43455555555556,-13.434555555555558
22,21.16,0.8399999999999999
62,44.82683333333333,17.173166666666667
0,0.20999968853203757,-0.20999968853203757
32,31.68,0.3200000000000003
66,61.59,4.409999999999997
0,2.09,-2.09
48,45.3725,2.6274999999999977
0,0.77,-0.77
21,27.26,-6.260000000000002
68,61.4,6.600000000000001
16,34.8181,-18.8181
38,32.05109941520468,5.948900584795318
44,43.833999999999996,0.16600000000000392
88,78.45856026326615,9.54143973673385
81,40.8327619047619,40.1672380952381
41,39.68,1.3200000000000003
0,1.56,-1.56
43,39.51,3.490000000000002
37,38.86,-1.8599999999999994
57,24.4,32.6
1,10.523333333333333,-9.523333333333333
72,71.88,0.12000000000000455
50,45.015666666666675,4.984333333333325
22,26.28,-4.280000000000001
28,46.64,-18.64
66,63.310032467532466,2.6899675324675343
35,29.49,5.510000000000002
61,45.75666666666667,15.243333333333332
69,55.72,13.280000000000001
0,2.4636779074414283,-2.4636779074414283
0,0.2859250471750471,-0.2859250471750471
62,39.126,22.874000000000002
53,39.818000000000005,13.181999999999995
21,37.48083333333334,-16.480833333333337
21,37.23,-16.229999999999997
15,26.595,-11.594999999999999
48,42.98,5.020000000000003
9,27.11,-18.11
36,33.22,2.780000000000001
72,61.525,10.475000000000001
7,3.6109079943300086,3.3890920056699914
52,51.72,0.28000000000000114
20,23.92,-3.9200000000000017
0,8.06,-8.06
49,44.07166666666667,4.9283333333333275
0,4.178999999999999,-4.178999999999999
52,48.35416666666666,3.645833333333343
47,40.865,6.134999999999998
29,34.05,-5.049999999999997
33,35.52611111111111,-2.5261111111111134
22,22.93,-0.9299999999999997
76,58.03,17.97
0,2.321595238095239,-2.321595238095239
39,44.2,-5.200000000000003
63,61.89,1.1099999999999994
10,18.61,-8.61
3,14.165,-11.165
48,45.93,2.0700000000000003
33,35.7,-2.700000000000003
0,0.0,0.0
23,21.17,1.8299999999999983
55,38.635,16.365000000000002
60,37.5,22.5
0,34.4455,-34.4455
33,31.09777777777778,1.9022222222222211
56,43.32166666666666,12.678333333333342
32,39.05,-7.049999999999997
36,39.42857142857143,-3.4285714285714306
44,37.477,6.523000000000003
32,40.555,-8.555
63,62.82,0.17999999999999972
38,38.735,-0.7349999999999994
31,44.7575,-13.7575
57,52.16,4.840000000000003
37,43.23666666666667,-6.236666666666672
25,34.525,-9.524999999999999
70,69.3,0.7000000000000028
23,44.692,-21.692
2,4.42,-2.42
0,28.766,-28.766
36,39.99,-3.990000000000002
50,34.00333333333333,15.99666666666667
39,39.08,-0.0799999999999983
20,20.76214285714286,-0.7621428571428588
23,27.89,-4.890000000000001
18,21.991999999999997,-3.9919999999999973
47,40.187333333333335,6.812666666666665
42,39.9,2.1000000000000014
25,29.129603174603172,-4.129603174603172
51,49.38,1.6199999999999974
65,35.544000000000004,29.455999999999996
0,0.14867513788091916,-0.14867513788091916
25,39.92142857142857,-14.92142857142857
0,2.4266666666666667,-2.4266666666666667
21,33.4475,-12.447499999999998
19,29.07,-10.07
74,59.88166666666666,14.11833333333334
0,0.7232299082989195,-0.7232299082989195
45,42.73454545454546,2.2654545454545385
46,42.02,3.979999999999997
0,53.865,-53.865
20,30.848333333333336,-10.848333333333336
23,22.21,0.7899999999999991
54,47.32,6.68
42,36.58833333333333,5.411666666666669
1,3.87,-2.87
27,22.327809523809528,4.6721904761904725
40,42.88,-2.8800000000000026
44,39.37425,4.6257499999999965
13,34.29,-21.29
31,35.395,-4.395000000000003
33,36.48,-3.479999999999997
49,32.2825,16.7175
57,32.257666666666665,24.742333333333335
70,57.19,12.810000000000002
24,30.99,-6.989999999999998
56,37.78666666666666,18.21333333333334
27,32.3878319327731,-5.3878319327731035
75,66.385,8.614999999999995
46,40.21313725490196,5.786862745098041
60,49.885,10.115000000000002
37,32.1125,4.887500000000003
56,53.72,2.280000000000001
33,30.962702702702703,2.0372972972972967
52,43.04694444444445,8.95305555555555
62,50.6275,11.372500000000002
3,17.925,-14.925
29,32.627833333333335,-3.627833333333335
47,33.93857142857143,13.061428571428571
0,43.179523809523815,-43.179523809523815
22,42.767250000000004,-20.767250000000004
57,45.92583333333334,11.074166666666663
58,46.599,11.401000000000003
43,35.53525089605735,7.464749103942651
0,5.111111111111111,-5.111111111111111
21,32.51,-11.509999999999998
20,19.29,0.7100000000000009
81,72.02,8.980000000000004
53,38.85166666666667,14.148333333333333
2,15.1,-13.1
70,60.42307692307693,9.576923076923073
11,13.998333333333333,-2.998333333333333
13,26.487548872180454,-13.487548872180454
24,23.98,0.019999999999999574
1,0.11888023040770715,0.8811197695922929
66,53.62,12.380000000000003
41,38.35,2.6499999999999986
70,56.91,13.090000000000003
19,27.385,-8.385000000000002
61,29.965,31.035
48,47.79550000000001,0.2044999999999888
44,39.8075,4.192500000000003
44,44.67,-0.6700000000000017
22,36.82,-14.82
27,33.336666666666666,-6.336666666666666
40,36.62,3.3800000000000026
45,44.64,0.35999999999999943
20,36.87,-16.869999999999997
84,28.758714285714287,55.24128571428571
22,38.44380952380952,-16.44380952380952
0,6.235,-6.235
25,35.13438596491228,-10.134385964912283
40,38.483333333333334,1.5166666666666657
64,27.115,36.885000000000005
43,45.757999999999996,-2.7579999999999956
29,31.57333333333333,-2.5733333333333306
5,22.54,-17.54
65,57.86,7.140000000000001
5,25.95,-20.95
73,46.15916666666667,26.84083333333333
39,36.075,2.924999999999997
21,30.37,-9.370000000000001
43,40.32196078431372,2.678039215686283
3,24.215,-21.215
36,35.21,0.7899999999999991
33,35.46,-2.460000000000001
31,37.06916666666667,-6.069166666666668
48,43.848,4.152000000000001
23,29.065,-6.065000000000001
44,35.8345,8.165500000000002
47,44.33,2.6700000000000017
28,31.614986789554532,-3.614986789554532
33,41.30955555555556,-8.309555555555562
39,33.4,5.600000000000001
1,10.24,-9.24
53,34.69,18.310000000000002
39,37.74102564102564,1.2589743589743634
58,54.51,3.490000000000002
56,48.96333333333334,7.036666666666662
7,21.517777777777777,-14.517777777777777
78,38.552142857142854,39.447857142857146
11,20.205,-9.204999999999998
32,34.356,-2.3560000000000016
60,24.4975,35.5025
0,22.209487179487176,-22.209487179487176
15,24.0175,-9.017499999999998
0,51.3,-51.3
50,28.17,21.83
42,43.39833333333334,-1.3983333333333405
21,22.62,-1.620000000000001
0,0.0,0.0
72,45.95,26.049999999999997
0,2.39,-2.39
0,22.351190126952517,-22.351190126952517
51,47.575,3.424999999999997
45,45.486999999999995,-0.48699999999999477
9,38.46942857142857,-29.469428571428573
58,39.7875,18.2125
22,24.5975,-2.5975
0,4.2,-4.2
23,32.766041666666666,-9.766041666666666
0,46.92363636363636,-46.92363636363636
57,37.65293333333333,19.34706666666667
0,8.123149211899213,-8.123149211899213
0,9.03,-9.03
41,40.63545454545454,0.36454545454545695
0,11.52,-11.52
56,37.83,18.17
53,24.19,28.81
20,19.09,0.9100000000000001
1,0.1747644789616588,0.8252355210383412
34,33.00181818181818,0.9981818181818198
0,1.01,-1.01
62,58.525,3.4750000000000014
50,43.26,6.740000000000002
0,5.183333333333333,-5.183333333333333
13,32.7,-19.700000000000003
29,34.501999999999995,-5.501999999999995
0,32.080041666666666,-32.080041666666666
28,20.825,7.175000000000001
20,30.66,-10.66
28,34.35,-6.350000000000001
43,28.805,14.195
49,36.78,12.219999999999999
68,59.28,8.719999999999999
26,30.14142857142857,-4.14142857142857
59,33.417142857142856,25.582857142857144
42,40.64,1.3599999999999994
48,22.85,25.15
41,41.0925,-0.09250000000000114
65,64.42,0.5799999999999983
18,23.117752639517345,-5.117752639517345
31,38.87809523809524,-7.878095238095241
83,66.17,16.83
66,38.33,27.67
85,66.65085714285715,18.34914285714285
59,51.47,7.530000000000001
0,2.050333333333333,-2.050333333333333
41,36.452222222222225,4.547777777777775
26,29.27783333333333,-3.27783333333333
26,38.15,-12.149999999999999
37,36.15054212454212,0.8494578754578797
21,30.695833333333336,-9.695833333333336
0,39.64,-39.64
23,22.27,0.7300000000000004
50,45.16519480519481,4.834805194805192
0,1.16,-1.16
28,25.75,2.25
2,40.8327619047619,-38.8327619047619
60,55.17776695526696,4.822233044733039
19,25.745,-6.745000000000001
0,0.0,0.0
48,32.545,15.454999999999998
82,66.61272727272727,15.38727272727273
22,32.49,-10.490000000000002
33,41.885,-8.884999999999998
21,35.617015873015866,-14.617015873015866
68,55.7,12.299999999999997
3,11.315,-8.315
20,30.37,-10.370000000000001
49,40.917,8.082999999999998
0,15.05,-15.05
39,43.73,-4.729999999999997
0,0.07541200886974668,-0.07541200886974668
0,13.376666666666667,-13.376666666666667
22,38.39333333333334,-16.393333333333338
0,14.023333333333333,-14.023333333333333
2,1.1123137125461975,0.8876862874538025
22,26.600476190476186,-4.600476190476186
53,51.27,1.7299999999999969
47,42.406000000000006,4.593999999999994
20,21.52551602564103,-1.5255160256410285
49,26.82875,22.17125
69,31.744642857142857,37.25535714285714
73,64.0,9.0
27,30.9163768115942,-3.9163768115942013
15,30.502,-15.501999999999999
0,6.047236897089837,-6.047236897089837
70,37.481,32.519
31,39.075,-8.075000000000003
27,30.712,-3.7119999999999997
53,37.17444444444445,15.825555555555553
0,3.94,-3.94
69,57.07401515151515,11.925984848484852
22,33.44,-11.439999999999998
16,30.1,-14.100000000000001
28,24.403690476190476,3.5963095238095235
55,39.44,15.560000000000002
18,16.895,1.1050000000000004
2,2.10132079032079,-0.10132079032079
2,0.9881782751020538,1.0118217248979462
75,41.37666666666667,33.62333333333333
55,34.76025,20.23975
0,6.188714231760672,-6.188714231760672
24,25.12,-1.120000000000001
19,40.209,-21.209000000000003
4,5.254000000000001,-1.2540000000000013
0,0.0,0.0
6,36.547619047619044,-30.547619047619044
43,38.89422222222222,4.1057777777777815
27,26.385432900432896,0.614567099567104
22,23.774428571428572,-1.7744285714285724
44,39.93,4.07
42,39.47,2.530000000000001
54,34.575714285714284,19.424285714285716
76,49.04208842292275,26.957911577077248
44,35.44833333333334,8.551666666666662
29,30.811500000000002,-1.8115000000000023
38,34.77,3.229999999999997
34,34.18,-0.17999999999999972
60,27.2975,32.7025
26,32.04,-6.039999999999999
0,0.0,0.0
0,1.33,-1.33
0,0.0,0.0
55,49.21,5.789999999999999
0,0.0,0.0
25,40.62166666666666,-15.621666666666663
52,50.19593137254902,1.804068627450981
33,32.67,0.3299999999999983
13,32.02422222222222,-19.02422222222222
56,50.218,5.7819999999999965
38,40.7935,-2.7935000000000016
77,76.79,0.20999999999999375
28,34.77166666666667,-6.771666666666668
66,46.8275,19.1725
25,19.39,5.609999999999999
20,35.87166666666667,-15.87166666666667
0,1.42377380952381,-1.42377380952381
51,44.19,6.810000000000002
42,33.35457575757576,8.645424242424241
52,35.13,16.869999999999997
44,45.62,-1.6199999999999974
44,48.43016666666667,-4.430166666666672
35,37.17833333333333,-2.1783333333333275
0,27.495,-27.495
21,30.9,-9.899999999999999
30,39.86833333333333,-9.868333333333332
60,57.93,2.0700000000000003
0,18.005,-18.005
28,32.626666666666665,-4.626666666666665
29,51.04333333333334,-22.043333333333337
32,38.43198412698413,-6.431984126984133
31,27.978333333333335,3.0216666666666647
48,46.526,1.4739999999999966
54,42.455,11.545000000000002
28,38.76,-10.759999999999998
0,19.14,-19.14
81,63.73,17.270000000000003
27,26.74,0.26000000000000156
0,2.29,-2.29
0,1.9127272727272728,-1.9127272727272728
20,28.187428571428573,-8.187428571428573
0,0.0,0.0
36,33.66,2.3400000000000034
75,64.858,10.141999999999996
22,31.544523809523806,-9.544523809523806
56,36.101333333333336,19.898666666666664
17,32.00333333333334,-15.003333333333337
42,36.127554347826084,5.872445652173916
66,35.396,30.604
27,38.104,-11.104
40,41.0305,-1.0305000000000035
19,28.811999999999998,-9.811999999999998
55,42.03214285714285,12.967857142857149
27,38.5675,-11.567500000000003
0,4.89,-4.89
2,15.627333333333333,-13.627333333333333
0,22.42,-22.42
29,28.31,0.6900000000000013
12,29.07,-17.07
21,32.35,-11.350000000000001
6,31.85,-25.85
23,28.06,-5.059999999999999
25,15.13,9.87
14,25.77,-11.77
30,40.71,-10.71
15,40.24,-25.240000000000002
30,41.92,-11.920000000000002
32,39.950500000000005,-7.950500000000005
1,15.097166666666665,-14.097166666666665
36,43.89,-7.890000000000001
25,34.39181818181818,-9.39181818181818
30,25.25,4.75
50,43.2125,6.787500000000001
0,0.87,-0.87
61,33.39085714285714,27.609142857142857
31,31.24,-0.23999999999999844
0,16.48090909090909,-16.48090909090909
48,33.20458333333333,14.795416666666668
22,43.22666666666667,-21.226666666666667
17,29.241,-12.241
14,18.622,-4.622
16,38.933365384615385,-22.933365384615385
0,2.63,-2.63
70,25.920660256410255,44.07933974358974
27,34.924,-7.9239999999999995
23,32.35125,-9.35125
0,48.078714285714284,-48.078714285714284
39,40.30571428571429,-1.3057142857142878
0,7.374,-7.374
56,51.55333333333333,4.4466666666666725
50,40.62,9.380000000000003
24,13.77,10.23
0,1.4970873015873019,-1.4970873015873019
45,37.416666666666664,7.583333333333336
26,44.81,-18.810000000000002
0,3.62,-3.62
23,27.185,-4.184999999999999
7,24.755,-17.755
15,20.206666666666667,-5.206666666666667
28,41.14266666666666,-13.142666666666663
0,4.35,-4.35
4,27.956666666666663,-23.956666666666663
42,41.63,0.36999999999999744
57,47.16,9.840000000000003
20,25.125,-5.125
26,36.49681818181818,-10.496818181818178
21,33.92,-12.920000000000002
84,37.03580952380952,46.96419047619048
69,35.523666666666664,33.476333333333336
61,63.4475,-2.447499999999998
0,19.655,-19.655
38,37.1115,0.8885000000000005
0,38.39398484848485,-38.39398484848485
19,31.0125,-12.0125
62,54.67488095238095,7.325119047619047
46,41.41095238095239,4.589047619047612
65,53.91,11.090000000000003
42,42.52,-0.5200000000000031
78,65.44,12.560000000000002
49,27.81404761904762,21.18595238095238
57,38.15542857142857,18.844571428571427
0,1.475767589875612,-1.475767589875612
44,42.18,1.8200000000000003
23,27.084166666666665,-4.084166666666665
14,35.832321428571426,-21.832321428571426
85,82.77,2.230000000000004
23,27.702666666666666,-4.702666666666666
0,3.94,-3.94
46,45.4888051948052,0.5111948051947977
0,29.6,-29.6
0,27.07,-27.07
41,44.8025,-3.802500000000002
46,34.48916666666666,11.510833333333338
31,28.82,2.1799999999999997
39,36.64333333333334,2.356666666666662
12,26.23,-14.23
11,33.66428571428572,-22.664285714285718
43,33.34,9.659999999999997
40,42.43,-2.4299999999999997
16,32.39,-16.39
38,41.86372670807454,-3.8637267080745374
58,31.042333333333335,26.957666666666665
53,50.321999999999996,2.6780000000000044
0,5.9,-5.9
24,25.22,-1.2199999999999989
40,24.513333333333335,15.486666666666665
22,23.935,-1.9349999999999987
63,62.06,0.9399999999999977
67,34.58655392755393,32.41344607244607
0,7.36,-7.36
21,39.595555555555556,-18.595555555555556
33,43.95416666666667,-10.954166666666673
40,30.423333333333332,9.576666666666668
30,26.33,3.6700000000000017
36,20.60212121212121,15.397878787878788
29,31.34,-2.34
0,0.3635672562731386,-0.3635672562731386
44,41.995,2.0050000000000026
30,36.425,-6.424999999999997
71,54.84015873015873,16.159841269841273
1,50.724853174603176,-49.724853174603176
78,34.855,43.145
59,51.382271689289446,7.617728310710554
56,35.66,20.340000000000003
34,38.54,-4.539999999999999
58,57.07,0.9299999999999997
35,26.425,8.575
27,26.95,0.05000000000000071
83,79.53,3.469999999999999
22,42.57333333333333,-20.57333333333333
66,65.29,0.7099999999999937
57,40.779,16.220999999999997
47,46.8,0.20000000000000284
26,28.62517857142857,-2.6251785714285703
24,28.64,-4.640000000000001
53,33.649166666666666,19.350833333333334
82,26.561999999999998,55.438
64,29.42,34.58
67,37.542,29.458
34,40.42583333333334,-6.425833333333337
42,38.39,3.6099999999999994
66,34.609754901960784,31.390245098039216
17,23.268,-6.268000000000001
51,23.6575,27.3425
0,19.2938303030303,-19.2938303030303
11,29.4525,-18.4525
8,30.557142857142857,-22.557142857142857
26,42.18,-16.18
20,40.505,-20.505000000000003
24,27.81518325791855,-3.8151832579185516
62,52.776666666666664,9.223333333333336
28,46.57,-18.57
22,40.285,-18.284999999999997
20,30.0525,-10.052499999999998
37,30.29,6.710000000000001
2,0.5503035831669275,1.4496964168330724
56,52.83,3.1700000000000017
1,1.69,-0.69
54,43.01166666666667,10.98833333333333
45,36.76166666666666,8.238333333333337
20,33.9475,-13.947499999999998
42,38.71,3.289999999999999
65,36.95171428571428,28.04828571428572
48,42.53,5.469999999999999
56,41.66416666666666,14.33583333333334
59,33.86,25.14
61,60.41,0.5900000000000034
20,34.45666666666667,-14.45666666666667
64,47.44,16.560000000000002
48,39.078,8.921999999999997
62,60.29,1.7100000000000009
66,36.494,29.506
40,42.17,-2.1700000000000017
53,46.75333333333334,6.246666666666663
52,36.59833333333333,15.40166666666667
53,40.9515,12.048499999999997
48,45.48,2.520000000000003
47,25.945999999999998,21.054000000000002
59,31.830666666666666,27.169333333333334
45,44.0,1.0
65,43.98916666666666,21.010833333333338
64,38.405,25.595
38,37.91,0.09000000000000341
30,40.88466666666667,-10.884666666666668
59,33.29,25.71
17,25.54806818181818,-8.54806818181818
66,40.21511904761905,25.784880952380952
3,8.715653582704599,-5.715653582704599
55,63.82615007215005,-8.82615007215005
44,44.916333333333334,-0.9163333333333341
0,40.2375,-40.2375
5,19.7,-14.7
2,0.47628164267792733,1.5237183573220727
0,0.7232299082989195,-0.7232299082989195
28,34.68,-6.68
50,33.684285714285714,16.315714285714286
0,2.85,-2.85
70,60.09,9.909999999999997
33,30.463495424322055,2.536504575677945
52,50.47,1.5300000000000011
65,64.05,0.9500000000000028
37,34.416666666666664,2.5833333333333357
49,46.39666666666666,2.603333333333339
73,32.91410256410256,40.08589743589744
68,40.39,27.61
21,36.365,-15.365000000000002
0,1.24,-1.24
15,18.45,-3.4499999999999993
56,26.97,29.03
41,33.118,7.881999999999998
47,42.36833333333333,4.631666666666668
0,0.13261983278159745,-0.13261983278159745
6,29.32,-23.32
60,42.48558897243108,17.51441102756892
10,16.85,-6.850000000000001
41,28.929816849816852,12.070183150183148
54,31.12166666666667,22.87833333333333
53,32.40681818181818,20.59318181818182
37,53.32,-16.32
22,20.34,1.6600000000000001
0,18.5175,-18.5175
0,0.2628809523809523,-0.2628809523809523
6,39.664,-33.664
41,37.857,3.1430000000000007
20,38.64,-18.64
39,41.275,-2.2749999999999986
39,34.4275,4.572499999999998
29,41.275,-12.274999999999999
47,48.98833333333333,-1.9883333333333297
0,0.0,0.0
31,43.43,-12.43
53,37.95933333333333,15.040666666666667
25,38.035714285714285,-13.035714285714285
77,64.73904761904762,12.260952380952375
29,29.84666666666667,-0.8466666666666711
66,38.034595238095235,27.965404761904765
0,0.0,0.0
71,31.005,39.995000000000005
67,36.85,30.15
41,34.73,6.270000000000003
0,1.24,-1.24
47,35.64333333333334,11.356666666666662
57,36.998125,20.001875
42,31.879929971988794,10.120070028011206
42,25.66,16.34
30,38.36515151515152,-8.365151515151517
60,57.07,2.9299999999999997
43,41.698571428571434,1.3014285714285663
43,40.43,2.5700000000000003
60,54.40375,5.596249999999998
46,37.63125,8.368749999999999
49,43.01333333333333,5.986666666666672
61,32.193333333333335,28.806666666666665
67,28.935494270435452,38.064505729564544
0,0.3750751339545305,-0.3750751339545305
3,5.765,-2.7649999999999997
0,1.05,-1.05
55,37.76375,17.23625
24,36.8475,-12.847499999999997
58,35.30083333333334,22.699166666666663
64,55.11,8.89
63,41.58,21.42
22,24.95228571428572,-2.9522857142857184
41,37.76083333333334,3.2391666666666623
41,27.77,13.23
56,22.08,33.92
35,39.403333333333336,-4.403333333333336
39,37.11666666666667,1.8833333333333329
58,49.725,8.274999999999999
29,31.24944202898551,-2.2494420289855093
34,40.14,-6.140000000000001
23,41.36320238095237,-18.363202380952373
48,42.11833333333333,5.881666666666668
33,37.0,-4.0
30,32.27,-2.270000000000003
21,27.27833333333333,-6.278333333333329
0,6.844772727272727,-6.844772727272727
74,40.431666666666665,33.568333333333335
14,14.56,-0.5600000000000005
43,38.890027777777775,4.1099722222222255
0,6.37375,-6.37375
44,44.01232142857143,-0.012321428571432591
28,39.79839393939394,-11.79839393939394
10,20.16,-10.16
71,64.16,6.840000000000003
75,37.32333333333333,37.67666666666667
0,0.0,0.0
41,41.28142857142857,-0.28142857142857025
41,36.82666666666667,4.173333333333332
53,48.62,4.380000000000003
1,43.69833333333334,-42.69833333333334
23,36.89,-13.89
33,41.845,-8.844999999999999
0,0.07541200886974668,-0.07541200886974668
39,38.68,0.3200000000000003
22,26.025,-4.024999999999999
60,33.6655,26.3345
22,31.017,-9.017
22,28.083333333333336,-6.083333333333336
35,33.45315789473684,1.5468421052631598
31,43.776666666666664,-12.776666666666664
34,38.81,-4.810000000000002
1,1.87,-0.8700000000000001
47,46.1,0.8999999999999986
54,41.4,12.600000000000001
45,36.68,8.32
16,23.24166666666667,-7.241666666666671
34,36.42,-2.4200000000000017
33,29.02333333333333,3.97666666666667
25,38.43333333333334,-13.433333333333337
35,41.23333333333334,-6.233333333333341
61,39.80342857142857,21.19657142857143
0,3.43564059504879,-3.43564059504879
3,13.73,-10.73
45,36.365,8.634999999999998
0,48.000097402597405,-48.000097402597405
9,40.44,-31.439999999999998
9,5.876,3.1239999999999997
79,65.38,13.620000000000005
81,79.78,1.2199999999999989
31,28.7,2.3000000000000007
67,53.95666666666667,13.04333333333333
21,43.3675,-22.3675
20,25.600113636363634,-5.600113636363634
21,9.24,11.76
6,3.6109079943300086,2.3890920056699914
33,32.43,0.5700000000000003
22,22.54,-0.5399999999999991
47,34.486666666666665,12.513333333333335
57,42.35,14.649999999999999
31,32.35,-1.3500000000000014
18,20.285,-2.285
84,78.61,5.390000000000001
86,77.79811111111111,8.201888888888888
0,1.22,-1.22
0,41.14222222222222,-41.14222222222222
26,25.535999999999998,0.4640000000000022
0,11.110595238095238,-11.110595238095238
66,42.87909090909091,23.120909090909088
21,27.88416666666667,-6.884166666666669
47,39.916666666666664,7.083333333333336
35,33.28333333333333,1.7166666666666686
11,31.8125,-20.8125
38,36.55,1.4500000000000028
33,35.67061904761905,-2.6706190476190486
62,57.38,4.619999999999997
46,34.49466666666667,11.505333333333333
50,41.033701298701295,8.966298701298705
54,34.94,19.060000000000002
1,16.75,-15.75
58,45.276875,12.723125000000003
0,47.49333333333333,-47.49333333333333
25,34.72777777777778,-9.727777777777781
31,34.03,-3.030000000000001
0,40.80202991452991,-40.80202991452991
45,40.46,4.539999999999999
0,28.14214675520558,-28.14214675520558
53,34.672,18.328000000000003
20,38.69,-18.689999999999998
34,23.55,10.45
7,40.11,-33.11
0,12.91,-12.91
56,43.34,12.659999999999997
55,33.43,21.57
12,35.905,-23.905
3,26.72,-23.72
2,35.6775,-33.6775
46,45.715,0.2849999999999966
62,56.44888888888889,5.551111111111112
2,7.886870245743534,-5.886870245743534
41,40.4647619047619,0.5352380952380997
24,28.66,-4.66
0,0.07559347433612137,-0.07559347433612137
69,56.06,12.939999999999998
1,47.405,-46.405
22,40.419310797046094,-18.419310797046094
46,43.09,2.9099999999999966
58,55.66,2.3400000000000034
2,22.6545,-20.6545
30,29.975,0.02499999999999858
35,32.569,2.4309999999999974
47,34.31735714285714,12.68264285714286
46,43.14,2.8599999999999994
56,50.11692307692308,5.883076923076921
36,37.62,-1.6199999999999974
45,39.26866666666667,5.731333333333332
55,31.99,23.01
57,52.24416666666667,4.755833333333328
0,12.46,-12.46
42,34.42,7.579999999999998
31,29.454285714285717,1.5457142857142827
22,42.91571428571429,-20.915714285714287
19,31.784333333333333,-12.784333333333333
9,19.025,-10.024999999999999
26,35.931999999999995,-9.931999999999995
45,40.48,4.520000000000003
57,43.11,13.89
28,38.528,-10.527999999999999
21,18.97,2.030000000000001
0,11.1625,-11.1625
25,10.60625,14.39375
0,0.19286818736818734,-0.19286818736818734
0,0.19643678869209175,-0.19643678869209175
59,19.916,39.084
23,35.97333333333333,-12.97333333333333
5,28.406666666666666,-23.406666666666666
44,49.39333333333334,-5.393333333333338
0,0.25530952380952365,-0.25530952380952365
52,38.25,13.75
0,0.18089181080357547,-0.18089181080357547
19,35.299083333333336,-16.299083333333336
43,43.31666666666667,-0.31666666666667
34,25.18,8.82
0,0.98,-0.98
0,10.76875,-10.76875
43,42.25,0.75
20,35.0375,-15.037500000000001
32,37.2,-5.200000000000003
15,28.088,-13.088000000000001
36,38.46422222222222,-2.4642222222222188
30,30.673999999999996,-0.6739999999999959
58,37.83,20.17
82,69.875,12.125
32,27.68,4.32
17,31.50666666666667,-14.506666666666671
25,30.405,-5.405000000000001
27,40.79,-13.79
44,22.86,21.14
29,32.61666666666667,-3.616666666666667
40,38.56876190476191,1.4312380952380934
0,4.240317313194788,-4.240317313194788
49,39.664,9.335999999999999
17,26.71093137254902,-9.71093137254902
77,70.03509126984129,6.964908730158712
42,40.21,1.7899999999999991
47,38.75,8.25
71,59.55212121212121,11.447878787878793
0,1.449013148938827,-1.449013148938827
79,67.34,11.659999999999997
83,37.03580952380952,45.96419047619048
25,24.18,0.8200000000000003
29,33.92,-4.920000000000002
59,32.417857142857144,26.582142857142856
50,44.32333333333333,5.676666666666669
15,37.59283333333333,-22.59283333333333
51,33.644,17.356
28,37.034,-9.033999999999999
0,11.916253968253965,-11.916253968253965
7,6.26,0.7400000000000002
61,44.93645743145744,16.06354256854256
0,0.61,-0.61
21,27.13,-6.129999999999999
0,0.0,0.0
68,41.408857142857144,26.591142857142856
35,38.075,-3.075000000000003
42,43.335,-1.3350000000000009
70,40.295095238095236,29.704904761904764
0,41.535666666666664,-41.535666666666664
24,24.88,-0.879999999999999
33,27.92571078431373,5.074289215686271
50,49.67,0.3299999999999983
20,39.50472222222222,-19.50472222222222
45,49.32,-4.32
45,43.03333333333333,1.9666666666666686
58,35.711999999999996,22.288000000000004
27,31.34516919191919,-4.34516919191919
64,70.16290476190474,-6.162904761904741
48,42.43,5.57
68,54.36142857142857,13.638571428571431
30,32.09,-2.0900000000000034
66,55.17,10.829999999999998
20,23.96,-3.960000000000001
58,54.61666666666666,3.38333333333334
3,46.417,-43.417
55,47.715476190476195,7.2845238095238045
64,54.757532467532464,9.242467532467536
52,35.614000000000004,16.385999999999996
0,3.15,-3.15
19,26.55,-7.550000000000001
66,43.68,22.32
35,37.02,-2.020000000000003
39,32.19222222222222,6.80777777777778
0,0.7501967469179239,-0.7501967469179239
27,28.265142857142855,-1.2651428571428553
2,3.54,-1.54
49,41.87,7.130000000000003
57,28.33,28.67
21,30.93,-9.93
16,27.86916666666667,-11.869166666666668
43,23.91,19.09
18,16.403333333333332,1.5966666666666676
22,23.62,-1.620000000000001
43,40.33157894736842,2.6684210526315795
34,25.91833333333333,8.08166666666667
30,34.84133333333333,-4.841333333333331
36,36.35583333333334,-0.35583333333333655
53,46.63,6.369999999999997
60,55.98,4.020000000000003
74,72.08,1.9200000000000017
19,36.468,-17.468000000000004
22,31.318571428571428,-9.318571428571428
0,11.98,-11.98
42,44.468333333333334,-2.4683333333333337
42,41.56,0.4399999999999977
75,35.758,39.242
36,32.645,3.354999999999997
2,2.2284197907355803,-0.22841979073558027
58,45.32523809523809,12.674761904761908
21,28.845,-7.844999999999999
0,6.5437142857142865,-6.5437142857142865
5,20.19,-15.190000000000001
32,37.57136363636364,-5.5713636363636425
15,28.192505971480056,-13.192505971480056
38,37.05,0.9500000000000028
68,27.58,40.42
23,31.258333333333336,-8.258333333333336
9,32.37166666666666,-23.371666666666663
49,34.81,14.189999999999998
0,19.877666666666663,-19.877666666666663
45,45.22,-0.21999999999999886
68,53.39952380952381,14.600476190476193
46,43.44,2.5600000000000023
11,17.665572392741357,-6.665572392741357
21,35.10928571428572,-14.109285714285718
22,18.08,3.9200000000000017
39,32.7421568627451,6.257843137254902
0,12.02,-12.02
36,37.50816666666667,-1.5081666666666678
30,33.082,-3.0820000000000007
0,27.08450793650794,-27.08450793650794
7,24.0025,-17.0025
0,1.6,-1.6
64,53.42833333333334,10.571666666666658
10,27.345,-17.345
1,2.47,-1.4700000000000002
50,38.725,11.274999999999999
11,29.423125,-18.423125
21,27.51,-6.510000000000002
19,29.298859649122804,-10.298859649122804
20,24.68333333333333,-4.68333333333333
17,28.8,-11.8
60,28.77,31.23
0,27.99833333333333,-27.99833333333333
45,33.75333333333333,11.24666666666667
42,43.05416666666666,-1.05416666666666
59,36.04274509803922,22.95725490196078
29,32.970232323232324,-3.970232323232324
45,45.0,0.0
0,0.0,0.0
63,54.18485714285713,8.815142857142867
13,26.17,-13.170000000000002
56,50.33,5.670000000000002
16,30.173809523809528,-14.173809523809528
62,57.89066666666667,4.109333333333332
50,50.0,0.0
75,68.3,6.700000000000003
0,20.305,-20.305
50,30.89,19.11
42,38.63,3.3699999999999974
44,40.48375,3.5162499999999994
